Using pre-set license
Built from '6000.0/staging' branch; Version is '6000.0.23f1 (1c4764c07fb4) revision 1853284'; Using compiler version '193933523'; Build Type 'Release'
OS: 'Windows 11  (10.0.22631) 64bit Professional' Language: 'en' Physical Memory: 32682 MB
BatchMode: 1, IsHumanControllingUs: 0, StartBugReporterOnCrash: 0, Is64bit: 1, IsPro: 1

COMMAND LINE ARGUMENTS:
C:\Program Files\Unity\Hub\Editor\6000.0.23f1\Editor\Unity.exe
-adb2
-batchMode
-noUpm
-name
AssetImportWorker1
-projectPath
D:/Instant Projects/Speed-Rush
-logFile
Logs/AssetImportWorker1.log
-srvPort
8278
-job-worker-count
5
-background-job-worker-count
8
-asset-garbage-collectors
1
Successfully changed project path to: D:/Instant Projects/Speed-Rush
D:/Instant Projects/Speed-Rush
[UnityMemory] Configuration Parameters - Can be set up in boot.config
    "memorysetup-bucket-allocator-granularity=16"
    "memorysetup-bucket-allocator-bucket-count=8"
    "memorysetup-bucket-allocator-block-size=33554432"
    "memorysetup-bucket-allocator-block-count=8"
    "memorysetup-main-allocator-block-size=16777216"
    "memorysetup-thread-allocator-block-size=16777216"
    "memorysetup-gfx-main-allocator-block-size=16777216"
    "memorysetup-gfx-thread-allocator-block-size=16777216"
    "memorysetup-cache-allocator-block-size=4194304"
    "memorysetup-typetree-allocator-block-size=2097152"
    "memorysetup-profiler-bucket-allocator-granularity=16"
    "memorysetup-profiler-bucket-allocator-bucket-count=8"
    "memorysetup-profiler-bucket-allocator-block-size=33554432"
    "memorysetup-profiler-bucket-allocator-block-count=8"
    "memorysetup-profiler-allocator-block-size=16777216"
    "memorysetup-profiler-editor-allocator-block-size=1048576"
    "memorysetup-temp-allocator-size-main=16777216"
    "memorysetup-job-temp-allocator-block-size=2097152"
    "memorysetup-job-temp-allocator-block-size-background=1048576"
    "memorysetup-job-temp-allocator-reduction-small-platforms=262144"
    "memorysetup-allocator-temp-initial-block-size-main=262144"
    "memorysetup-allocator-temp-initial-block-size-worker=262144"
    "memorysetup-temp-allocator-size-background-worker=32768"
    "memorysetup-temp-allocator-size-job-worker=262144"
    "memorysetup-temp-allocator-size-preload-manager=33554432"
    "memorysetup-temp-allocator-size-nav-mesh-worker=65536"
    "memorysetup-temp-allocator-size-audio-worker=65536"
    "memorysetup-temp-allocator-size-cloud-worker=32768"
    "memorysetup-temp-allocator-size-gi-baking-worker=262144"
    "memorysetup-temp-allocator-size-gi-baking-worker=262144"
    "memorysetup-temp-allocator-size-gi-baking-worker=262144"
    "memorysetup-temp-allocator-size-gi-baking-worker=262144"
    "memorysetup-temp-allocator-size-gi-baking-worker=262144"
    "memorysetup-temp-allocator-size-gfx=262144"
Player connection [4716]  Target information:

Player connection [4716]  * "[IP] 192.168.1.17 [Port] 0 [Flags] 2 [Guid] 2486389652 [EditorId] 2486389652 [Version] 1048832 [Id] WindowsEditor(7,Tanvir) [Debug] 1 [PackageName] WindowsEditor [ProjectName] Editor" 

Player connection [4716] Host joined multi-casting on [225.0.0.222:54997]...
Player connection [4716] Host joined alternative multi-casting on [225.0.0.222:34997]...
JobSystem: Creating JobQueue using job-worker-count value 5
[Physics::Module] Initialized fallback backend.
[Physics::Module] Id: 0xdecafbad
Library Redirect Path: Library/
[Physics::Module] Selected backend.
[Physics::Module] Name: PhysX
[Physics::Module] Id: 0xf2b8ea05
[Physics::Module] SDK Version: 4.1.2
[Physics::Module] Integration Version: 1.0.0
[Physics::Module] Threading Mode: Multi-Threaded
Refreshing native plugins compatible for Editor in 10.63 ms, found 2 plugins.
Preloading 0 native plugins for Editor in 0.00 ms.
Initialize engine version: 6000.0.23f1 (1c4764c07fb4)
[Subsystems] Discovering subsystems at path C:/Program Files/Unity/Hub/Editor/6000.0.23f1/Editor/Data/Resources/UnitySubsystems
[Subsystems] Discovering subsystems at path D:/Instant Projects/Speed-Rush/Assets
GfxDevice: creating device client; kGfxThreadingModeNonThreaded
Direct3D:
    Version:  Direct3D 11.0 [level 11.1]
    Renderer: NVIDIA GeForce GTX 1070 (ID=0x1b81)
    Vendor:   NVIDIA
    VRAM:     8067 MB
    Driver:   32.0.15.6603
Initialize mono
Mono path[0] = 'C:/Program Files/Unity/Hub/Editor/6000.0.23f1/Editor/Data/Managed'
Mono path[1] = 'C:/Program Files/Unity/Hub/Editor/6000.0.23f1/Editor/Data/MonoBleedingEdge/lib/mono/unityjit-win32'
Mono config path = 'C:/Program Files/Unity/Hub/Editor/6000.0.23f1/Editor/Data/MonoBleedingEdge/etc'
Using monoOptions --debugger-agent=transport=dt_socket,embedding=1,server=y,suspend=n,address=127.0.0.1:56784
Begin MonoManager ReloadAssembly
Registering precompiled unity dll's ...
Register platform support module: C:/Program Files/Unity/Hub/Editor/6000.0.23f1/Editor/Data/PlaybackEngines/WindowsStandaloneSupport/UnityEditor.WindowsStandalone.Extensions.dll
Register platform support module: C:/Program Files/Unity/Hub/Editor/6000.0.23f1/Editor/Data/PlaybackEngines/AndroidPlayer/UnityEditor.Android.Extensions.dll
Register platform support module: C:/Program Files/Unity/Hub/Editor/6000.0.23f1/Editor/Data/PlaybackEngines/iOSSupport/UnityEditor.iOS.Extensions.dll
Registered in 0.008659 seconds.
- Loaded All Assemblies, in  0.498 seconds
[usbmuxd] Start listen thread
[usbmuxd] Listen thread started
Native extension for iOS target not found
Native extension for Android target not found
Android Extension - Scanning For ADB Devices 657 ms
Native extension for WindowsStandalone target not found
Mono: successfully reloaded assembly
- Finished resetting the current domain, in  1.001 seconds
Domain Reload Profiling: 1494ms
	BeginReloadAssembly (165ms)
		ExecutionOrderSort (0ms)
		DisableScriptedObjects (0ms)
		BackupInstance (0ms)
		ReleaseScriptingObjects (0ms)
		CreateAndSetChildDomain (1ms)
	RebuildCommonClasses (47ms)
	RebuildNativeTypeToScriptingClass (10ms)
	initialDomainReloadingComplete (58ms)
	LoadAllAssembliesAndSetupDomain (212ms)
		LoadAssemblies (164ms)
		RebuildTransferFunctionScriptingTraits (0ms)
		AnalyzeDomain (205ms)
			TypeCache.Refresh (204ms)
				TypeCache.ScanAssembly (184ms)
			BuildScriptInfoCaches (0ms)
			ResolveRequiredComponents (0ms)
	FinalizeReload (1002ms)
		ReleaseScriptCaches (0ms)
		RebuildScriptCaches (0ms)
		SetupLoadedEditorAssemblies (965ms)
			LogAssemblyErrors (0ms)
			InitializePlatformSupportModulesInManaged (747ms)
			SetLoadedEditorAssemblies (3ms)
			BeforeProcessingInitializeOnLoad (5ms)
			ProcessInitializeOnLoadAttributes (144ms)
			ProcessInitializeOnLoadMethodAttributes (61ms)
			AfterProcessingInitializeOnLoad (4ms)
			EditorAssembliesLoaded (0ms)
		ExecutionOrderSort2 (0ms)
		AwakeInstancesAfterBackupRestoration (0ms)
========================================================================
Worker process is ready to serve import requests
Import Worker Mode flag is 0x00
Begin MonoManager ReloadAssembly
Assembly 'Assets/ExternalDependencyManager/Editor/Google.IOSResolver_v1.2.162.dll' will not be loaded due to errors:
Assembly name 'Google.IOSResolver' does not match file name 'Google.IOSResolver_v1.2.162'
Assembly 'Assets/ExternalDependencyManager/Editor/Google.VersionHandlerImpl_v1.2.162.dll' will not be loaded due to errors:
Assembly name 'Google.VersionHandlerImpl' does not match file name 'Google.VersionHandlerImpl_v1.2.162'
Assembly 'Assets/ExternalDependencyManager/Editor/Google.PackageManagerResolver_v1.2.162.dll' will not be loaded due to errors:
Assembly name 'Google.PackageManagerResolver' does not match file name 'Google.PackageManagerResolver_v1.2.162'
Assembly 'Assets/ExternalDependencyManager/Editor/Google.JarResolver_v1.2.162.dll' will not be loaded due to errors:
Assembly name 'Google.JarResolver' does not match file name 'Google.JarResolver_v1.2.162'
Symbol file LoadedFromMemory is not a mono symbol file
- Loaded All Assemblies, in  0.921 seconds
Refreshing native plugins compatible for Editor in 6.50 ms, found 2 plugins.
Native extension for iOS target not found
Native extension for Android target not found
Native extension for WindowsStandalone target not found
GPGSUpgrader start
UnityEngine.Debug:ExtractStackTraceNoAlloc (byte*,int,string)
UnityEngine.StackTraceUtility:ExtractStackTrace ()
UnityEngine.DebugLogHandler:Internal_Log (UnityEngine.LogType,UnityEngine.LogOption,string,UnityEngine.Object)
UnityEngine.DebugLogHandler:LogFormat (UnityEngine.LogType,UnityEngine.Object,string,object[])
UnityEngine.Logger:Log (UnityEngine.LogType,object)
UnityEngine.Debug:Log (object)
GooglePlayGames.Editor.GPGSUpgrader:.cctor () (at Assets/GooglePlayGames/Editor/GPGSUpgrader.cs:38)
System.Runtime.CompilerServices.RuntimeHelpers:RunClassConstructor (System.RuntimeTypeHandle)
UnityEditor.EditorAssemblies:ProcessInitializeOnLoadAttributes (System.Type[])

(Filename: Assets/GooglePlayGames/Editor/GPGSUpgrader.cs Line: 38)

GPGSUpgrader done
UnityEngine.Debug:ExtractStackTraceNoAlloc (byte*,int,string)
UnityEngine.StackTraceUtility:ExtractStackTrace ()
UnityEngine.DebugLogHandler:Internal_Log (UnityEngine.LogType,UnityEngine.LogOption,string,UnityEngine.Object)
UnityEngine.DebugLogHandler:LogFormat (UnityEngine.LogType,UnityEngine.Object,string,object[])
UnityEngine.Logger:Log (UnityEngine.LogType,object)
UnityEngine.Debug:Log (object)
GooglePlayGames.Editor.GPGSUpgrader:.cctor () (at Assets/GooglePlayGames/Editor/GPGSUpgrader.cs:105)
System.Runtime.CompilerServices.RuntimeHelpers:RunClassConstructor (System.RuntimeTypeHandle)
UnityEditor.EditorAssemblies:ProcessInitializeOnLoadAttributes (System.Type[])

(Filename: Assets/GooglePlayGames/Editor/GPGSUpgrader.cs Line: 105)

Refreshing native plugins compatible for Editor in 6.91 ms, found 2 plugins.
Mono: successfully reloaded assembly
- Finished resetting the current domain, in  0.966 seconds
Domain Reload Profiling: 1882ms
	BeginReloadAssembly (408ms)
		ExecutionOrderSort (0ms)
		DisableScriptedObjects (5ms)
		BackupInstance (0ms)
		ReleaseScriptingObjects (0ms)
		CreateAndSetChildDomain (28ms)
	RebuildCommonClasses (29ms)
	RebuildNativeTypeToScriptingClass (11ms)
	initialDomainReloadingComplete (35ms)
	LoadAllAssembliesAndSetupDomain (432ms)
		LoadAssemblies (308ms)
		RebuildTransferFunctionScriptingTraits (0ms)
		AnalyzeDomain (187ms)
			TypeCache.Refresh (137ms)
				TypeCache.ScanAssembly (114ms)
			BuildScriptInfoCaches (38ms)
			ResolveRequiredComponents (10ms)
	FinalizeReload (966ms)
		ReleaseScriptCaches (0ms)
		RebuildScriptCaches (0ms)
		SetupLoadedEditorAssemblies (755ms)
			LogAssemblyErrors (0ms)
			InitializePlatformSupportModulesInManaged (18ms)
			SetLoadedEditorAssemblies (3ms)
			BeforeProcessingInitializeOnLoad (39ms)
			ProcessInitializeOnLoadAttributes (543ms)
			ProcessInitializeOnLoadMethodAttributes (141ms)
			AfterProcessingInitializeOnLoad (11ms)
			EditorAssembliesLoaded (0ms)
		ExecutionOrderSort2 (0ms)
		AwakeInstancesAfterBackupRestoration (4ms)
Launched and connected shader compiler UnityShaderCompiler.exe after 0.03 seconds
Refreshing native plugins compatible for Editor in 17.42 ms, found 2 plugins.
Preloading 0 native plugins for Editor in 0.00 ms.
Unloading 56 Unused Serialized files (Serialized files now loaded: 0)
Unloading 3253 unused Assets / (1.9 MB). Loaded Objects now: 3803.
Memory consumption went from 122.4 MB to 120.5 MB.
Total: 18.366600 ms (FindLiveObjects: 0.577200 ms CreateObjectMapping: 0.612800 ms MarkObjects: 15.743200 ms  DeleteObjects: 1.432100 ms)

========================================================================
Received Import Request.
  Time since last request: 610639.880293 seconds.
  path: Assets/ExternalDependencyManager/Editor/Google.VersionHandlerImpl_v1.2.162.dll
  artifactKey: Guid(c3d0e1849bf7421e9e936bc21220099b) Importer(815301076,1909f56bfc062723c751e8b465ee728b)
Start importing Assets/ExternalDependencyManager/Editor/Google.VersionHandlerImpl_v1.2.162.dll using Guid(c3d0e1849bf7421e9e936bc21220099b) Importer(815301076,1909f56bfc062723c751e8b465ee728b) (PreviewImporter) -> (artifact id: 'ccbc5510bfd75765a32d4b3beee661bf') in 0.017627 seconds
Number of updated asset objects reloaded before import = 0Number of asset objects unloaded after import = 0

========================================================================
Received Prepare
Refreshing native plugins compatible for Editor in 6.46 ms, found 2 plugins.
Preloading 0 native plugins for Editor in 0.00 ms.
Unloading 13 Unused Serialized files (Serialized files now loaded: 0)
Unloading 3180 unused Assets / (2.9 MB). Loaded Objects now: 3805.
Memory consumption went from 110.8 MB to 107.9 MB.
Total: 9.626300 ms (FindLiveObjects: 0.296000 ms CreateObjectMapping: 0.359300 ms MarkObjects: 7.795700 ms  DeleteObjects: 1.174000 ms)

Prepare: number of updated asset objects reloaded= 0
========================================================================
Received Prepare
Begin MonoManager ReloadAssembly
Symbol file LoadedFromMemory is not a mono symbol file
- Loaded All Assemblies, in  0.524 seconds
Refreshing native plugins compatible for Editor in 6.58 ms, found 2 plugins.
Native extension for iOS target not found
Native extension for Android target not found
Native extension for WindowsStandalone target not found
GPGSUpgrader start
UnityEngine.Debug:ExtractStackTraceNoAlloc (byte*,int,string)
UnityEngine.StackTraceUtility:ExtractStackTrace ()
UnityEngine.DebugLogHandler:Internal_Log (UnityEngine.LogType,UnityEngine.LogOption,string,UnityEngine.Object)
UnityEngine.DebugLogHandler:LogFormat (UnityEngine.LogType,UnityEngine.Object,string,object[])
UnityEngine.Logger:Log (UnityEngine.LogType,object)
UnityEngine.Debug:Log (object)
GooglePlayGames.Editor.GPGSUpgrader:.cctor () (at Assets/GooglePlayGames/Editor/GPGSUpgrader.cs:38)
System.Runtime.CompilerServices.RuntimeHelpers:RunClassConstructor (System.RuntimeTypeHandle)
UnityEditor.EditorAssemblies:ProcessInitializeOnLoadAttributes (System.Type[])

(Filename: Assets/GooglePlayGames/Editor/GPGSUpgrader.cs Line: 38)

GPGSUpgrader done
UnityEngine.Debug:ExtractStackTraceNoAlloc (byte*,int,string)
UnityEngine.StackTraceUtility:ExtractStackTrace ()
UnityEngine.DebugLogHandler:Internal_Log (UnityEngine.LogType,UnityEngine.LogOption,string,UnityEngine.Object)
UnityEngine.DebugLogHandler:LogFormat (UnityEngine.LogType,UnityEngine.Object,string,object[])
UnityEngine.Logger:Log (UnityEngine.LogType,object)
UnityEngine.Debug:Log (object)
GooglePlayGames.Editor.GPGSUpgrader:.cctor () (at Assets/GooglePlayGames/Editor/GPGSUpgrader.cs:105)
System.Runtime.CompilerServices.RuntimeHelpers:RunClassConstructor (System.RuntimeTypeHandle)
UnityEditor.EditorAssemblies:ProcessInitializeOnLoadAttributes (System.Type[])

(Filename: Assets/GooglePlayGames/Editor/GPGSUpgrader.cs Line: 105)

Mono: successfully reloaded assembly
- Finished resetting the current domain, in  0.840 seconds
Domain Reload Profiling: 1360ms
	BeginReloadAssembly (155ms)
		ExecutionOrderSort (0ms)
		DisableScriptedObjects (5ms)
		BackupInstance (0ms)
		ReleaseScriptingObjects (0ms)
		CreateAndSetChildDomain (50ms)
	RebuildCommonClasses (35ms)
	RebuildNativeTypeToScriptingClass (10ms)
	initialDomainReloadingComplete (24ms)
	LoadAllAssembliesAndSetupDomain (296ms)
		LoadAssemblies (248ms)
		RebuildTransferFunctionScriptingTraits (0ms)
		AnalyzeDomain (113ms)
			TypeCache.Refresh (43ms)
				TypeCache.ScanAssembly (35ms)
			BuildScriptInfoCaches (64ms)
			ResolveRequiredComponents (3ms)
	FinalizeReload (840ms)
		ReleaseScriptCaches (0ms)
		RebuildScriptCaches (0ms)
		SetupLoadedEditorAssemblies (643ms)
			LogAssemblyErrors (0ms)
			InitializePlatformSupportModulesInManaged (17ms)
			SetLoadedEditorAssemblies (3ms)
			BeforeProcessingInitializeOnLoad (42ms)
			ProcessInitializeOnLoadAttributes (456ms)
			ProcessInitializeOnLoadMethodAttributes (112ms)
			AfterProcessingInitializeOnLoad (13ms)
			EditorAssembliesLoaded (0ms)
		ExecutionOrderSort2 (0ms)
		AwakeInstancesAfterBackupRestoration (7ms)
Refreshing native plugins compatible for Editor in 7.35 ms, found 2 plugins.
Preloading 0 native plugins for Editor in 0.00 ms.
Unloading 13 Unused Serialized files (Serialized files now loaded: 0)
Unloading 3247 unused Assets / (2.9 MB). Loaded Objects now: 3805.
Memory consumption went from 112.5 MB to 109.6 MB.
Total: 11.371900 ms (FindLiveObjects: 0.337800 ms CreateObjectMapping: 0.168300 ms MarkObjects: 9.807500 ms  DeleteObjects: 1.057600 ms)

Prepare: number of updated asset objects reloaded= 0
========================================================================
Received Prepare
Begin MonoManager ReloadAssembly
Symbol file LoadedFromMemory is not a mono symbol file
- Loaded All Assemblies, in  0.502 seconds
Refreshing native plugins compatible for Editor in 6.77 ms, found 2 plugins.
Native extension for iOS target not found
Native extension for Android target not found
Native extension for WindowsStandalone target not found
GPGSUpgrader start
UnityEngine.Debug:ExtractStackTraceNoAlloc (byte*,int,string)
UnityEngine.StackTraceUtility:ExtractStackTrace ()
UnityEngine.DebugLogHandler:Internal_Log (UnityEngine.LogType,UnityEngine.LogOption,string,UnityEngine.Object)
UnityEngine.DebugLogHandler:LogFormat (UnityEngine.LogType,UnityEngine.Object,string,object[])
UnityEngine.Logger:Log (UnityEngine.LogType,object)
UnityEngine.Debug:Log (object)
GooglePlayGames.Editor.GPGSUpgrader:.cctor () (at Assets/GooglePlayGames/Editor/GPGSUpgrader.cs:38)
System.Runtime.CompilerServices.RuntimeHelpers:RunClassConstructor (System.RuntimeTypeHandle)
UnityEditor.EditorAssemblies:ProcessInitializeOnLoadAttributes (System.Type[])

(Filename: Assets/GooglePlayGames/Editor/GPGSUpgrader.cs Line: 38)

GPGSUpgrader done
UnityEngine.Debug:ExtractStackTraceNoAlloc (byte*,int,string)
UnityEngine.StackTraceUtility:ExtractStackTrace ()
UnityEngine.DebugLogHandler:Internal_Log (UnityEngine.LogType,UnityEngine.LogOption,string,UnityEngine.Object)
UnityEngine.DebugLogHandler:LogFormat (UnityEngine.LogType,UnityEngine.Object,string,object[])
UnityEngine.Logger:Log (UnityEngine.LogType,object)
UnityEngine.Debug:Log (object)
GooglePlayGames.Editor.GPGSUpgrader:.cctor () (at Assets/GooglePlayGames/Editor/GPGSUpgrader.cs:105)
System.Runtime.CompilerServices.RuntimeHelpers:RunClassConstructor (System.RuntimeTypeHandle)
UnityEditor.EditorAssemblies:ProcessInitializeOnLoadAttributes (System.Type[])

(Filename: Assets/GooglePlayGames/Editor/GPGSUpgrader.cs Line: 105)

Mono: successfully reloaded assembly
- Finished resetting the current domain, in  0.989 seconds
Domain Reload Profiling: 1488ms
	BeginReloadAssembly (159ms)
		ExecutionOrderSort (0ms)
		DisableScriptedObjects (9ms)
		BackupInstance (0ms)
		ReleaseScriptingObjects (0ms)
		CreateAndSetChildDomain (42ms)
	RebuildCommonClasses (28ms)
	RebuildNativeTypeToScriptingClass (9ms)
	initialDomainReloadingComplete (25ms)
	LoadAllAssembliesAndSetupDomain (276ms)
		LoadAssemblies (254ms)
		RebuildTransferFunctionScriptingTraits (0ms)
		AnalyzeDomain (89ms)
			TypeCache.Refresh (4ms)
				TypeCache.ScanAssembly (0ms)
			BuildScriptInfoCaches (80ms)
			ResolveRequiredComponents (3ms)
	FinalizeReload (990ms)
		ReleaseScriptCaches (0ms)
		RebuildScriptCaches (0ms)
		SetupLoadedEditorAssemblies (805ms)
			LogAssemblyErrors (0ms)
			InitializePlatformSupportModulesInManaged (16ms)
			SetLoadedEditorAssemblies (2ms)
			BeforeProcessingInitializeOnLoad (39ms)
			ProcessInitializeOnLoadAttributes (575ms)
			ProcessInitializeOnLoadMethodAttributes (160ms)
			AfterProcessingInitializeOnLoad (13ms)
			EditorAssembliesLoaded (0ms)
		ExecutionOrderSort2 (0ms)
		AwakeInstancesAfterBackupRestoration (4ms)
Refreshing native plugins compatible for Editor in 8.57 ms, found 2 plugins.
Preloading 0 native plugins for Editor in 0.00 ms.
Unloading 13 Unused Serialized files (Serialized files now loaded: 0)
Unloading 3247 unused Assets / (3.2 MB). Loaded Objects now: 3805.
Memory consumption went from 112.5 MB to 109.3 MB.
Total: 11.716000 ms (FindLiveObjects: 0.401200 ms CreateObjectMapping: 0.219500 ms MarkObjects: 9.609000 ms  DeleteObjects: 1.485300 ms)

Prepare: number of updated asset objects reloaded= 0
========================================================================
Received Import Request.
  Time since last request: 1591.845054 seconds.
  path: Assets/Portal.png
  artifactKey: Guid(e4c8f436f6f72364192bcd8335a515b6) Importer(2089858483,192608db42251d675da83286b1cce702)
Start importing Assets/Portal.png using Guid(e4c8f436f6f72364192bcd8335a515b6) Importer(2089858483,192608db42251d675da83286b1cce702) (ScriptedImporter) -> (artifact id: '135059e302d71e9dd9461f2b59afa780') in 0.1158168 seconds
Number of updated asset objects reloaded before import = 0Number of asset objects unloaded after import = 3

========================================================================
Received Import Request.
  Time since last request: 0.000017 seconds.
  path: Assets/GooglePlayGames/Editor/GPGSPostBuild.cs
  artifactKey: Guid(1a7b050a8e8214613893df7d81dcc13c) Importer(2089858483,192608db42251d675da83286b1cce702)
Start importing Assets/GooglePlayGames/Editor/GPGSPostBuild.cs using Guid(1a7b050a8e8214613893df7d81dcc13c) Importer(2089858483,192608db42251d675da83286b1cce702) (ScriptedImporter) -> (artifact id: 'a09db81fa7796d978f887a2d069dd072') in 0.0056163 seconds
Number of updated asset objects reloaded before import = 0Number of asset objects unloaded after import = 0

========================================================================
Received Import Request.
  Time since last request: 0.000052 seconds.
  path: Assets/GooglePlayGames/Editor/GPGSUpgrader.cs
  artifactKey: Guid(357a64420a0c44b61a0ed7ca22c7f10f) Importer(2089858483,192608db42251d675da83286b1cce702)
Start importing Assets/GooglePlayGames/Editor/GPGSUpgrader.cs using Guid(357a64420a0c44b61a0ed7ca22c7f10f) Importer(2089858483,192608db42251d675da83286b1cce702) (ScriptedImporter) -> (artifact id: 'c6fcfaa276e31454304f80ba240cc3b1') in 0.0045793 seconds
Number of updated asset objects reloaded before import = 0Number of asset objects unloaded after import = 0

========================================================================
Received Import Request.
  Time since last request: 0.000042 seconds.
  path: Assets/Game GUI Vol1/PreviewScenes/PurpleRockPreview.unity
  artifactKey: Guid(9d9e693198fa7457286d9938465e29aa) Importer(2089858483,192608db42251d675da83286b1cce702)
Start importing Assets/Game GUI Vol1/PreviewScenes/PurpleRockPreview.unity using Guid(9d9e693198fa7457286d9938465e29aa) Importer(2089858483,192608db42251d675da83286b1cce702) (ScriptedImporter) -> (artifact id: '25563fae019cf792a36b79c4bacea25f') in 0.0102866 seconds
Number of updated asset objects reloaded before import = 0Number of asset objects unloaded after import = 1

========================================================================
Received Import Request.
  Time since last request: 0.000049 seconds.
  path: Assets/GoogleMobileAds/Api/CustomNativeTemplateAd.cs
  artifactKey: Guid(6f029b4086c1141ffad2e59dd23f14f4) Importer(2089858483,192608db42251d675da83286b1cce702)
Start importing Assets/GoogleMobileAds/Api/CustomNativeTemplateAd.cs using Guid(6f029b4086c1141ffad2e59dd23f14f4) Importer(2089858483,192608db42251d675da83286b1cce702) (ScriptedImporter) -> (artifact id: '61f7427767b3f0bf0ecac6f4e9987e83') in 0.0053597 seconds
Number of updated asset objects reloaded before import = 0Number of asset objects unloaded after import = 0

========================================================================
Received Import Request.
  Time since last request: 0.000053 seconds.
  path: Assets/GooglePlayGames/Editor/GPGSUtil.cs
  artifactKey: Guid(fd01714f9ee99447996b878b1ac67540) Importer(2089858483,192608db42251d675da83286b1cce702)
Start importing Assets/GooglePlayGames/Editor/GPGSUtil.cs using Guid(fd01714f9ee99447996b878b1ac67540) Importer(2089858483,192608db42251d675da83286b1cce702) (ScriptedImporter) -> (artifact id: 'b98cb7e8b6cce81a96b3d04b768dda84') in 0.0058082 seconds
Number of updated asset objects reloaded before import = 0Number of asset objects unloaded after import = 0

========================================================================
Received Import Request.
  Time since last request: 0.000053 seconds.
  path: Assets/GooglePlayGames/BasicApi/Achievement.cs
  artifactKey: Guid(b20fc2fda369044ba962d1d9115c4c63) Importer(2089858483,192608db42251d675da83286b1cce702)
Start importing Assets/GooglePlayGames/BasicApi/Achievement.cs using Guid(b20fc2fda369044ba962d1d9115c4c63) Importer(2089858483,192608db42251d675da83286b1cce702) (ScriptedImporter) -> (artifact id: 'f4019539377a47d8c0305a17711613e5') in 0.0047241 seconds
Number of updated asset objects reloaded before import = 0Number of asset objects unloaded after import = 0

========================================================================
Received Import Request.
  Time since last request: 0.000064 seconds.
  path: Assets/GooglePlayGames/ISocialPlatform/PlayGamesLocalUser.cs
  artifactKey: Guid(3b5f03fe051cb4a41a3b5489bd63c24c) Importer(2089858483,192608db42251d675da83286b1cce702)
Start importing Assets/GooglePlayGames/ISocialPlatform/PlayGamesLocalUser.cs using Guid(3b5f03fe051cb4a41a3b5489bd63c24c) Importer(2089858483,192608db42251d675da83286b1cce702) (ScriptedImporter) -> (artifact id: '6ae6c627e485cd5b85afc861edf47f51') in 0.0064618 seconds
Number of updated asset objects reloaded before import = 0Number of asset objects unloaded after import = 0

========================================================================
Received Import Request.
  Time since last request: 0.000017 seconds.
  path: Assets/GooglePlayGames/BasicApi/SignInStatus.cs
  artifactKey: Guid(0992bc2597d741e59dc3f8c963a3ca25) Importer(2089858483,192608db42251d675da83286b1cce702)
Start importing Assets/GooglePlayGames/BasicApi/SignInStatus.cs using Guid(0992bc2597d741e59dc3f8c963a3ca25) Importer(2089858483,192608db42251d675da83286b1cce702) (ScriptedImporter) -> (artifact id: '3e1a7fcdfb3208fc4434c7be0d4d02b8') in 0.0047808 seconds
Number of updated asset objects reloaded before import = 0Number of asset objects unloaded after import = 0

========================================================================
Received Import Request.
  Time since last request: 0.000062 seconds.
  path: Assets/Test game/tEST.unity
  artifactKey: Guid(6ab8f48d6f199d947bed3574a9a9c6cc) Importer(2089858483,192608db42251d675da83286b1cce702)
Start importing Assets/Test game/tEST.unity using Guid(6ab8f48d6f199d947bed3574a9a9c6cc) Importer(2089858483,192608db42251d675da83286b1cce702) (ScriptedImporter) -> (artifact id: 'b5206a467d434e9ec1ddacf6889551d7') in 0.0077226 seconds
Number of updated asset objects reloaded before import = 0Number of asset objects unloaded after import = 1

========================================================================
Received Import Request.
  Time since last request: 0.000042 seconds.
  path: Assets/Animation/Enemy/Enemy 3 rotator.controller
  artifactKey: Guid(d2df14c9f69972940a0ae0d712cb71b7) Importer(2089858483,192608db42251d675da83286b1cce702)
Start importing Assets/Animation/Enemy/Enemy 3 rotator.controller using Guid(d2df14c9f69972940a0ae0d712cb71b7) Importer(2089858483,192608db42251d675da83286b1cce702) (ScriptedImporter) -> (artifact id: 'd46b8ceebd2c14ac7949a9e775c2c9ac') in 0.0063623 seconds
Number of updated asset objects reloaded before import = 0Number of asset objects unloaded after import = 4

========================================================================
Received Import Request.
  Time since last request: 0.000012 seconds.
  path: Assets/GooglePlayGames/Editor/GPGSDocsUI.cs
  artifactKey: Guid(73cbcab28a27446ff9e06e06a040814f) Importer(2089858483,192608db42251d675da83286b1cce702)
Start importing Assets/GooglePlayGames/Editor/GPGSDocsUI.cs using Guid(73cbcab28a27446ff9e06e06a040814f) Importer(2089858483,192608db42251d675da83286b1cce702) (ScriptedImporter) -> (artifact id: 'adcf430a3754cfd725945c0ceb8b11aa') in 0.0065559 seconds
Number of updated asset objects reloaded before import = 0Number of asset objects unloaded after import = 0

========================================================================
Received Import Request.
  Time since last request: 0.000052 seconds.
  path: Assets/GooglePlayGames/BasicApi/ScorePageToken.cs
  artifactKey: Guid(3eade9d49f3e341ddb2ba8209e7ddf42) Importer(2089858483,192608db42251d675da83286b1cce702)
Start importing Assets/GooglePlayGames/BasicApi/ScorePageToken.cs using Guid(3eade9d49f3e341ddb2ba8209e7ddf42) Importer(2089858483,192608db42251d675da83286b1cce702) (ScriptedImporter) -> (artifact id: 'bebc7cb51759e5f3bf8a38a41e9d6dda') in 0.0048694 seconds
Number of updated asset objects reloaded before import = 0Number of asset objects unloaded after import = 0

========================================================================
Received Import Request.
  Time since last request: 0.000062 seconds.
  path: Assets/GoogleMobileAds/Api/RewardedAd.cs
  artifactKey: Guid(c1b2846f99e3544d18adc12c74a8adb0) Importer(2089858483,192608db42251d675da83286b1cce702)
Start importing Assets/GoogleMobileAds/Api/RewardedAd.cs using Guid(c1b2846f99e3544d18adc12c74a8adb0) Importer(2089858483,192608db42251d675da83286b1cce702) (ScriptedImporter) -> (artifact id: 'a8304b5e874663766af1ef784a601cbc') in 0.0050989 seconds
Number of updated asset objects reloaded before import = 0Number of asset objects unloaded after import = 0

========================================================================
Received Import Request.
  Time since last request: 0.000064 seconds.
  path: Assets/GooglePlayGames/GameInfo.cs
  artifactKey: Guid(a722d413080904cc1bd07f4db21e1af1) Importer(2089858483,192608db42251d675da83286b1cce702)
Start importing Assets/GooglePlayGames/GameInfo.cs using Guid(a722d413080904cc1bd07f4db21e1af1) Importer(2089858483,192608db42251d675da83286b1cce702) (ScriptedImporter) -> (artifact id: '724f23daacd849794e94ad4ae4175bec') in 0.0053858 seconds
Number of updated asset objects reloaded before import = 0Number of asset objects unloaded after import = 0

========================================================================
Received Import Request.
  Time since last request: 0.000065 seconds.
  path: Assets/Sprite/Buttons.png
  artifactKey: Guid(793536f00eb61d54d8502b52e97cf813) Importer(2089858483,192608db42251d675da83286b1cce702)
Start importing Assets/Sprite/Buttons.png using Guid(793536f00eb61d54d8502b52e97cf813) Importer(2089858483,192608db42251d675da83286b1cce702) (ScriptedImporter) -> (artifact id: 'cd5986bf63e13aed7655e60231db96a7') in 0.0181601 seconds
Number of updated asset objects reloaded before import = 0Number of asset objects unloaded after import = 3

========================================================================
Received Import Request.
  Time since last request: 0.000016 seconds.
  path: Assets/GoogleMobileAds/Common/AdLoaderClientArgs.cs
  artifactKey: Guid(23e3d6260580e4c4cbe99b4a168121e9) Importer(2089858483,192608db42251d675da83286b1cce702)
Start importing Assets/GoogleMobileAds/Common/AdLoaderClientArgs.cs using Guid(23e3d6260580e4c4cbe99b4a168121e9) Importer(2089858483,192608db42251d675da83286b1cce702) (ScriptedImporter) -> (artifact id: '2ea841f635151a3e6495d41ad76df559') in 0.0045664 seconds
Number of updated asset objects reloaded before import = 0Number of asset objects unloaded after import = 0

========================================================================
Received Import Request.
  Time since last request: 0.000052 seconds.
  path: Assets/GooglePlayGames/Editor/NearbyConnectionUI.cs
  artifactKey: Guid(b64332a502e18436da5652adbf7e24a3) Importer(2089858483,192608db42251d675da83286b1cce702)
Start importing Assets/GooglePlayGames/Editor/NearbyConnectionUI.cs using Guid(b64332a502e18436da5652adbf7e24a3) Importer(2089858483,192608db42251d675da83286b1cce702) (ScriptedImporter) -> (artifact id: 'd96ee96e44866ae05d5d62109932d420') in 0.0045254 seconds
Number of updated asset objects reloaded before import = 0Number of asset objects unloaded after import = 0

========================================================================
Received Import Request.
  Time since last request: 0.000057 seconds.
  path: Assets/Game GUI Vol1/PreviewScenes/LazyDayPreview.unity
  artifactKey: Guid(6eca9183e1ad4486fa4c6b5b005fbf36) Importer(2089858483,192608db42251d675da83286b1cce702)
Start importing Assets/Game GUI Vol1/PreviewScenes/LazyDayPreview.unity using Guid(6eca9183e1ad4486fa4c6b5b005fbf36) Importer(2089858483,192608db42251d675da83286b1cce702) (ScriptedImporter) -> (artifact id: '511ec4d3d9bda0ebded96bea0b4bc883') in 0.0092522 seconds
Number of updated asset objects reloaded before import = 0Number of asset objects unloaded after import = 1

========================================================================
Received Import Request.
  Time since last request: 0.000033 seconds.
  path: Assets/GoogleMobileAds/Common/IAdLoaderClient.cs
  artifactKey: Guid(e703b22fc2fa4419585d4be4933b84f9) Importer(2089858483,192608db42251d675da83286b1cce702)
Start importing Assets/GoogleMobileAds/Common/IAdLoaderClient.cs using Guid(e703b22fc2fa4419585d4be4933b84f9) Importer(2089858483,192608db42251d675da83286b1cce702) (ScriptedImporter) -> (artifact id: '77358dca7b88bc0af8c54e90815cdd3a') in 0.0057648 seconds
Number of updated asset objects reloaded before import = 0Number of asset objects unloaded after import = 0

========================================================================
Received Import Request.
  Time since last request: 0.000046 seconds.
  path: Assets/GooglePlayGames/Editor/GPGSAndroidSetupUI.cs
  artifactKey: Guid(41fe658b93aa24c709c540575965fdff) Importer(2089858483,192608db42251d675da83286b1cce702)
Start importing Assets/GooglePlayGames/Editor/GPGSAndroidSetupUI.cs using Guid(41fe658b93aa24c709c540575965fdff) Importer(2089858483,192608db42251d675da83286b1cce702) (ScriptedImporter) -> (artifact id: '8c83e16ed690f8f4e48ee2224a45f758') in 0.0054181 seconds
Number of updated asset objects reloaded before import = 0Number of asset objects unloaded after import = 0

========================================================================
Received Import Request.
  Time since last request: 0.000057 seconds.
  path: Assets/GooglePlayGames/Editor/GPGSStrings.cs
  artifactKey: Guid(992ecb564cf02408d9c5a1b44d958334) Importer(2089858483,192608db42251d675da83286b1cce702)
Start importing Assets/GooglePlayGames/Editor/GPGSStrings.cs using Guid(992ecb564cf02408d9c5a1b44d958334) Importer(2089858483,192608db42251d675da83286b1cce702) (ScriptedImporter) -> (artifact id: '2772082085ad975bff74320f79210edc') in 0.0061936 seconds
Number of updated asset objects reloaded before import = 0Number of asset objects unloaded after import = 0

========================================================================
Received Import Request.
  Time since last request: 0.000053 seconds.
  path: Assets/GooglePlayGames/OurUtils/Misc.cs
  artifactKey: Guid(ee52269f55933442fa5ea52e688ebec2) Importer(2089858483,192608db42251d675da83286b1cce702)
Start importing Assets/GooglePlayGames/OurUtils/Misc.cs using Guid(ee52269f55933442fa5ea52e688ebec2) Importer(2089858483,192608db42251d675da83286b1cce702) (ScriptedImporter) -> (artifact id: 'fc82b74948721b078d5137f7e18dc6d5') in 0.0042231 seconds
Number of updated asset objects reloaded before import = 0Number of asset objects unloaded after import = 0

========================================================================
Received Import Request.
  Time since last request: 0.000064 seconds.
  path: Assets/GoogleMobileAds/Platforms/GoogleMobileAdsClientFactory.cs
  artifactKey: Guid(6282c3acdf4eb41cebb4eae72326ba2e) Importer(2089858483,192608db42251d675da83286b1cce702)
Start importing Assets/GoogleMobileAds/Platforms/GoogleMobileAdsClientFactory.cs using Guid(6282c3acdf4eb41cebb4eae72326ba2e) Importer(2089858483,192608db42251d675da83286b1cce702) (ScriptedImporter) -> (artifact id: '09418fa2b930fbd4efdc8762f029e0ca') in 0.0049714 seconds
Number of updated asset objects reloaded before import = 0Number of asset objects unloaded after import = 0

========================================================================
Received Import Request.
  Time since last request: 0.000065 seconds.
  path: Assets/Audio/Infraction - Disco Music Background Music (Royalty Free Music) (No Copyright music) My Disco.mp3
  artifactKey: Guid(2ede545a1b3018c48b4b430efe8f5fac) Importer(2089858483,192608db42251d675da83286b1cce702)
Start importing Assets/Audio/Infraction - Disco Music Background Music (Royalty Free Music) (No Copyright music) My Disco.mp3 using Guid(2ede545a1b3018c48b4b430efe8f5fac) Importer(2089858483,192608db42251d675da83286b1cce702) (ScriptedImporter) -> (artifact id: '6d59f7bfb010cc47a301841582fb0ea1') in 0.029197 seconds
Number of updated asset objects reloaded before import = 0Number of asset objects unloaded after import = 1

========================================================================
Received Import Request.
  Time since last request: 0.000037 seconds.
  path: Assets/GoogleMobileAds/Common/IInterstitialClient.cs
  artifactKey: Guid(45adb5cd8be674c93bed0f4d40a6deec) Importer(2089858483,192608db42251d675da83286b1cce702)
Start importing Assets/GoogleMobileAds/Common/IInterstitialClient.cs using Guid(45adb5cd8be674c93bed0f4d40a6deec) Importer(2089858483,192608db42251d675da83286b1cce702) (ScriptedImporter) -> (artifact id: 'de154096755aefdc3f737ee6a2ef36ed') in 0.0048156 seconds
Number of updated asset objects reloaded before import = 0Number of asset objects unloaded after import = 0

========================================================================
Received Import Request.
  Time since last request: 0.000032 seconds.
  path: Assets/GoogleMobileAds/Editor/GoogleMobileAdsSettings.cs
  artifactKey: Guid(a187246822bbb47529482707f3e0eff8) Importer(2089858483,192608db42251d675da83286b1cce702)
Start importing Assets/GoogleMobileAds/Editor/GoogleMobileAdsSettings.cs using Guid(a187246822bbb47529482707f3e0eff8) Importer(2089858483,192608db42251d675da83286b1cce702) (ScriptedImporter) -> (artifact id: '476248665b0fe0ee49a1490c4293e0c8') in 0.0052714 seconds
Number of updated asset objects reloaded before import = 0Number of asset objects unloaded after import = 0

========================================================================
Received Import Request.
  Time since last request: 0.000054 seconds.
  path: Assets/GooglePlayGames/ISocialPlatform/PlayGamesLeaderboard.cs
  artifactKey: Guid(a027e4767bd0f41509b9ef6bd2f6080e) Importer(2089858483,192608db42251d675da83286b1cce702)
Start importing Assets/GooglePlayGames/ISocialPlatform/PlayGamesLeaderboard.cs using Guid(a027e4767bd0f41509b9ef6bd2f6080e) Importer(2089858483,192608db42251d675da83286b1cce702) (ScriptedImporter) -> (artifact id: '27fd075be5c8056365d474d452fbc659') in 0.0042616 seconds
Number of updated asset objects reloaded before import = 0Number of asset objects unloaded after import = 0

========================================================================
Received Import Request.
  Time since last request: 0.000070 seconds.
  path: Assets/Test game/GameScene.unity
  artifactKey: Guid(967cb5daff65bde46a0b3d11106cfad3) Importer(2089858483,192608db42251d675da83286b1cce702)
Start importing Assets/Test game/GameScene.unity using Guid(967cb5daff65bde46a0b3d11106cfad3) Importer(2089858483,192608db42251d675da83286b1cce702) (ScriptedImporter) -> (artifact id: 'abbd353848319ab8ce78df0bda5118c3') in 0.0182849 seconds
Number of updated asset objects reloaded before import = 0Number of asset objects unloaded after import = 1

========================================================================
Received Import Request.
  Time since last request: 0.000045 seconds.
  path: Assets/GoogleMobileAds/Api/RewardBasedVideoAd.cs
  artifactKey: Guid(c37b2a1ea20574580af643f02302c484) Importer(2089858483,192608db42251d675da83286b1cce702)
Start importing Assets/GoogleMobileAds/Api/RewardBasedVideoAd.cs using Guid(c37b2a1ea20574580af643f02302c484) Importer(2089858483,192608db42251d675da83286b1cce702) (ScriptedImporter) -> (artifact id: 'a005f29d3dcd46a1e14755a87d01610d') in 0.0055435 seconds
Number of updated asset objects reloaded before import = 0Number of asset objects unloaded after import = 0

========================================================================
Received Import Request.
  Time since last request: 0.000044 seconds.
  path: Assets/GooglePlayGames/BasicApi/CommonStatusCodes.cs
  artifactKey: Guid(cd54f7a2763f74ce191bdd3efa0a44d5) Importer(2089858483,192608db42251d675da83286b1cce702)
Start importing Assets/GooglePlayGames/BasicApi/CommonStatusCodes.cs using Guid(cd54f7a2763f74ce191bdd3efa0a44d5) Importer(2089858483,192608db42251d675da83286b1cce702) (ScriptedImporter) -> (artifact id: 'd1ac9333929a3923e42b94f5b0ef321b') in 0.0047691 seconds
Number of updated asset objects reloaded before import = 0Number of asset objects unloaded after import = 0

========================================================================
Received Import Request.
  Time since last request: 0.000040 seconds.
  path: Assets/Audio/Monkey mp3.mp3
  artifactKey: Guid(6199fbc4b41a403469aa99803c417c50) Importer(2089858483,192608db42251d675da83286b1cce702)
Start importing Assets/Audio/Monkey mp3.mp3 using Guid(6199fbc4b41a403469aa99803c417c50) Importer(2089858483,192608db42251d675da83286b1cce702) (ScriptedImporter) -> (artifact id: 'fc2c30150d74f8a8e27fc0c66d9ab768') in 0.0210682 seconds
Number of updated asset objects reloaded before import = 0Number of asset objects unloaded after import = 1

========================================================================
Received Import Request.
  Time since last request: 0.000055 seconds.
  path: Assets/Game GUI Vol1/PreviewScenes/WoodenBlocksPreview.unity
  artifactKey: Guid(dcfe36e1c2d6e4907abdfb99d12d9416) Importer(2089858483,192608db42251d675da83286b1cce702)
Start importing Assets/Game GUI Vol1/PreviewScenes/WoodenBlocksPreview.unity using Guid(dcfe36e1c2d6e4907abdfb99d12d9416) Importer(2089858483,192608db42251d675da83286b1cce702) (ScriptedImporter) -> (artifact id: 'f6f00f309b07970435a4bc2eaebebef4') in 0.0082714 seconds
Number of updated asset objects reloaded before import = 0Number of asset objects unloaded after import = 1

========================================================================
Received Import Request.
  Time since last request: 0.000015 seconds.
  path: Assets/GoogleMobileAds/Common/IBannerClient.cs
  artifactKey: Guid(622f4e1f14d7c4b889ca12eb78235e05) Importer(2089858483,192608db42251d675da83286b1cce702)
Start importing Assets/GoogleMobileAds/Common/IBannerClient.cs using Guid(622f4e1f14d7c4b889ca12eb78235e05) Importer(2089858483,192608db42251d675da83286b1cce702) (ScriptedImporter) -> (artifact id: '4a2ab9d1c87ea38c96d62ed1a4f6952c') in 0.0051465 seconds
Number of updated asset objects reloaded before import = 0Number of asset objects unloaded after import = 0

========================================================================
Received Import Request.
  Time since last request: 0.000042 seconds.
  path: Assets/GoogleMobileAds/Api/AdLoader.cs
  artifactKey: Guid(f5474196001554b6da135319d9475e61) Importer(2089858483,192608db42251d675da83286b1cce702)
Start importing Assets/GoogleMobileAds/Api/AdLoader.cs using Guid(f5474196001554b6da135319d9475e61) Importer(2089858483,192608db42251d675da83286b1cce702) (ScriptedImporter) -> (artifact id: 'e88f76924e25e43604bb8431d493e0a5') in 0.0043132 seconds
Number of updated asset objects reloaded before import = 0Number of asset objects unloaded after import = 0

========================================================================
Received Import Request.
  Time since last request: 0.000051 seconds.
  path: Assets/GooglePlayGames/Editor/GooglePlayGamesPlugin_v0.10.12.txt
  artifactKey: Guid(693a823b8f0ad41fe8231a1b1c8a50da) Importer(2089858483,192608db42251d675da83286b1cce702)
Start importing Assets/GooglePlayGames/Editor/GooglePlayGamesPlugin_v0.10.12.txt using Guid(693a823b8f0ad41fe8231a1b1c8a50da) Importer(2089858483,192608db42251d675da83286b1cce702) (ScriptedImporter) -> (artifact id: '0f6147f272124b02042dd59fb6bdca2b') in 0.0068601 seconds
Number of updated asset objects reloaded before import = 0Number of asset objects unloaded after import = 1

========================================================================
Received Import Request.
  Time since last request: 0.000044 seconds.
  path: Assets/GoogleMobileAds/Api/InterstitialAd.cs
  artifactKey: Guid(8e2900126dc684a6aaa9b7afc920845a) Importer(2089858483,192608db42251d675da83286b1cce702)
Start importing Assets/GoogleMobileAds/Api/InterstitialAd.cs using Guid(8e2900126dc684a6aaa9b7afc920845a) Importer(2089858483,192608db42251d675da83286b1cce702) (ScriptedImporter) -> (artifact id: '68eea1ab73586fb2c256815e355b4ee6') in 0.0053783 seconds
Number of updated asset objects reloaded before import = 0Number of asset objects unloaded after import = 0

========================================================================
Received Import Request.
  Time since last request: 0.000050 seconds.
  path: Assets/GooglePlayGames/BasicApi/PlayGamesClientConfiguration.cs
  artifactKey: Guid(1745f86410be744efb109ca787dd4a54) Importer(2089858483,192608db42251d675da83286b1cce702)
Start importing Assets/GooglePlayGames/BasicApi/PlayGamesClientConfiguration.cs using Guid(1745f86410be744efb109ca787dd4a54) Importer(2089858483,192608db42251d675da83286b1cce702) (ScriptedImporter) -> (artifact id: 'bf2862ca8a018f569244d4fd8e46a0fb') in 0.0045429 seconds
Number of updated asset objects reloaded before import = 0Number of asset objects unloaded after import = 0

========================================================================
Received Import Request.
  Time since last request: 0.000041 seconds.
  path: Assets/Audio/Monkey wav.wav
  artifactKey: Guid(1362245713a64dd49b5c82dce0525298) Importer(2089858483,192608db42251d675da83286b1cce702)
Start importing Assets/Audio/Monkey wav.wav using Guid(1362245713a64dd49b5c82dce0525298) Importer(2089858483,192608db42251d675da83286b1cce702) (ScriptedImporter) -> (artifact id: '40d9fefb5bd9d520cf28a41714eaf5c1') in 0.0260727 seconds
Number of updated asset objects reloaded before import = 0Number of asset objects unloaded after import = 1

========================================================================
Received Import Request.
  Time since last request: 0.000013 seconds.
  path: Assets/GoogleMobileAds/Common/ICustomNativeTemplateClient.cs
  artifactKey: Guid(c23272b29f0a84084a2f13f05389c1fc) Importer(2089858483,192608db42251d675da83286b1cce702)
Start importing Assets/GoogleMobileAds/Common/ICustomNativeTemplateClient.cs using Guid(c23272b29f0a84084a2f13f05389c1fc) Importer(2089858483,192608db42251d675da83286b1cce702) (ScriptedImporter) -> (artifact id: 'e7954858ad02fde944251e02276f2588') in 0.0051154 seconds
Number of updated asset objects reloaded before import = 0Number of asset objects unloaded after import = 0

========================================================================
Received Import Request.
  Time since last request: 0.000052 seconds.
  path: Assets/GoogleMobileAds/Common/IClientFactory.cs
  artifactKey: Guid(632a315ec53ac4f36bc0b4ff69f7add4) Importer(2089858483,192608db42251d675da83286b1cce702)
Start importing Assets/GoogleMobileAds/Common/IClientFactory.cs using Guid(632a315ec53ac4f36bc0b4ff69f7add4) Importer(2089858483,192608db42251d675da83286b1cce702) (ScriptedImporter) -> (artifact id: 'ef8ad7ca87e3f086412673b5e4a5726f') in 0.0049664 seconds
Number of updated asset objects reloaded before import = 0Number of asset objects unloaded after import = 0

========================================================================
Received Import Request.
  Time since last request: 0.000062 seconds.
  path: Assets/GooglePlayGames/BasicApi/IPlayGamesClient.cs
  artifactKey: Guid(9138e04e4459148c680055b40ad324c0) Importer(2089858483,192608db42251d675da83286b1cce702)
Start importing Assets/GooglePlayGames/BasicApi/IPlayGamesClient.cs using Guid(9138e04e4459148c680055b40ad324c0) Importer(2089858483,192608db42251d675da83286b1cce702) (ScriptedImporter) -> (artifact id: 'ad19168da79f1512ae4799c31dcdefa2') in 0.0045654 seconds
Number of updated asset objects reloaded before import = 0Number of asset objects unloaded after import = 0

========================================================================
Received Import Request.
  Time since last request: 0.000075 seconds.
  path: Assets/Sprite/Circle.psd
  artifactKey: Guid(782b6820a3a8edb45a1d292d43d8d549) Importer(2089858483,192608db42251d675da83286b1cce702)
Start importing Assets/Sprite/Circle.psd using Guid(782b6820a3a8edb45a1d292d43d8d549) Importer(2089858483,192608db42251d675da83286b1cce702) (ScriptedImporter) -> (artifact id: 'aac18fe823b978b1acae3b4311342fa3') in 0.0099442 seconds
Number of updated asset objects reloaded before import = 0Number of asset objects unloaded after import = 3

========================================================================
Received Import Request.
  Time since last request: 0.000011 seconds.
  path: Assets/GoogleMobileAds/Editor/GoogleMobileAdsSettingsEditor.cs
  artifactKey: Guid(8afb1338afbd34c4fac628cd6175c032) Importer(2089858483,192608db42251d675da83286b1cce702)
Start importing Assets/GoogleMobileAds/Editor/GoogleMobileAdsSettingsEditor.cs using Guid(8afb1338afbd34c4fac628cd6175c032) Importer(2089858483,192608db42251d675da83286b1cce702) (ScriptedImporter) -> (artifact id: 'dbc66faedf2242c832879a23dc3aec2e') in 0.0044421 seconds
Number of updated asset objects reloaded before import = 0Number of asset objects unloaded after import = 0

========================================================================
Received Import Request.
  Time since last request: 0.000051 seconds.
  path: Assets/GoogleMobileAds/Common/DummyClient.cs
  artifactKey: Guid(5858abc6dbdeb46fabb82d3296604951) Importer(2089858483,192608db42251d675da83286b1cce702)
Start importing Assets/GoogleMobileAds/Common/DummyClient.cs using Guid(5858abc6dbdeb46fabb82d3296604951) Importer(2089858483,192608db42251d675da83286b1cce702) (ScriptedImporter) -> (artifact id: 'c71ac3fd8d9cc60db6ba7de933c9efe0') in 0.0047351 seconds
Number of updated asset objects reloaded before import = 0Number of asset objects unloaded after import = 0

========================================================================
Received Import Request.
  Time since last request: 0.000030 seconds.
  path: Assets/GooglePlayGames/Editor/template-GameInfo.txt
  artifactKey: Guid(c6fa1c0456d174d298bf8dd66f584e9e) Importer(2089858483,192608db42251d675da83286b1cce702)
Start importing Assets/GooglePlayGames/Editor/template-GameInfo.txt using Guid(c6fa1c0456d174d298bf8dd66f584e9e) Importer(2089858483,192608db42251d675da83286b1cce702) (ScriptedImporter) -> (artifact id: 'b036caddb932647cb6844eb6fc56efe3') in 0.0073129 seconds
Number of updated asset objects reloaded before import = 0Number of asset objects unloaded after import = 1

========================================================================
Received Import Request.
  Time since last request: 0.000025 seconds.
  path: Assets/GooglePlayGames/BasicApi/SignInInteractivity.cs
  artifactKey: Guid(f5c7733064f2b09dc8df0009b3bbb1d6) Importer(2089858483,192608db42251d675da83286b1cce702)
Start importing Assets/GooglePlayGames/BasicApi/SignInInteractivity.cs using Guid(f5c7733064f2b09dc8df0009b3bbb1d6) Importer(2089858483,192608db42251d675da83286b1cce702) (ScriptedImporter) -> (artifact id: '5c73848182fd54ef9a170988b35c0f1f') in 0.0041782 seconds
Number of updated asset objects reloaded before import = 0Number of asset objects unloaded after import = 0

========================================================================
Received Import Request.
  Time since last request: 0.000032 seconds.
  path: Assets/Sprite/Rate Button.psd
  artifactKey: Guid(44e88769658720145a51ed76ee727079) Importer(2089858483,192608db42251d675da83286b1cce702)
Start importing Assets/Sprite/Rate Button.psd using Guid(44e88769658720145a51ed76ee727079) Importer(2089858483,192608db42251d675da83286b1cce702) (ScriptedImporter) -> (artifact id: '2cc3263ad516db8e104b019d62d1b00b') in 0.0109982 seconds
Number of updated asset objects reloaded before import = 0Number of asset objects unloaded after import = 3

========================================================================
Received Import Request.
  Time since last request: 0.000013 seconds.
  path: Assets/Animation/Enemy/Rotate.anim
  artifactKey: Guid(6bd7f87a6ae14e74e8d517f13638b787) Importer(2089858483,192608db42251d675da83286b1cce702)
Start importing Assets/Animation/Enemy/Rotate.anim using Guid(6bd7f87a6ae14e74e8d517f13638b787) Importer(2089858483,192608db42251d675da83286b1cce702) (ScriptedImporter) -> (artifact id: '8bb74a2b1e0c81937dd52774e6cad595') in 0.0113002 seconds
Number of updated asset objects reloaded before import = 0Number of asset objects unloaded after import = 1

========================================================================
Received Import Request.
  Time since last request: 0.000039 seconds.
  path: Assets/GoogleMobileAds/Api/MobileAds.cs
  artifactKey: Guid(90ca57af4a5ca48cda96227b0a69ffdc) Importer(2089858483,192608db42251d675da83286b1cce702)
Start importing Assets/GoogleMobileAds/Api/MobileAds.cs using Guid(90ca57af4a5ca48cda96227b0a69ffdc) Importer(2089858483,192608db42251d675da83286b1cce702) (ScriptedImporter) -> (artifact id: '28312d83b9d9ac48da58d87f673db50f') in 0.0045589 seconds
Number of updated asset objects reloaded before import = 0Number of asset objects unloaded after import = 0

========================================================================
Received Import Request.
  Time since last request: 0.000053 seconds.
  path: Assets/GoogleMobileAds/Common/IRewardedInterstitialAdClient.cs
  artifactKey: Guid(56f4d96be3aac4f1881aa87c8f0d0d78) Importer(2089858483,192608db42251d675da83286b1cce702)
Start importing Assets/GoogleMobileAds/Common/IRewardedInterstitialAdClient.cs using Guid(56f4d96be3aac4f1881aa87c8f0d0d78) Importer(2089858483,192608db42251d675da83286b1cce702) (ScriptedImporter) -> (artifact id: '9b00522011ecda192c8b8ddcc5f208dc') in 0.0044195 seconds
Number of updated asset objects reloaded before import = 0Number of asset objects unloaded after import = 0

========================================================================
Received Import Request.
  Time since last request: 0.000057 seconds.
  path: Assets/GooglePlayGames/BasicApi/CommonTypes.cs
  artifactKey: Guid(1c5d1cb1974d14c0c8b32fcf00089556) Importer(2089858483,192608db42251d675da83286b1cce702)
Start importing Assets/GooglePlayGames/BasicApi/CommonTypes.cs using Guid(1c5d1cb1974d14c0c8b32fcf00089556) Importer(2089858483,192608db42251d675da83286b1cce702) (ScriptedImporter) -> (artifact id: '7ee921ed0eefd5ee5554ee4bdd0da38a') in 0.0044648 seconds
Number of updated asset objects reloaded before import = 0Number of asset objects unloaded after import = 0

========================================================================
Received Import Request.
  Time since last request: 0.000051 seconds.
  path: Assets/GooglePlayGames/BasicApi/LeaderboardScoreData.cs
  artifactKey: Guid(8e369c64e8c9f4571a8847f37848c37e) Importer(2089858483,192608db42251d675da83286b1cce702)
Start importing Assets/GooglePlayGames/BasicApi/LeaderboardScoreData.cs using Guid(8e369c64e8c9f4571a8847f37848c37e) Importer(2089858483,192608db42251d675da83286b1cce702) (ScriptedImporter) -> (artifact id: '1edac96bc404cad7a2f2528abbb4c3f7') in 0.0063993 seconds
Number of updated asset objects reloaded before import = 0Number of asset objects unloaded after import = 0

========================================================================
Received Import Request.
  Time since last request: 0.000050 seconds.
  path: Assets/GooglePlayGames/BasicApi/PlayerStats.cs
  artifactKey: Guid(0cf73f44d6d524deab1717d6e71e2c6d) Importer(2089858483,192608db42251d675da83286b1cce702)
Start importing Assets/GooglePlayGames/BasicApi/PlayerStats.cs using Guid(0cf73f44d6d524deab1717d6e71e2c6d) Importer(2089858483,192608db42251d675da83286b1cce702) (ScriptedImporter) -> (artifact id: 'bc7b5f9e0817651defa13e02ec9d9aa0') in 0.0045287 seconds
Number of updated asset objects reloaded before import = 0Number of asset objects unloaded after import = 0

========================================================================
Received Import Request.
  Time since last request: 0.000048 seconds.
  path: Assets/GooglePlayGames/ISocialPlatform/PlayGamesScore.cs
  artifactKey: Guid(2a6e2425305ab455a91061b1eb955b38) Importer(2089858483,192608db42251d675da83286b1cce702)
Start importing Assets/GooglePlayGames/ISocialPlatform/PlayGamesScore.cs using Guid(2a6e2425305ab455a91061b1eb955b38) Importer(2089858483,192608db42251d675da83286b1cce702) (ScriptedImporter) -> (artifact id: '0f12b4826cb79399acbfb0a9b8684e44') in 0.004892 seconds
Number of updated asset objects reloaded before import = 0Number of asset objects unloaded after import = 0

========================================================================
Received Import Request.
  Time since last request: 0.000058 seconds.
  path: Assets/GoogleMobileAds/Common/IRewardBasedVideoAdClient.cs
  artifactKey: Guid(03e96fc5475154376a9744dc2f6ab46d) Importer(2089858483,192608db42251d675da83286b1cce702)
Start importing Assets/GoogleMobileAds/Common/IRewardBasedVideoAdClient.cs using Guid(03e96fc5475154376a9744dc2f6ab46d) Importer(2089858483,192608db42251d675da83286b1cce702) (ScriptedImporter) -> (artifact id: '9142cbc6186f17a557b5457c630edb30') in 0.0051484 seconds
Number of updated asset objects reloaded before import = 0Number of asset objects unloaded after import = 0

========================================================================
Received Import Request.
  Time since last request: 0.218738 seconds.
  path: Assets/GooglePlayGames/OurUtils/PlatformUtils.cs
  artifactKey: Guid(053811e778f3d4e3e98065f5db5bd005) Importer(2089858483,192608db42251d675da83286b1cce702)
Start importing Assets/GooglePlayGames/OurUtils/PlatformUtils.cs using Guid(053811e778f3d4e3e98065f5db5bd005) Importer(2089858483,192608db42251d675da83286b1cce702) (ScriptedImporter) -> (artifact id: '41927f8cc73b15f4dccc17611d8337e5') in 0.0052418 seconds
Number of updated asset objects reloaded before import = 0Number of asset objects unloaded after import = 0

========================================================================
Received Import Request.
  Time since last request: 0.000039 seconds.
  path: Assets/SimpleFX/Prefabs/FX_Dust_Prefab_01.prefab
  artifactKey: Guid(c83a45822d0d3f94991e76a87670125c) Importer(2089858483,192608db42251d675da83286b1cce702)
Start importing Assets/SimpleFX/Prefabs/FX_Dust_Prefab_01.prefab using Guid(c83a45822d0d3f94991e76a87670125c) Importer(2089858483,192608db42251d675da83286b1cce702) (ScriptedImporter) -> (artifact id: '35033154c6cb38fa869b510706e45b96') in 0.0708001 seconds
Number of updated asset objects reloaded before import = 0Number of asset objects unloaded after import = 6

========================================================================
Received Import Request.
  Time since last request: 0.000016 seconds.
  path: Assets/Test game/Materials/Enemy 3 Rotator.mat
  artifactKey: Guid(3da1af0a2e0d05c4daaf152c60de8e0a) Importer(2089858483,192608db42251d675da83286b1cce702)
Start importing Assets/Test game/Materials/Enemy 3 Rotator.mat using Guid(3da1af0a2e0d05c4daaf152c60de8e0a) Importer(2089858483,192608db42251d675da83286b1cce702) (ScriptedImporter) -> (artifact id: '1076594a3e184a1ab72b83aed99277df') in 0.0169163 seconds
Number of updated asset objects reloaded before import = 0Number of asset objects unloaded after import = 2

========================================================================
Received Import Request.
  Time since last request: 0.000014 seconds.
  path: Assets/SimpleFX/Prefabs/FX_Steam.prefab
  artifactKey: Guid(5b6c2f68addb63847b151f0d41a9d3b1) Importer(2089858483,192608db42251d675da83286b1cce702)
Start importing Assets/SimpleFX/Prefabs/FX_Steam.prefab using Guid(5b6c2f68addb63847b151f0d41a9d3b1) Importer(2089858483,192608db42251d675da83286b1cce702) (ScriptedImporter) -> (artifact id: '261f4168438136d44f687a713b1fb34e') in 0.0260845 seconds
Number of updated asset objects reloaded before import = 0Number of asset objects unloaded after import = 6

========================================================================
Received Import Request.
  Time since last request: 0.000013 seconds.
  path: Assets/SimpleFX/Models/FX_Rubble.fbx
  artifactKey: Guid(42e0384be8104584cbcc3a1fadaafb79) Importer(2089858483,192608db42251d675da83286b1cce702)
Start importing Assets/SimpleFX/Models/FX_Rubble.fbx using Guid(42e0384be8104584cbcc3a1fadaafb79) Importer(2089858483,192608db42251d675da83286b1cce702) (ScriptedImporter) -> (artifact id: '8ed309df0e5ebf738d1968bbcd405e35') in 0.0280686 seconds
Number of updated asset objects reloaded before import = 0Number of asset objects unloaded after import = 7

========================================================================
Received Import Request.
  Time since last request: 0.000012 seconds.
  path: Assets/SimpleFX/Models/FX_GunFlash.fbx
  artifactKey: Guid(50a5b61475aba5649a793b8d076e8681) Importer(2089858483,192608db42251d675da83286b1cce702)
Start importing Assets/SimpleFX/Models/FX_GunFlash.fbx using Guid(50a5b61475aba5649a793b8d076e8681) Importer(2089858483,192608db42251d675da83286b1cce702) (ScriptedImporter) -> (artifact id: 'a6bc8005630b49ff14a6d6c24f732947') in 0.0151547 seconds
Number of updated asset objects reloaded before import = 0Number of asset objects unloaded after import = 7

========================================================================
Received Import Request.
  Time since last request: 0.000014 seconds.
  path: Assets/SimpleFX/Prefabs/FX_Smoke.prefab
  artifactKey: Guid(ab1112643ee572748b01dede71158272) Importer(2089858483,192608db42251d675da83286b1cce702)
Start importing Assets/SimpleFX/Prefabs/FX_Smoke.prefab using Guid(ab1112643ee572748b01dede71158272) Importer(2089858483,192608db42251d675da83286b1cce702) (ScriptedImporter) -> (artifact id: '4986939306e63a80681168978229e64b') in 0.0265509 seconds
Number of updated asset objects reloaded before import = 0Number of asset objects unloaded after import = 6

========================================================================
Received Import Request.
  Time since last request: 0.000014 seconds.
  path: Assets/SimpleFX/Materials/FX_Lightray.mat
  artifactKey: Guid(7e0b60daf18511249a209d52beda2988) Importer(2089858483,192608db42251d675da83286b1cce702)
Start importing Assets/SimpleFX/Materials/FX_Lightray.mat using Guid(7e0b60daf18511249a209d52beda2988) Importer(2089858483,192608db42251d675da83286b1cce702) (ScriptedImporter) -> (artifact id: 'fd69861aa8251ee610304c1650fb7355') in 0.0055613 seconds
Number of updated asset objects reloaded before import = 0Number of asset objects unloaded after import = 1

========================================================================
Received Import Request.
  Time since last request: 0.000036 seconds.
  path: Assets/Test game/Fonts/Roboto-Bold.ttf
  artifactKey: Guid(29aefb354c7bf5f44bdb6724d5d2bf04) Importer(2089858483,192608db42251d675da83286b1cce702)
Start importing Assets/Test game/Fonts/Roboto-Bold.ttf using Guid(29aefb354c7bf5f44bdb6724d5d2bf04) Importer(2089858483,192608db42251d675da83286b1cce702) (ScriptedImporter) -> (artifact id: 'da3319dd351771e2db0a8a9abb9a38f2') in 0.01055 seconds
Number of updated asset objects reloaded before import = 0Number of asset objects unloaded after import = 3

========================================================================
Received Import Request.
  Time since last request: 0.000011 seconds.
  path: Assets/Plugins/iOS/GADUNativeCustomTemplateAd.h
  artifactKey: Guid(db0debe7029fb46a19e92246d4732726) Importer(2089858483,192608db42251d675da83286b1cce702)
Start importing Assets/Plugins/iOS/GADUNativeCustomTemplateAd.h using Guid(db0debe7029fb46a19e92246d4732726) Importer(2089858483,192608db42251d675da83286b1cce702) (ScriptedImporter) -> (artifact id: '49335fbba75f1d78751849bf4c7d6c00') in 0.0069045 seconds
Number of updated asset objects reloaded before import = 0Number of asset objects unloaded after import = 0

========================================================================
Received Import Request.
  Time since last request: 0.000036 seconds.
  path: Assets/Test game/Materials/trailMat.mat
  artifactKey: Guid(80dc3f30689476345a214ff2e0e025c6) Importer(2089858483,192608db42251d675da83286b1cce702)
Start importing Assets/Test game/Materials/trailMat.mat using Guid(80dc3f30689476345a214ff2e0e025c6) Importer(2089858483,192608db42251d675da83286b1cce702) (ScriptedImporter) -> (artifact id: '8551c1dde311ee607f8a836c777ad905') in 0.0073924 seconds
Number of updated asset objects reloaded before import = 0Number of asset objects unloaded after import = 1

========================================================================
Received Import Request.
  Time since last request: 0.000016 seconds.
  path: Assets/Plugins/iOS/GADURewardBasedVideoAd.m
  artifactKey: Guid(37c8a0cb2566840ecb74aa9dd0117660) Importer(2089858483,192608db42251d675da83286b1cce702)
Start importing Assets/Plugins/iOS/GADURewardBasedVideoAd.m using Guid(37c8a0cb2566840ecb74aa9dd0117660) Importer(2089858483,192608db42251d675da83286b1cce702) (ScriptedImporter) -> (artifact id: 'bae0eafbe45bdb206520411c68fb052d') in 0.0058133 seconds
Number of updated asset objects reloaded before import = 0Number of asset objects unloaded after import = 0

========================================================================
Received Import Request.
  Time since last request: 0.000058 seconds.
  path: Assets/SimpleFX/Prefabs/FX_DirtSplatter.prefab
  artifactKey: Guid(834c99069a124aa439d5795c3579843b) Importer(2089858483,192608db42251d675da83286b1cce702)
Start importing Assets/SimpleFX/Prefabs/FX_DirtSplatter.prefab using Guid(834c99069a124aa439d5795c3579843b) Importer(2089858483,192608db42251d675da83286b1cce702) (ScriptedImporter) -> (artifact id: 'a2611d1d754b8b01486d33c824be15fa') in 0.0291246 seconds
Number of updated asset objects reloaded before import = 0Number of asset objects unloaded after import = 6

========================================================================
Received Import Request.
  Time since last request: 0.000019 seconds.
  path: Assets/SimpleFX/Prefabs/FX_PoolSplash_02.prefab
  artifactKey: Guid(0d37f80e5a9508346b0ec65e1917e053) Importer(2089858483,192608db42251d675da83286b1cce702)
Start importing Assets/SimpleFX/Prefabs/FX_PoolSplash_02.prefab using Guid(0d37f80e5a9508346b0ec65e1917e053) Importer(2089858483,192608db42251d675da83286b1cce702) (ScriptedImporter) -> (artifact id: '7bf8b65b9ecbfe10958ef5af196a08b7') in 0.0107108 seconds
Number of updated asset objects reloaded before import = 0Number of asset objects unloaded after import = 7

========================================================================
Received Import Request.
  Time since last request: 0.000018 seconds.
  path: Assets/SimpleFX/Prefabs/FX_Fireworks_Blue_Small .prefab
  artifactKey: Guid(6636b3078b0905e489f698a11b7a6b6b) Importer(2089858483,192608db42251d675da83286b1cce702)
Start importing Assets/SimpleFX/Prefabs/FX_Fireworks_Blue_Small .prefab using Guid(6636b3078b0905e489f698a11b7a6b6b) Importer(2089858483,192608db42251d675da83286b1cce702) (ScriptedImporter) -> (artifact id: 'b2355fc0ba9278fe001ab84c045a6bde') in 0.0354913 seconds
Number of updated asset objects reloaded before import = 0Number of asset objects unloaded after import = 6

========================================================================
Received Import Request.
  Time since last request: 0.000015 seconds.
  path: Assets/SimpleFX/Materials/FX_Base.mat
  artifactKey: Guid(a0cec58fc32f482418596ffdf7c0d693) Importer(2089858483,192608db42251d675da83286b1cce702)
Start importing Assets/SimpleFX/Materials/FX_Base.mat using Guid(a0cec58fc32f482418596ffdf7c0d693) Importer(2089858483,192608db42251d675da83286b1cce702) (ScriptedImporter) -> (artifact id: 'd8ebffea6a28fe85fbef84f263a06960') in 0.0082702 seconds
Number of updated asset objects reloaded before import = 0Number of asset objects unloaded after import = 2

========================================================================
Received Import Request.
  Time since last request: 0.000012 seconds.
  path: Assets/Test game/Materials/Enemy 1.mat
  artifactKey: Guid(214cfb05ae8f0bd4c8188470863f27e8) Importer(2089858483,192608db42251d675da83286b1cce702)
Start importing Assets/Test game/Materials/Enemy 1.mat using Guid(214cfb05ae8f0bd4c8188470863f27e8) Importer(2089858483,192608db42251d675da83286b1cce702) (ScriptedImporter) -> (artifact id: 'e90f93416df61da81faada738cf6264b') in 0.0069411 seconds
Number of updated asset objects reloaded before import = 0Number of asset objects unloaded after import = 2

========================================================================
Received Import Request.
  Time since last request: 0.000013 seconds.
  path: Assets/SimpleFX/Materials/FX_Splash.mat
  artifactKey: Guid(1ee00051305bdb049b02c923f047227d) Importer(2089858483,192608db42251d675da83286b1cce702)
Start importing Assets/SimpleFX/Materials/FX_Splash.mat using Guid(1ee00051305bdb049b02c923f047227d) Importer(2089858483,192608db42251d675da83286b1cce702) (ScriptedImporter) -> (artifact id: 'dd8fae0ef96c7e24d5f7df769c0123f1') in 0.0440102 seconds
Number of updated asset objects reloaded before import = 0Number of asset objects unloaded after import = 1

========================================================================
Received Import Request.
  Time since last request: 0.000013 seconds.
  path: Assets/Plugins/iOS/GADURewardedInterstitialAd.h
  artifactKey: Guid(f0b436a76ebfa43f98c0c3658342fe16) Importer(2089858483,192608db42251d675da83286b1cce702)
Start importing Assets/Plugins/iOS/GADURewardedInterstitialAd.h using Guid(f0b436a76ebfa43f98c0c3658342fe16) Importer(2089858483,192608db42251d675da83286b1cce702) (ScriptedImporter) -> (artifact id: '014653a697f2d138fadde774d5a8a1d5') in 0.0046563 seconds
Number of updated asset objects reloaded before import = 0Number of asset objects unloaded after import = 0

========================================================================
Received Import Request.
  Time since last request: 0.000044 seconds.
  path: Assets/SimpleFX/Prefabs/FX_PoolSplash_01.prefab
  artifactKey: Guid(ad879d352fd419047bdfc53b3d2a1961) Importer(2089858483,192608db42251d675da83286b1cce702)
Start importing Assets/SimpleFX/Prefabs/FX_PoolSplash_01.prefab using Guid(ad879d352fd419047bdfc53b3d2a1961) Importer(2089858483,192608db42251d675da83286b1cce702) (ScriptedImporter) -> (artifact id: '016b03392fc2dec3ead9f75d88e211de') in 0.0094219 seconds
Number of updated asset objects reloaded before import = 0Number of asset objects unloaded after import = 7

========================================================================
Received Import Request.
  Time since last request: 0.000012 seconds.
  path: Assets/Test game/Icon/Icon.psd
  artifactKey: Guid(d13297ff586bd8648a0ff0bd4cf6d291) Importer(2089858483,192608db42251d675da83286b1cce702)
Start importing Assets/Test game/Icon/Icon.psd using Guid(d13297ff586bd8648a0ff0bd4cf6d291) Importer(2089858483,192608db42251d675da83286b1cce702) (ScriptedImporter) -> (artifact id: 'f45d6ed6a527c2370b81dc132d20394f') in 0.0171104 seconds
Number of updated asset objects reloaded before import = 0Number of asset objects unloaded after import = 3

========================================================================
Received Import Request.
  Time since last request: 0.000012 seconds.
  path: Assets/SimpleFX/Prefabs/FX_WaterSplash.prefab
  artifactKey: Guid(e49403f034d74ee44aa8a41b0ee4abfd) Importer(2089858483,192608db42251d675da83286b1cce702)
Start importing Assets/SimpleFX/Prefabs/FX_WaterSplash.prefab using Guid(e49403f034d74ee44aa8a41b0ee4abfd) Importer(2089858483,192608db42251d675da83286b1cce702) (ScriptedImporter) -> (artifact id: 'c5465457846a966525f00a0c69cf83bb') in 0.0295406 seconds
Number of updated asset objects reloaded before import = 0Number of asset objects unloaded after import = 7

========================================================================
Received Import Request.
  Time since last request: 0.000015 seconds.
  path: Assets/Plugins/Android/launcherTemplate.gradle.DISABLED
  artifactKey: Guid(06c7f3f9f5decc0488a636990c86b7a2) Importer(2089858483,192608db42251d675da83286b1cce702)
Start importing Assets/Plugins/Android/launcherTemplate.gradle.DISABLED using Guid(06c7f3f9f5decc0488a636990c86b7a2) Importer(2089858483,192608db42251d675da83286b1cce702) (ScriptedImporter) -> (artifact id: '4819a968bd9ebda96d3c2c7d946caed1') in 0.0040987 seconds
Number of updated asset objects reloaded before import = 0Number of asset objects unloaded after import = 1

========================================================================
Received Import Request.
  Time since last request: 0.000053 seconds.
  path: Assets/Plugins/iOS/GADUPluginUtil.h
  artifactKey: Guid(0c313fca6389641ef8c2be11124662ee) Importer(2089858483,192608db42251d675da83286b1cce702)
Start importing Assets/Plugins/iOS/GADUPluginUtil.h using Guid(0c313fca6389641ef8c2be11124662ee) Importer(2089858483,192608db42251d675da83286b1cce702) (ScriptedImporter) -> (artifact id: 'f7dd654b7fed801894c2fbc1f5e5487a') in 0.0045714 seconds
Number of updated asset objects reloaded before import = 0Number of asset objects unloaded after import = 0

========================================================================
Received Import Request.
  Time since last request: 0.000040 seconds.
  path: Assets/SimpleFX/Materials/FX_GunFlash.mat
  artifactKey: Guid(f1b0fea076fb0574d868f6e3d9523f52) Importer(2089858483,192608db42251d675da83286b1cce702)
Start importing Assets/SimpleFX/Materials/FX_GunFlash.mat using Guid(f1b0fea076fb0574d868f6e3d9523f52) Importer(2089858483,192608db42251d675da83286b1cce702) (ScriptedImporter) -> (artifact id: '6b4abd8b6aeca4ed28e308cf08977993') in 0.0055648 seconds
Number of updated asset objects reloaded before import = 0Number of asset objects unloaded after import = 1

========================================================================
Received Import Request.
  Time since last request: 0.000046 seconds.
  path: Assets/SimpleFX/Materials/FX_Rubble.mat
  artifactKey: Guid(7a9bced7715b2c047b5413e33bc60d5c) Importer(2089858483,192608db42251d675da83286b1cce702)
Start importing Assets/SimpleFX/Materials/FX_Rubble.mat using Guid(7a9bced7715b2c047b5413e33bc60d5c) Importer(2089858483,192608db42251d675da83286b1cce702) (ScriptedImporter) -> (artifact id: 'b2bbb5c29ba7d12dac68487ebe0dd50f') in 0.0067876 seconds
Number of updated asset objects reloaded before import = 0Number of asset objects unloaded after import = 1

========================================================================
Received Import Request.
  Time since last request: 0.000035 seconds.
  path: Assets/Test game/Materials/Item 1 _ Breaker.mat
  artifactKey: Guid(86a4262ffc49c59429a64199a844fb1e) Importer(2089858483,192608db42251d675da83286b1cce702)
Start importing Assets/Test game/Materials/Item 1 _ Breaker.mat using Guid(86a4262ffc49c59429a64199a844fb1e) Importer(2089858483,192608db42251d675da83286b1cce702) (ScriptedImporter) -> (artifact id: '5af87118943e563f859b8c5c3746db33') in 0.0434701 seconds
Number of updated asset objects reloaded before import = 0Number of asset objects unloaded after import = 1

========================================================================
Received Import Request.
  Time since last request: 0.000032 seconds.
  path: Assets/Plugins/iOS/GADUPluginUtil.m
  artifactKey: Guid(be0909c1805b944bab4b0e30310a159b) Importer(2089858483,192608db42251d675da83286b1cce702)
Start importing Assets/Plugins/iOS/GADUPluginUtil.m using Guid(be0909c1805b944bab4b0e30310a159b) Importer(2089858483,192608db42251d675da83286b1cce702) (ScriptedImporter) -> (artifact id: 'd5008faf4b520b6434e4ba536d2d3d9f') in 0.0047249 seconds
Number of updated asset objects reloaded before import = 0Number of asset objects unloaded after import = 0

========================================================================
Received Import Request.
  Time since last request: 0.000052 seconds.
  path: Assets/Plugins/Android/settingsTemplate.gradle
  artifactKey: Guid(8fe286b38a8b249b582191c37d5293dc) Importer(2089858483,192608db42251d675da83286b1cce702)
Start importing Assets/Plugins/Android/settingsTemplate.gradle using Guid(8fe286b38a8b249b582191c37d5293dc) Importer(2089858483,192608db42251d675da83286b1cce702) (ScriptedImporter) -> (artifact id: 'a2a3060021618e3ee7c859736790a4ac') in 0.0035485 seconds
Number of updated asset objects reloaded before import = 0Number of asset objects unloaded after import = 1

========================================================================
Received Import Request.
  Time since last request: 0.000046 seconds.
  path: Assets/SimpleFX/Materials/FX_Water.mat
  artifactKey: Guid(daf5714b1bd61c84fb8f439922ec2664) Importer(2089858483,192608db42251d675da83286b1cce702)
Start importing Assets/SimpleFX/Materials/FX_Water.mat using Guid(daf5714b1bd61c84fb8f439922ec2664) Importer(2089858483,192608db42251d675da83286b1cce702) (ScriptedImporter) -> (artifact id: 'abc8a239e0d62863a14a5357bf0dc69f') in 0.0056467 seconds
Number of updated asset objects reloaded before import = 0Number of asset objects unloaded after import = 1

========================================================================
Received Import Request.
  Time since last request: 0.000013 seconds.
  path: Assets/Plugins/iOS/GADURequest.h
  artifactKey: Guid(fb457b369e46d44c5985b1e471c58fcd) Importer(2089858483,192608db42251d675da83286b1cce702)
Start importing Assets/Plugins/iOS/GADURequest.h using Guid(fb457b369e46d44c5985b1e471c58fcd) Importer(2089858483,192608db42251d675da83286b1cce702) (ScriptedImporter) -> (artifact id: 'b71b7ce9fc24fbd31dcd50c7fbe8ba75') in 0.0043188 seconds
Number of updated asset objects reloaded before import = 0Number of asset objects unloaded after import = 0

========================================================================
Received Import Request.
  Time since last request: 0.000055 seconds.
  path: Assets/SimpleFX/Prefabs/FX_Fireworks_Yellow_Small.prefab
  artifactKey: Guid(6586ff0f14125534cae2f5d8f04b7871) Importer(2089858483,192608db42251d675da83286b1cce702)
Start importing Assets/SimpleFX/Prefabs/FX_Fireworks_Yellow_Small.prefab using Guid(6586ff0f14125534cae2f5d8f04b7871) Importer(2089858483,192608db42251d675da83286b1cce702) (ScriptedImporter) -> (artifact id: 'b4177656f40c3792f51814a61c9a04e9') in 0.0254289 seconds
Number of updated asset objects reloaded before import = 0Number of asset objects unloaded after import = 6

========================================================================
Received Import Request.
  Time since last request: 0.000012 seconds.
  path: Assets/Test game/Fonts/Roboto-Thin.ttf
  artifactKey: Guid(221212c0e0cb92d4b9e684203b5a18fd) Importer(2089858483,192608db42251d675da83286b1cce702)
Start importing Assets/Test game/Fonts/Roboto-Thin.ttf using Guid(221212c0e0cb92d4b9e684203b5a18fd) Importer(2089858483,192608db42251d675da83286b1cce702) (ScriptedImporter) -> (artifact id: '6d2dd70a48f24c4c7d3c6d89bde5f063') in 0.0080999 seconds
Number of updated asset objects reloaded before import = 0Number of asset objects unloaded after import = 3

========================================================================
Received Import Request.
  Time since last request: 0.000021 seconds.
  path: Assets/SimpleFX/Materials/FX_Glow.mat
  artifactKey: Guid(040cfa3c61ad57946ae16c627e338920) Importer(2089858483,192608db42251d675da83286b1cce702)
Start importing Assets/SimpleFX/Materials/FX_Glow.mat using Guid(040cfa3c61ad57946ae16c627e338920) Importer(2089858483,192608db42251d675da83286b1cce702) (ScriptedImporter) -> (artifact id: 'a9e4dac5a1ff2547c0a3f5a3b5ff4150') in 0.0059361 seconds
Number of updated asset objects reloaded before import = 0Number of asset objects unloaded after import = 1

========================================================================
Received Import Request.
  Time since last request: 0.000032 seconds.
  path: Assets/SimpleFX/Prefabs/FX_Fireworks_Green_Large.prefab
  artifactKey: Guid(26d069e6f78e6f8478e4dc0152bd6939) Importer(2089858483,192608db42251d675da83286b1cce702)
Start importing Assets/SimpleFX/Prefabs/FX_Fireworks_Green_Large.prefab using Guid(26d069e6f78e6f8478e4dc0152bd6939) Importer(2089858483,192608db42251d675da83286b1cce702) (ScriptedImporter) -> (artifact id: '78ba0aa96f3ac005572977b09eda7ecf') in 0.026512 seconds
Number of updated asset objects reloaded before import = 0Number of asset objects unloaded after import = 6

========================================================================
Received Import Request.
  Time since last request: 0.000013 seconds.
  path: Assets/Plugins/iOS/GADURewardBasedVideoAd.h
  artifactKey: Guid(565ba14e707b04864bda064f52d02faf) Importer(2089858483,192608db42251d675da83286b1cce702)
Start importing Assets/Plugins/iOS/GADURewardBasedVideoAd.h using Guid(565ba14e707b04864bda064f52d02faf) Importer(2089858483,192608db42251d675da83286b1cce702) (ScriptedImporter) -> (artifact id: 'b038d5efee719f613d68a08907c0ff7f') in 0.0046404 seconds
Number of updated asset objects reloaded before import = 0Number of asset objects unloaded after import = 0

========================================================================
Received Import Request.
  Time since last request: 0.000059 seconds.
  path: Assets/SimpleFX/Materials/UnlitVertexColour_Alpha.shader
  artifactKey: Guid(125f31ba4cdefb2469a075f509877b02) Importer(2089858483,192608db42251d675da83286b1cce702)
Start importing Assets/SimpleFX/Materials/UnlitVertexColour_Alpha.shader using Guid(125f31ba4cdefb2469a075f509877b02) Importer(2089858483,192608db42251d675da83286b1cce702) (ScriptedImporter) -> (artifact id: '71a950308cd65c0916e284d0ff1a37ff') in 0.0075725 seconds
Number of updated asset objects reloaded before import = 0Number of asset objects unloaded after import = 1

========================================================================
Received Import Request.
  Time since last request: 0.000041 seconds.
  path: Assets/SimpleFX/Prefabs/FX_Fireworks_Yellow_Large.prefab
  artifactKey: Guid(0f75f6db4a318f54382e0c98b2226db8) Importer(2089858483,192608db42251d675da83286b1cce702)
Start importing Assets/SimpleFX/Prefabs/FX_Fireworks_Yellow_Large.prefab using Guid(0f75f6db4a318f54382e0c98b2226db8) Importer(2089858483,192608db42251d675da83286b1cce702) (ScriptedImporter) -> (artifact id: 'd28a16b83237c78655b24ec6a471d0cb') in 0.0331975 seconds
Number of updated asset objects reloaded before import = 0Number of asset objects unloaded after import = 6

========================================================================
Received Import Request.
  Time since last request: 0.000016 seconds.
  path: Assets/Plugins/Android/LauncherManifest.xml.DISABLED
  artifactKey: Guid(6eca0b98d2504a44eb32c52a887589bb) Importer(2089858483,192608db42251d675da83286b1cce702)
Start importing Assets/Plugins/Android/LauncherManifest.xml.DISABLED using Guid(6eca0b98d2504a44eb32c52a887589bb) Importer(2089858483,192608db42251d675da83286b1cce702) (ScriptedImporter) -> (artifact id: 'cac46d0312fece4fd81de0ce429569ae') in 0.0044855 seconds
Number of updated asset objects reloaded before import = 0Number of asset objects unloaded after import = 1

========================================================================
Received Import Request.
  Time since last request: 0.000041 seconds.
  path: Assets/SimpleFX/Prefabs/FX_Dust_Prefab_02.prefab
  artifactKey: Guid(cd427f0dc853ec74a9ba1c5ff0e48ca2) Importer(2089858483,192608db42251d675da83286b1cce702)
Start importing Assets/SimpleFX/Prefabs/FX_Dust_Prefab_02.prefab using Guid(cd427f0dc853ec74a9ba1c5ff0e48ca2) Importer(2089858483,192608db42251d675da83286b1cce702) (ScriptedImporter) -> (artifact id: '887171949461851ff7db12998db2539a') in 0.0280547 seconds
Number of updated asset objects reloaded before import = 0Number of asset objects unloaded after import = 6

========================================================================
Received Import Request.
  Time since last request: 0.000012 seconds.
  path: Assets/SimpleFX/Models/FX_PoolSplash_02.fbx
  artifactKey: Guid(7f803617a1072ec42820168bc40edb46) Importer(2089858483,192608db42251d675da83286b1cce702)
Start importing Assets/SimpleFX/Models/FX_PoolSplash_02.fbx using Guid(7f803617a1072ec42820168bc40edb46) Importer(2089858483,192608db42251d675da83286b1cce702) (ScriptedImporter) -> (artifact id: 'f9d5a85ee9aa47830e7f94d7ebf4b668') in 0.0157638 seconds
Number of updated asset objects reloaded before import = 0Number of asset objects unloaded after import = 7

========================================================================
Received Import Request.
  Time since last request: 0.000012 seconds.
  path: Assets/Test game/Prefab/Item 1 _ Breaker.prefab
  artifactKey: Guid(63ece056ac51b3d4eb2d65a18e41694b) Importer(2089858483,192608db42251d675da83286b1cce702)
Start importing Assets/Test game/Prefab/Item 1 _ Breaker.prefab using Guid(63ece056ac51b3d4eb2d65a18e41694b) Importer(2089858483,192608db42251d675da83286b1cce702) (ScriptedImporter) -> (artifact id: '823a21287e3a235bed46ce7dc62eae4e') in 0.0338518 seconds
Number of updated asset objects reloaded before import = 0Number of asset objects unloaded after import = 48

========================================================================
Received Import Request.
  Time since last request: 0.000018 seconds.
  path: Assets/Plugins/iOS/GADURequest.m
  artifactKey: Guid(c4db8fc900a9e47a39fb845334f73cd4) Importer(2089858483,192608db42251d675da83286b1cce702)
Start importing Assets/Plugins/iOS/GADURequest.m using Guid(c4db8fc900a9e47a39fb845334f73cd4) Importer(2089858483,192608db42251d675da83286b1cce702) (ScriptedImporter) -> (artifact id: 'd8ca038d08d2755a827f025176484599') in 0.005981 seconds
Number of updated asset objects reloaded before import = 0Number of asset objects unloaded after import = 0

========================================================================
Received Import Request.
  Time since last request: 0.000079 seconds.
  path: Assets/Game GUI Vol1/Playful/PNG/Backward.png
  artifactKey: Guid(4f8c06a6606ba4691a8da5d0abe8332e) Importer(2089858483,192608db42251d675da83286b1cce702)
Start importing Assets/Game GUI Vol1/Playful/PNG/Backward.png using Guid(4f8c06a6606ba4691a8da5d0abe8332e) Importer(2089858483,192608db42251d675da83286b1cce702) (ScriptedImporter) -> (artifact id: 'e8101718ad3d6e82e13a0d3889140985') in 0.0130247 seconds
Number of updated asset objects reloaded before import = 0Number of asset objects unloaded after import = 3

========================================================================
Received Import Request.
  Time since last request: 0.000025 seconds.
  path: Assets/Test game/Updated Game/LightingData.asset
  artifactKey: Guid(3308548ae2cffa5468d53889415ed11c) Importer(2089858483,192608db42251d675da83286b1cce702)
Start importing Assets/Test game/Updated Game/LightingData.asset using Guid(3308548ae2cffa5468d53889415ed11c) Importer(2089858483,192608db42251d675da83286b1cce702) (ScriptedImporter) -> (artifact id: '82965a6cd3fe9089e00d9771249f67d8') in 0.0096537 seconds
Number of updated asset objects reloaded before import = 0Number of asset objects unloaded after import = 2

========================================================================
Received Import Request.
  Time since last request: 0.000017 seconds.
  path: Assets/Game GUI Vol1/LazyDay/PNG/Info.png
  artifactKey: Guid(b7ceebf6d34824b7f844e3bbd52315d9) Importer(2089858483,192608db42251d675da83286b1cce702)
Start importing Assets/Game GUI Vol1/LazyDay/PNG/Info.png using Guid(b7ceebf6d34824b7f844e3bbd52315d9) Importer(2089858483,192608db42251d675da83286b1cce702) (ScriptedImporter) -> (artifact id: '94b662b201902418188a7dbdfedf888c') in 0.0241972 seconds
Number of updated asset objects reloaded before import = 0Number of asset objects unloaded after import = 3

========================================================================
Received Import Request.
  Time since last request: 0.000016 seconds.
  path: Assets/Game GUI Vol1/LazyDay/PNG/Gamecenter.png
  artifactKey: Guid(e854657a70607456195b05e45d4ed4b5) Importer(2089858483,192608db42251d675da83286b1cce702)
Start importing Assets/Game GUI Vol1/LazyDay/PNG/Gamecenter.png using Guid(e854657a70607456195b05e45d4ed4b5) Importer(2089858483,192608db42251d675da83286b1cce702) (ScriptedImporter) -> (artifact id: 'db9da1de02d832a7fedb453830eaff9f') in 0.0118287 seconds
Number of updated asset objects reloaded before import = 0Number of asset objects unloaded after import = 3

========================================================================
Received Import Request.
  Time since last request: 0.000013 seconds.
  path: Assets/Game GUI Vol1/Playful/PNG/Dollar.png
  artifactKey: Guid(59ec1a13a533548139b3cebe8ed491ba) Importer(2089858483,192608db42251d675da83286b1cce702)
Start importing Assets/Game GUI Vol1/Playful/PNG/Dollar.png using Guid(59ec1a13a533548139b3cebe8ed491ba) Importer(2089858483,192608db42251d675da83286b1cce702) (ScriptedImporter) -> (artifact id: '0a530d3fa3e40433dd1b9eec050a851e') in 0.0138023 seconds
Number of updated asset objects reloaded before import = 0Number of asset objects unloaded after import = 3

========================================================================
Received Import Request.
  Time since last request: 0.000012 seconds.
  path: Assets/Game GUI Vol1/LazyDay/PNG/DownArrow.png
  artifactKey: Guid(4801c2af70dac4feebcefbb3e2f66fd7) Importer(2089858483,192608db42251d675da83286b1cce702)
Start importing Assets/Game GUI Vol1/LazyDay/PNG/DownArrow.png using Guid(4801c2af70dac4feebcefbb3e2f66fd7) Importer(2089858483,192608db42251d675da83286b1cce702) (ScriptedImporter) -> (artifact id: 'e8393eecc308295181fd847ffed66c3a') in 0.0142492 seconds
Number of updated asset objects reloaded before import = 0Number of asset objects unloaded after import = 3

========================================================================
Received Import Request.
  Time since last request: 0.000012 seconds.
  path: Assets/Game GUI Vol1/Playful/PNG/Trophy.png
  artifactKey: Guid(186dfa9d9d421454d9da3d5f547f3126) Importer(2089858483,192608db42251d675da83286b1cce702)
Start importing Assets/Game GUI Vol1/Playful/PNG/Trophy.png using Guid(186dfa9d9d421454d9da3d5f547f3126) Importer(2089858483,192608db42251d675da83286b1cce702) (ScriptedImporter) -> (artifact id: 'c72055c93aabb8f50391f208ecde87cf') in 0.0132154 seconds
Number of updated asset objects reloaded before import = 0Number of asset objects unloaded after import = 3

========================================================================
Received Import Request.
  Time since last request: 0.000015 seconds.
  path: Assets/Animation/UI/Extra Life/Show Ads Dialog.controller
  artifactKey: Guid(ea495ae1ac62045cd8861cd2ca42daca) Importer(2089858483,192608db42251d675da83286b1cce702)
Start importing Assets/Animation/UI/Extra Life/Show Ads Dialog.controller using Guid(ea495ae1ac62045cd8861cd2ca42daca) Importer(2089858483,192608db42251d675da83286b1cce702) (ScriptedImporter) -> (artifact id: 'ca060ea8d2a51c9e53f82e32c15542c2') in 0.0054795 seconds
Number of updated asset objects reloaded before import = 0Number of asset objects unloaded after import = 10

========================================================================
Received Import Request.
  Time since last request: 0.000013 seconds.
  path: Assets/Game GUI Vol1/Playful/PNG/DownArrow.png
  artifactKey: Guid(ca15e163733754df096397f031537b1d) Importer(2089858483,192608db42251d675da83286b1cce702)
Start importing Assets/Game GUI Vol1/Playful/PNG/DownArrow.png using Guid(ca15e163733754df096397f031537b1d) Importer(2089858483,192608db42251d675da83286b1cce702) (ScriptedImporter) -> (artifact id: '1dbc08ea98be18080c3adfd97af2d39e') in 0.013598 seconds
Number of updated asset objects reloaded before import = 0Number of asset objects unloaded after import = 3

========================================================================
Received Import Request.
  Time since last request: 0.000013 seconds.
  path: Assets/Test game/Prefab/Enemy 1.prefab
  artifactKey: Guid(d567f25e25ad9474aaa461e654e6d32a) Importer(2089858483,192608db42251d675da83286b1cce702)
Start importing Assets/Test game/Prefab/Enemy 1.prefab using Guid(d567f25e25ad9474aaa461e654e6d32a) Importer(2089858483,192608db42251d675da83286b1cce702) (ScriptedImporter) -> (artifact id: '2384e85e93366868d186ca417796f43d') in 0.0106249 seconds
Number of updated asset objects reloaded before import = 0Number of asset objects unloaded after import = 18

========================================================================
Received Import Request.
  Time since last request: 0.000021 seconds.
  path: Assets/Game GUI Vol1/LazyDay/PNG/Pause.png
  artifactKey: Guid(ff645a4c999a14801b1a714a2087338a) Importer(2089858483,192608db42251d675da83286b1cce702)
Start importing Assets/Game GUI Vol1/LazyDay/PNG/Pause.png using Guid(ff645a4c999a14801b1a714a2087338a) Importer(2089858483,192608db42251d675da83286b1cce702) (ScriptedImporter) -> (artifact id: 'd07da6b8ae7725b1b73b3e6322a77c65') in 0.0097509 seconds
Number of updated asset objects reloaded before import = 0Number of asset objects unloaded after import = 3

========================================================================
Received Import Request.
  Time since last request: 0.000014 seconds.
  path: Assets/Game GUI Vol1/Playful/PNG/GameCenter.png
  artifactKey: Guid(d7d1f598ffbd7431084c443549689ad9) Importer(2089858483,192608db42251d675da83286b1cce702)
Start importing Assets/Game GUI Vol1/Playful/PNG/GameCenter.png using Guid(d7d1f598ffbd7431084c443549689ad9) Importer(2089858483,192608db42251d675da83286b1cce702) (ScriptedImporter) -> (artifact id: 'a4f7980deffc9f49e64adbb06b99408c') in 0.0138604 seconds
Number of updated asset objects reloaded before import = 0Number of asset objects unloaded after import = 3

========================================================================
Received Import Request.
  Time since last request: 0.000013 seconds.
  path: Assets/Game GUI Vol1/LazyDay/PNG/UpArrow.png
  artifactKey: Guid(3629ce294ae2640b6a8137de2adde913) Importer(2089858483,192608db42251d675da83286b1cce702)
Start importing Assets/Game GUI Vol1/LazyDay/PNG/UpArrow.png using Guid(3629ce294ae2640b6a8137de2adde913) Importer(2089858483,192608db42251d675da83286b1cce702) (ScriptedImporter) -> (artifact id: '85e716298a32c6cb7412c4d7ead2e0a6') in 0.0126688 seconds
Number of updated asset objects reloaded before import = 0Number of asset objects unloaded after import = 3

========================================================================
Received Import Request.
  Time since last request: 0.000015 seconds.
  path: Assets/Game GUI Vol1/LazyDay/PNG/Plus.png
  artifactKey: Guid(c8d539ab64074495eb2513d09bf5b3cf) Importer(2089858483,192608db42251d675da83286b1cce702)
Start importing Assets/Game GUI Vol1/LazyDay/PNG/Plus.png using Guid(c8d539ab64074495eb2513d09bf5b3cf) Importer(2089858483,192608db42251d675da83286b1cce702) (ScriptedImporter) -> (artifact id: 'ee87e26a700e8b78bc0fa7ae6006f108') in 0.011567 seconds
Number of updated asset objects reloaded before import = 0Number of asset objects unloaded after import = 3

========================================================================
Received Import Request.
  Time since last request: 0.000012 seconds.
  path: Assets/Game GUI Vol1/PurpleRock/PNG/Minus.png
  artifactKey: Guid(9c29adab143964e72ac9925bed125d8a) Importer(2089858483,192608db42251d675da83286b1cce702)
Start importing Assets/Game GUI Vol1/PurpleRock/PNG/Minus.png using Guid(9c29adab143964e72ac9925bed125d8a) Importer(2089858483,192608db42251d675da83286b1cce702) (ScriptedImporter) -> (artifact id: '229c292a7cf82460dd9b41643a43a867') in 0.0137319 seconds
Number of updated asset objects reloaded before import = 0Number of asset objects unloaded after import = 3

========================================================================
Received Import Request.
  Time since last request: 0.000012 seconds.
  path: Assets/Unity Utility/Timer/TimerUI.cs
  artifactKey: Guid(cf8c9a0cc10994544baa5b99ca26ca62) Importer(2089858483,192608db42251d675da83286b1cce702)
Start importing Assets/Unity Utility/Timer/TimerUI.cs using Guid(cf8c9a0cc10994544baa5b99ca26ca62) Importer(2089858483,192608db42251d675da83286b1cce702) (ScriptedImporter) -> (artifact id: '160cecf1639eb791bd1ed35f1fc847a9') in 0.0049145 seconds
Number of updated asset objects reloaded before import = 0Number of asset objects unloaded after import = 0

========================================================================
Received Import Request.
  Time since last request: 0.000046 seconds.
  path: Assets/Game GUI Vol1/LazyDay/PNG/LeftArrow2.png
  artifactKey: Guid(5cf7cc585e72f4a4f9589d76a3a891f0) Importer(2089858483,192608db42251d675da83286b1cce702)
Start importing Assets/Game GUI Vol1/LazyDay/PNG/LeftArrow2.png using Guid(5cf7cc585e72f4a4f9589d76a3a891f0) Importer(2089858483,192608db42251d675da83286b1cce702) (ScriptedImporter) -> (artifact id: '9511cd8f752816f80458e4cd8167c9e8') in 0.0142277 seconds
Number of updated asset objects reloaded before import = 0Number of asset objects unloaded after import = 3

========================================================================
Received Import Request.
  Time since last request: 0.000014 seconds.
  path: Assets/Game GUI Vol1/Playful/PNG/Forward.png
  artifactKey: Guid(616e65414b8734419bc94481aa4f8be2) Importer(2089858483,192608db42251d675da83286b1cce702)
Start importing Assets/Game GUI Vol1/Playful/PNG/Forward.png using Guid(616e65414b8734419bc94481aa4f8be2) Importer(2089858483,192608db42251d675da83286b1cce702) (ScriptedImporter) -> (artifact id: 'a081bece5b60d3961b56ef31858b2e16') in 0.0145007 seconds
Number of updated asset objects reloaded before import = 0Number of asset objects unloaded after import = 3

========================================================================
Received Import Request.
  Time since last request: 0.000012 seconds.
  path: Assets/Game GUI Vol1/LazyDay/PNG/Play.png
  artifactKey: Guid(fc3341b3f1dac464baa311991f5499e0) Importer(2089858483,192608db42251d675da83286b1cce702)
Start importing Assets/Game GUI Vol1/LazyDay/PNG/Play.png using Guid(fc3341b3f1dac464baa311991f5499e0) Importer(2089858483,192608db42251d675da83286b1cce702) (ScriptedImporter) -> (artifact id: '5bf53b1e3cf9172d55001dbdc7aea74a') in 0.0115165 seconds
Number of updated asset objects reloaded before import = 0Number of asset objects unloaded after import = 3

========================================================================
Received Import Request.
  Time since last request: 0.000012 seconds.
  path: Assets/Test game/Updated Game_Profiles/Main Camera Profile.asset
  artifactKey: Guid(0a93fdc1a736a3546a494cec6269264a) Importer(2089858483,192608db42251d675da83286b1cce702)
Start importing Assets/Test game/Updated Game_Profiles/Main Camera Profile.asset using Guid(0a93fdc1a736a3546a494cec6269264a) Importer(2089858483,192608db42251d675da83286b1cce702) (ScriptedImporter) -> (artifact id: '5f932e259d47fccaba51c5724c57d1ab') in 0.0106481 seconds
Number of updated asset objects reloaded before import = 0Number of asset objects unloaded after import = 2

========================================================================
Received Import Request.
  Time since last request: 0.000044 seconds.
  path: Assets/Animation/UI/Start Game Panel/Start Game Panel.controller
  artifactKey: Guid(cea74f7810088a942a58ff30b225d739) Importer(2089858483,192608db42251d675da83286b1cce702)
Start importing Assets/Animation/UI/Start Game Panel/Start Game Panel.controller using Guid(cea74f7810088a942a58ff30b225d739) Importer(2089858483,192608db42251d675da83286b1cce702) (ScriptedImporter) -> (artifact id: '47157b92d2b2927f9e22a4e054d6417e') in 0.0071507 seconds
Number of updated asset objects reloaded before import = 0Number of asset objects unloaded after import = 14

========================================================================
Received Import Request.
  Time since last request: 0.000015 seconds.
  path: Assets/Animation/UI/Pause Panel/Pause Game Panel.controller
  artifactKey: Guid(4b427f54408fa824b871804a563cf849) Importer(2089858483,192608db42251d675da83286b1cce702)
Start importing Assets/Animation/UI/Pause Panel/Pause Game Panel.controller using Guid(4b427f54408fa824b871804a563cf849) Importer(2089858483,192608db42251d675da83286b1cce702) (ScriptedImporter) -> (artifact id: '8a73a8acd4b4c9a5a70a24996987c80f') in 0.0065894 seconds
Number of updated asset objects reloaded before import = 0Number of asset objects unloaded after import = 14

========================================================================
Received Import Request.
  Time since last request: 0.000013 seconds.
  path: Assets/Game GUI Vol1/Playful/Sprites/PlayfulBG-resized.png
  artifactKey: Guid(f2b033edcedaf437184c1c4cca7524a9) Importer(2089858483,192608db42251d675da83286b1cce702)
Start importing Assets/Game GUI Vol1/Playful/Sprites/PlayfulBG-resized.png using Guid(f2b033edcedaf437184c1c4cca7524a9) Importer(2089858483,192608db42251d675da83286b1cce702) (ScriptedImporter) -> (artifact id: 'ce96f30a120ff37f55f52bb386af543a') in 0.0193991 seconds
Number of updated asset objects reloaded before import = 0Number of asset objects unloaded after import = 3

========================================================================
Received Import Request.
  Time since last request: 0.000016 seconds.
  path: Assets/Game GUI Vol1/PurpleRock/PNG/RightArrow2.png
  artifactKey: Guid(7a9bf3ca46891465fb5d44d7ce02e2a1) Importer(2089858483,192608db42251d675da83286b1cce702)
Start importing Assets/Game GUI Vol1/PurpleRock/PNG/RightArrow2.png using Guid(7a9bf3ca46891465fb5d44d7ce02e2a1) Importer(2089858483,192608db42251d675da83286b1cce702) (ScriptedImporter) -> (artifact id: 'aca4be358d25f96c407cece7aa701e05') in 0.0134232 seconds
Number of updated asset objects reloaded before import = 0Number of asset objects unloaded after import = 3

========================================================================
Received Import Request.
  Time since last request: 0.000016 seconds.
  path: Assets/Animation/UI/Start Game Panel/StartMenu_PlayButton_Scale.anim
  artifactKey: Guid(987b56083733d76429f8e0bbf158bdcd) Importer(2089858483,192608db42251d675da83286b1cce702)
Start importing Assets/Animation/UI/Start Game Panel/StartMenu_PlayButton_Scale.anim using Guid(987b56083733d76429f8e0bbf158bdcd) Importer(2089858483,192608db42251d675da83286b1cce702) (ScriptedImporter) -> (artifact id: '8883c67e6b63f3ac1db616cc9e44ec49') in 0.0066088 seconds
Number of updated asset objects reloaded before import = 0Number of asset objects unloaded after import = 1

========================================================================
Received Import Request.
  Time since last request: 0.000034 seconds.
  path: Assets/Game GUI Vol1/PurpleRock/PNG/Home.png
  artifactKey: Guid(fa2020b0e49b040ecb52762bcefdd053) Importer(2089858483,192608db42251d675da83286b1cce702)
Start importing Assets/Game GUI Vol1/PurpleRock/PNG/Home.png using Guid(fa2020b0e49b040ecb52762bcefdd053) Importer(2089858483,192608db42251d675da83286b1cce702) (ScriptedImporter) -> (artifact id: 'c1484bea5b7a1f65ae3b261b21d907cd') in 0.0147234 seconds
Number of updated asset objects reloaded before import = 0Number of asset objects unloaded after import = 3

========================================================================
Received Import Request.
  Time since last request: 0.000015 seconds.
  path: Assets/Game GUI Vol1/LazyDay/PNG/Email.png
  artifactKey: Guid(1157603c9e47a409b9a75b91ff561c00) Importer(2089858483,192608db42251d675da83286b1cce702)
Start importing Assets/Game GUI Vol1/LazyDay/PNG/Email.png using Guid(1157603c9e47a409b9a75b91ff561c00) Importer(2089858483,192608db42251d675da83286b1cce702) (ScriptedImporter) -> (artifact id: '5361dbce07df28fc00cc6b082e46b4ec') in 0.0143891 seconds
Number of updated asset objects reloaded before import = 0Number of asset objects unloaded after import = 3

========================================================================
Received Import Request.
  Time since last request: 0.000019 seconds.
  path: Assets/Game GUI Vol1/LazyDay/PNG/Restart.png
  artifactKey: Guid(111d4f982ceb3429b821a87e5f3cc18a) Importer(2089858483,192608db42251d675da83286b1cce702)
Start importing Assets/Game GUI Vol1/LazyDay/PNG/Restart.png using Guid(111d4f982ceb3429b821a87e5f3cc18a) Importer(2089858483,192608db42251d675da83286b1cce702) (ScriptedImporter) -> (artifact id: '7e62eb1bc1c38409bae2c1f46d455579') in 0.0110687 seconds
Number of updated asset objects reloaded before import = 0Number of asset objects unloaded after import = 3

========================================================================
Received Import Request.
  Time since last request: 0.000019 seconds.
  path: Assets/Game GUI Vol1/Playful/PNG/Restart.png
  artifactKey: Guid(f411799d2db434ea7a9cad5c2cbb23d1) Importer(2089858483,192608db42251d675da83286b1cce702)
Start importing Assets/Game GUI Vol1/Playful/PNG/Restart.png using Guid(f411799d2db434ea7a9cad5c2cbb23d1) Importer(2089858483,192608db42251d675da83286b1cce702) (ScriptedImporter) -> (artifact id: 'c7f630c9b6f6f09913e62e616c0bd10f') in 0.0141762 seconds
Number of updated asset objects reloaded before import = 0Number of asset objects unloaded after import = 3

========================================================================
Received Import Request.
  Time since last request: 0.000083 seconds.
  path: Assets/Game GUI Vol1/PurpleRock/PNG/Forward.png
  artifactKey: Guid(74532214feff94118a3eff4b6f865489) Importer(2089858483,192608db42251d675da83286b1cce702)
Start importing Assets/Game GUI Vol1/PurpleRock/PNG/Forward.png using Guid(74532214feff94118a3eff4b6f865489) Importer(2089858483,192608db42251d675da83286b1cce702) (ScriptedImporter) -> (artifact id: '86b64bb7e52b811c97dd3907f6be1405') in 0.0126931 seconds
Number of updated asset objects reloaded before import = 0Number of asset objects unloaded after import = 3

========================================================================
Received Import Request.
  Time since last request: 0.000011 seconds.
  path: Assets/Game GUI Vol1/PurpleRock/PNG/Menu.png
  artifactKey: Guid(5607024d493b549c69e86596366a7fa2) Importer(2089858483,192608db42251d675da83286b1cce702)
Start importing Assets/Game GUI Vol1/PurpleRock/PNG/Menu.png using Guid(5607024d493b549c69e86596366a7fa2) Importer(2089858483,192608db42251d675da83286b1cce702) (ScriptedImporter) -> (artifact id: 'b71e5e9ab0e4801aed473317dc73dc56') in 0.0139583 seconds
Number of updated asset objects reloaded before import = 0Number of asset objects unloaded after import = 3

========================================================================
Received Import Request.
  Time since last request: 0.000016 seconds.
  path: Assets/Animation/UI/Start Game Panel/StartMenu_Appear.anim
  artifactKey: Guid(019fc965c3dbc3141a92348fc8d34efb) Importer(2089858483,192608db42251d675da83286b1cce702)
Start importing Assets/Animation/UI/Start Game Panel/StartMenu_Appear.anim using Guid(019fc965c3dbc3141a92348fc8d34efb) Importer(2089858483,192608db42251d675da83286b1cce702) (ScriptedImporter) -> (artifact id: '2a71da5797714496787af5ff9f6b6178') in 0.0098723 seconds
Number of updated asset objects reloaded before import = 0Number of asset objects unloaded after import = 1

========================================================================
Received Import Request.
  Time since last request: 0.000042 seconds.
  path: Assets/Game GUI Vol1/LazyDay/PNG/Star.png
  artifactKey: Guid(48ef7593f17504acea11af90fd3e4d92) Importer(2089858483,192608db42251d675da83286b1cce702)
Start importing Assets/Game GUI Vol1/LazyDay/PNG/Star.png using Guid(48ef7593f17504acea11af90fd3e4d92) Importer(2089858483,192608db42251d675da83286b1cce702) (ScriptedImporter) -> (artifact id: '319e7832f3235ad1e5c325934ff35d5f') in 0.0112163 seconds
Number of updated asset objects reloaded before import = 0Number of asset objects unloaded after import = 3

========================================================================
Received Import Request.
  Time since last request: 0.000014 seconds.
  path: Assets/Game GUI Vol1/Playful/PNG/Cancel.png
  artifactKey: Guid(19a991bbda38944fe9e46b17c9c7ce70) Importer(2089858483,192608db42251d675da83286b1cce702)
Start importing Assets/Game GUI Vol1/Playful/PNG/Cancel.png using Guid(19a991bbda38944fe9e46b17c9c7ce70) Importer(2089858483,192608db42251d675da83286b1cce702) (ScriptedImporter) -> (artifact id: '33536cdc943baa2d0436b7bee5160bc1') in 0.0155083 seconds
Number of updated asset objects reloaded before import = 0Number of asset objects unloaded after import = 3

========================================================================
Received Import Request.
  Time since last request: 0.000013 seconds.
  path: Assets/Game GUI Vol1/LazyDay/PNG/Shop.png
  artifactKey: Guid(36abed496fd744f97a71c25c6cd31f46) Importer(2089858483,192608db42251d675da83286b1cce702)
Start importing Assets/Game GUI Vol1/LazyDay/PNG/Shop.png using Guid(36abed496fd744f97a71c25c6cd31f46) Importer(2089858483,192608db42251d675da83286b1cce702) (ScriptedImporter) -> (artifact id: '9ba35ab07bd7b9526b7631351e020448') in 0.0110787 seconds
Number of updated asset objects reloaded before import = 0Number of asset objects unloaded after import = 3

========================================================================
Received Import Request.
  Time since last request: 0.000039 seconds.
  path: Assets/Game GUI Vol1/Playful/PNG/UpArrow.png
  artifactKey: Guid(bf4f8c4ec9d894084a787e5999d407a7) Importer(2089858483,192608db42251d675da83286b1cce702)
Start importing Assets/Game GUI Vol1/Playful/PNG/UpArrow.png using Guid(bf4f8c4ec9d894084a787e5999d407a7) Importer(2089858483,192608db42251d675da83286b1cce702) (ScriptedImporter) -> (artifact id: '52793b52efe23b83a07da3d1f6f34ba5') in 0.0129435 seconds
Number of updated asset objects reloaded before import = 0Number of asset objects unloaded after import = 3

========================================================================
Received Import Request.
  Time since last request: 0.000018 seconds.
  path: Assets/Game GUI Vol1/PurpleRock/PNG/Play.png
  artifactKey: Guid(2f5f88874246f4ebbaca620f3cd37fad) Importer(2089858483,192608db42251d675da83286b1cce702)
Start importing Assets/Game GUI Vol1/PurpleRock/PNG/Play.png using Guid(2f5f88874246f4ebbaca620f3cd37fad) Importer(2089858483,192608db42251d675da83286b1cce702) (ScriptedImporter) -> (artifact id: '87b6917719a2b47f7a51434afdc747ce') in 0.0126832 seconds
Number of updated asset objects reloaded before import = 0Number of asset objects unloaded after import = 3

========================================================================
Received Import Request.
  Time since last request: 0.000013 seconds.
  path: Assets/Animation/UI/Extra Life/panelAppearing.anim
  artifactKey: Guid(82fe9ddab99274bf387de398878a03ec) Importer(2089858483,192608db42251d675da83286b1cce702)
Start importing Assets/Animation/UI/Extra Life/panelAppearing.anim using Guid(82fe9ddab99274bf387de398878a03ec) Importer(2089858483,192608db42251d675da83286b1cce702) (ScriptedImporter) -> (artifact id: '640f6b0b2a39362c1e15039882fa4496') in 0.0064595 seconds
Number of updated asset objects reloaded before import = 0Number of asset objects unloaded after import = 1

========================================================================
Received Import Request.
  Time since last request: 0.000030 seconds.
  path: Assets/Test game/Prefab/player Explosion.prefab
  artifactKey: Guid(234616e6d5d800b41a10b220183d4336) Importer(2089858483,192608db42251d675da83286b1cce702)
Start importing Assets/Test game/Prefab/player Explosion.prefab using Guid(234616e6d5d800b41a10b220183d4336) Importer(2089858483,192608db42251d675da83286b1cce702) (ScriptedImporter) -> (artifact id: '59659d547144e7ad4c76fc848fce3d18') in 0.0323162 seconds
Number of updated asset objects reloaded before import = 0Number of asset objects unloaded after import = 6

========================================================================
Received Import Request.
  Time since last request: 0.000018 seconds.
  path: Assets/Animation/UI/Pause Panel/ScaleUp_resume.anim
  artifactKey: Guid(49b2187c5be01964cbf7de7a630d47a5) Importer(2089858483,192608db42251d675da83286b1cce702)
Start importing Assets/Animation/UI/Pause Panel/ScaleUp_resume.anim using Guid(49b2187c5be01964cbf7de7a630d47a5) Importer(2089858483,192608db42251d675da83286b1cce702) (ScriptedImporter) -> (artifact id: '06702245227e48fbb59fb5763603d356') in 0.0064552 seconds
Number of updated asset objects reloaded before import = 0Number of asset objects unloaded after import = 1

========================================================================
Received Import Request.
  Time since last request: 0.000060 seconds.
  path: Assets/Game GUI Vol1/Playful/PNG/Info.png
  artifactKey: Guid(f93edb3ee7d134cca84bf9788ebc2818) Importer(2089858483,192608db42251d675da83286b1cce702)
Start importing Assets/Game GUI Vol1/Playful/PNG/Info.png using Guid(f93edb3ee7d134cca84bf9788ebc2818) Importer(2089858483,192608db42251d675da83286b1cce702) (ScriptedImporter) -> (artifact id: '6fce40d14d2f7180daa027f8ac9d4d9a') in 0.0143788 seconds
Number of updated asset objects reloaded before import = 0Number of asset objects unloaded after import = 3

========================================================================
Received Import Request.
  Time since last request: 0.000012 seconds.
  path: Assets/Game GUI Vol1/LazyDay/PNG/Backward.png
  artifactKey: Guid(64a5151e5a4ed4c8b9a85b7e853e6d2f) Importer(2089858483,192608db42251d675da83286b1cce702)
Start importing Assets/Game GUI Vol1/LazyDay/PNG/Backward.png using Guid(64a5151e5a4ed4c8b9a85b7e853e6d2f) Importer(2089858483,192608db42251d675da83286b1cce702) (ScriptedImporter) -> (artifact id: '50b96a6d06c9347bb1339d081c797a8f') in 0.0218428 seconds
Number of updated asset objects reloaded before import = 0Number of asset objects unloaded after import = 3

========================================================================
Received Import Request.
  Time since last request: 0.000016 seconds.
  path: Assets/GoogleMobileAds/Api/Core/MaxAdContentRating.cs
  artifactKey: Guid(46f30b0f9098945189771fb2da24e4c7) Importer(2089858483,192608db42251d675da83286b1cce702)
Start importing Assets/GoogleMobileAds/Api/Core/MaxAdContentRating.cs using Guid(46f30b0f9098945189771fb2da24e4c7) Importer(2089858483,192608db42251d675da83286b1cce702) (ScriptedImporter) -> (artifact id: 'dcbeacc741fee2a2fc4cc530552dbf8d') in 0.0053289 seconds
Number of updated asset objects reloaded before import = 0Number of asset objects unloaded after import = 0

========================================================================
Received Import Request.
  Time since last request: 0.000024 seconds.
  path: Assets/Game GUI Vol1/WoodenBlocks/Sprites/WoodenBG-resized.png
  artifactKey: Guid(278249b5f3eca4d38be55ca9a2a87e0c) Importer(2089858483,192608db42251d675da83286b1cce702)
Start importing Assets/Game GUI Vol1/WoodenBlocks/Sprites/WoodenBG-resized.png using Guid(278249b5f3eca4d38be55ca9a2a87e0c) Importer(2089858483,192608db42251d675da83286b1cce702) (ScriptedImporter) -> (artifact id: '752a8e1fde55c2688f53f9c9012ab659') in 0.0149894 seconds
Number of updated asset objects reloaded before import = 0Number of asset objects unloaded after import = 3

========================================================================
Received Import Request.
  Time since last request: 0.000029 seconds.
  path: Assets/GoogleMobileAds/Platforms/Android/AdLoaderClient.cs
  artifactKey: Guid(5bc0a5f7f000d4027bd3e5192cc1269a) Importer(2089858483,192608db42251d675da83286b1cce702)
Start importing Assets/GoogleMobileAds/Platforms/Android/AdLoaderClient.cs using Guid(5bc0a5f7f000d4027bd3e5192cc1269a) Importer(2089858483,192608db42251d675da83286b1cce702) (ScriptedImporter) -> (artifact id: 'fd82963f34b2eb4fb79cfab192253019') in 0.004805 seconds
Number of updated asset objects reloaded before import = 0Number of asset objects unloaded after import = 0

========================================================================
Received Import Request.
  Time since last request: 0.007891 seconds.
  path: Assets/GoogleMobileAds/Platforms/Android/RewardBasedVideoAdClient.cs
  artifactKey: Guid(a1e210d603a434d7ba2021f95f0d666c) Importer(2089858483,192608db42251d675da83286b1cce702)
Start importing Assets/GoogleMobileAds/Platforms/Android/RewardBasedVideoAdClient.cs using Guid(a1e210d603a434d7ba2021f95f0d666c) Importer(2089858483,192608db42251d675da83286b1cce702) (ScriptedImporter) -> (artifact id: '6a4e3b4a0c5de94417f6ba399fae0fb8') in 0.0049855 seconds
Number of updated asset objects reloaded before import = 0Number of asset objects unloaded after import = 0

========================================================================
Received Import Request.
  Time since last request: 0.000047 seconds.
  path: Assets/Game GUI Vol1/WoodenBlocks/PNG/GooglePlus.png
  artifactKey: Guid(b6ac349d9494c4899bb71d2f222547eb) Importer(2089858483,192608db42251d675da83286b1cce702)
Start importing Assets/Game GUI Vol1/WoodenBlocks/PNG/GooglePlus.png using Guid(b6ac349d9494c4899bb71d2f222547eb) Importer(2089858483,192608db42251d675da83286b1cce702) (ScriptedImporter) -> (artifact id: '7675e490d1281e526504b202d5569f0c') in 0.0140598 seconds
Number of updated asset objects reloaded before import = 0Number of asset objects unloaded after import = 3

========================================================================
Received Import Request.
  Time since last request: 0.000013 seconds.
  path: Assets/Game GUI Vol1/WoodenBlocks/PNG/DownArrow.png
  artifactKey: Guid(d5b8393f09eb6470e905ec740629c4a9) Importer(2089858483,192608db42251d675da83286b1cce702)
Start importing Assets/Game GUI Vol1/WoodenBlocks/PNG/DownArrow.png using Guid(d5b8393f09eb6470e905ec740629c4a9) Importer(2089858483,192608db42251d675da83286b1cce702) (ScriptedImporter) -> (artifact id: '871e9ec4c1e3f12d4cf97402c3cc0fd4') in 0.013985 seconds
Number of updated asset objects reloaded before import = 0Number of asset objects unloaded after import = 3

========================================================================
Received Import Request.
  Time since last request: 0.000013 seconds.
  path: Assets/GoogleMobileAds/Api/Core/AdPosition.cs
  artifactKey: Guid(cb883bd6de7584eaa9c1979eb3236bde) Importer(2089858483,192608db42251d675da83286b1cce702)
Start importing Assets/GoogleMobileAds/Api/Core/AdPosition.cs using Guid(cb883bd6de7584eaa9c1979eb3236bde) Importer(2089858483,192608db42251d675da83286b1cce702) (ScriptedImporter) -> (artifact id: 'f29ee4d75462e9c665eab9015715a37b') in 0.0045853 seconds
Number of updated asset objects reloaded before import = 0Number of asset objects unloaded after import = 0

========================================================================
Received Import Request.
  Time since last request: 0.000047 seconds.
  path: Assets/Game GUI Vol1/WoodenBlocks/PNG/Twitter.png
  artifactKey: Guid(7010a400a94bc4ca098a158cd29f6669) Importer(2089858483,192608db42251d675da83286b1cce702)
Start importing Assets/Game GUI Vol1/WoodenBlocks/PNG/Twitter.png using Guid(7010a400a94bc4ca098a158cd29f6669) Importer(2089858483,192608db42251d675da83286b1cce702) (ScriptedImporter) -> (artifact id: 'cf69dd4c17aa36826290f6a250d56fa0') in 0.0127986 seconds
Number of updated asset objects reloaded before import = 0Number of asset objects unloaded after import = 3

========================================================================
Received Import Request.
  Time since last request: 0.000013 seconds.
  path: Assets/Game GUI Vol1/WoodenBlocks/PNG/Backward.png
  artifactKey: Guid(c916bf149f09c459089a45701474d78c) Importer(2089858483,192608db42251d675da83286b1cce702)
Start importing Assets/Game GUI Vol1/WoodenBlocks/PNG/Backward.png using Guid(c916bf149f09c459089a45701474d78c) Importer(2089858483,192608db42251d675da83286b1cce702) (ScriptedImporter) -> (artifact id: '66589247842ace47133f205a7755ed24') in 0.0129743 seconds
Number of updated asset objects reloaded before import = 0Number of asset objects unloaded after import = 3

========================================================================
Received Import Request.
  Time since last request: 0.000015 seconds.
  path: Assets/GoogleMobileAds/Platforms/iOS/MonoPInvokeCallbackAttribute.cs
  artifactKey: Guid(3e9c3522c966c4c2cadfb64f2b984bbb) Importer(2089858483,192608db42251d675da83286b1cce702)
Start importing Assets/GoogleMobileAds/Platforms/iOS/MonoPInvokeCallbackAttribute.cs using Guid(3e9c3522c966c4c2cadfb64f2b984bbb) Importer(2089858483,192608db42251d675da83286b1cce702) (ScriptedImporter) -> (artifact id: '62f98e489d82e004fa208a45608095b8') in 0.0056566 seconds
Number of updated asset objects reloaded before import = 0Number of asset objects unloaded after import = 0

========================================================================
Received Import Request.
  Time since last request: 0.000060 seconds.
  path: Assets/Game GUI Vol1/PurpleRock/PNG/Twitter.png
  artifactKey: Guid(6dc0c810562fd40d480bb4a2b0e2c3eb) Importer(2089858483,192608db42251d675da83286b1cce702)
Start importing Assets/Game GUI Vol1/PurpleRock/PNG/Twitter.png using Guid(6dc0c810562fd40d480bb4a2b0e2c3eb) Importer(2089858483,192608db42251d675da83286b1cce702) (ScriptedImporter) -> (artifact id: 'a4ed381482d349372baec95d83f42c63') in 0.0140273 seconds
Number of updated asset objects reloaded before import = 0Number of asset objects unloaded after import = 3

========================================================================
Received Import Request.
  Time since last request: 0.000017 seconds.
  path: Assets/GoogleMobileAds/Platforms/iOS/GoogleMobileAdsClientFactory.cs
  artifactKey: Guid(6639aa610a07a4c3ba4badb79e071756) Importer(2089858483,192608db42251d675da83286b1cce702)
Start importing Assets/GoogleMobileAds/Platforms/iOS/GoogleMobileAdsClientFactory.cs using Guid(6639aa610a07a4c3ba4badb79e071756) Importer(2089858483,192608db42251d675da83286b1cce702) (ScriptedImporter) -> (artifact id: 'a72aa237fa649f13fe72bf8db112bce0') in 0.0048721 seconds
Number of updated asset objects reloaded before import = 0Number of asset objects unloaded after import = 0

========================================================================
Received Import Request.
  Time since last request: 0.000038 seconds.
  path: Assets/Game GUI Vol1/PurpleRock/PNG/Yes.png
  artifactKey: Guid(6ed18601f275b4f8fa32d21d0f35343c) Importer(2089858483,192608db42251d675da83286b1cce702)
Start importing Assets/Game GUI Vol1/PurpleRock/PNG/Yes.png using Guid(6ed18601f275b4f8fa32d21d0f35343c) Importer(2089858483,192608db42251d675da83286b1cce702) (ScriptedImporter) -> (artifact id: 'd7f181a924e1564b10e6151a61a4a529') in 0.0135661 seconds
Number of updated asset objects reloaded before import = 0Number of asset objects unloaded after import = 3

========================================================================
Received Import Request.
  Time since last request: 0.000012 seconds.
  path: Assets/Game GUI Vol1/PurpleRock/PNG/Star.png
  artifactKey: Guid(0fd1070f9532941f6a6fdf5719a3fd1a) Importer(2089858483,192608db42251d675da83286b1cce702)
Start importing Assets/Game GUI Vol1/PurpleRock/PNG/Star.png using Guid(0fd1070f9532941f6a6fdf5719a3fd1a) Importer(2089858483,192608db42251d675da83286b1cce702) (ScriptedImporter) -> (artifact id: '8f83a62e9dac1b84ad79298392d3b660') in 0.0129692 seconds
Number of updated asset objects reloaded before import = 0Number of asset objects unloaded after import = 3

========================================================================
Received Import Request.
  Time since last request: 0.000012 seconds.
  path: Assets/Game GUI Vol1/PurpleRock/PNG/LeftArrow2.png
  artifactKey: Guid(2967f194254044f96abcd9634aaae57b) Importer(2089858483,192608db42251d675da83286b1cce702)
Start importing Assets/Game GUI Vol1/PurpleRock/PNG/LeftArrow2.png using Guid(2967f194254044f96abcd9634aaae57b) Importer(2089858483,192608db42251d675da83286b1cce702) (ScriptedImporter) -> (artifact id: 'a747b7274b1de89cf40ecac1f7a58151') in 0.0143411 seconds
Number of updated asset objects reloaded before import = 0Number of asset objects unloaded after import = 3

========================================================================
Received Import Request.
  Time since last request: 0.000013 seconds.
  path: Assets/Game GUI Vol1/LazyDay/PNG/Cancel.png
  artifactKey: Guid(1c8431185995a43f4a7544bcb872b5db) Importer(2089858483,192608db42251d675da83286b1cce702)
Start importing Assets/Game GUI Vol1/LazyDay/PNG/Cancel.png using Guid(1c8431185995a43f4a7544bcb872b5db) Importer(2089858483,192608db42251d675da83286b1cce702) (ScriptedImporter) -> (artifact id: '3a31cb790fbfeb976b74de0a45caf814') in 0.0101794 seconds
Number of updated asset objects reloaded before import = 0Number of asset objects unloaded after import = 3

========================================================================
Received Import Request.
  Time since last request: 0.000012 seconds.
  path: Assets/GoogleMobileAds/Platforms/iOS/ResponseInfoClient.cs
  artifactKey: Guid(ddfb8894e133a47cba7ce4d97c526035) Importer(2089858483,192608db42251d675da83286b1cce702)
Start importing Assets/GoogleMobileAds/Platforms/iOS/ResponseInfoClient.cs using Guid(ddfb8894e133a47cba7ce4d97c526035) Importer(2089858483,192608db42251d675da83286b1cce702) (ScriptedImporter) -> (artifact id: '247eab968cc13f71ae2c4af8b5ac6626') in 0.0079231 seconds
Number of updated asset objects reloaded before import = 0Number of asset objects unloaded after import = 0

========================================================================
Received Import Request.
  Time since last request: 0.000063 seconds.
  path: Assets/Game GUI Vol1/LazyDay/PNG/Settings.png
  artifactKey: Guid(25c2d239600db471aabc8ffa640bc0ae) Importer(2089858483,192608db42251d675da83286b1cce702)
Start importing Assets/Game GUI Vol1/LazyDay/PNG/Settings.png using Guid(25c2d239600db471aabc8ffa640bc0ae) Importer(2089858483,192608db42251d675da83286b1cce702) (ScriptedImporter) -> (artifact id: '9a5d00f411c0f5b9654b9c292b6d24ce') in 0.0132814 seconds
Number of updated asset objects reloaded before import = 0Number of asset objects unloaded after import = 3

========================================================================
Received Import Request.
  Time since last request: 0.000013 seconds.
  path: Assets/GoogleMobileAds/Platforms/Android/DisplayMetrics.cs
  artifactKey: Guid(cf7395fcbda8f4d9ab9b39576d0a6115) Importer(2089858483,192608db42251d675da83286b1cce702)
Start importing Assets/GoogleMobileAds/Platforms/Android/DisplayMetrics.cs using Guid(cf7395fcbda8f4d9ab9b39576d0a6115) Importer(2089858483,192608db42251d675da83286b1cce702) (ScriptedImporter) -> (artifact id: 'c935355c8a5faf7550fe8444bf4fcb94') in 0.0047658 seconds
Number of updated asset objects reloaded before import = 0Number of asset objects unloaded after import = 0

========================================================================
Received Import Request.
  Time since last request: 0.000050 seconds.
  path: Assets/Test game/Scripts/InputClicked.cs
  artifactKey: Guid(52dcc7dd1f793f14ab6801f666927ec4) Importer(2089858483,192608db42251d675da83286b1cce702)
Start importing Assets/Test game/Scripts/InputClicked.cs using Guid(52dcc7dd1f793f14ab6801f666927ec4) Importer(2089858483,192608db42251d675da83286b1cce702) (ScriptedImporter) -> (artifact id: '7cc5bfee448a382048e0235ccd70816f') in 0.0050309 seconds
Number of updated asset objects reloaded before import = 0Number of asset objects unloaded after import = 0

========================================================================
Received Import Request.
  Time since last request: 0.000056 seconds.
  path: Assets/Game GUI Vol1/PurpleRock/PNG/DownArrow.png
  artifactKey: Guid(7c34b0ecb12224eb88343135a587bfb1) Importer(2089858483,192608db42251d675da83286b1cce702)
Start importing Assets/Game GUI Vol1/PurpleRock/PNG/DownArrow.png using Guid(7c34b0ecb12224eb88343135a587bfb1) Importer(2089858483,192608db42251d675da83286b1cce702) (ScriptedImporter) -> (artifact id: '25b959a8b76a1be704ebb67ad4d6275c') in 0.0144492 seconds
Number of updated asset objects reloaded before import = 0Number of asset objects unloaded after import = 3

========================================================================
Received Import Request.
  Time since last request: 0.000015 seconds.
  path: Assets/Game GUI Vol1/Playful/PNG/Yes.png
  artifactKey: Guid(3450eb53f02974cc38c1ef039141f7f4) Importer(2089858483,192608db42251d675da83286b1cce702)
Start importing Assets/Game GUI Vol1/Playful/PNG/Yes.png using Guid(3450eb53f02974cc38c1ef039141f7f4) Importer(2089858483,192608db42251d675da83286b1cce702) (ScriptedImporter) -> (artifact id: 'e58ff1aeafa240a61b50583aaea51d40') in 0.0150356 seconds
Number of updated asset objects reloaded before import = 0Number of asset objects unloaded after import = 3

========================================================================
Received Import Request.
  Time since last request: 0.000011 seconds.
  path: Assets/Game GUI Vol1/LazyDay/Sprites/LazyDayBG-resized.png
  artifactKey: Guid(e172132fe1d2244be9ab527153041e5a) Importer(2089858483,192608db42251d675da83286b1cce702)
Start importing Assets/Game GUI Vol1/LazyDay/Sprites/LazyDayBG-resized.png using Guid(e172132fe1d2244be9ab527153041e5a) Importer(2089858483,192608db42251d675da83286b1cce702) (ScriptedImporter) -> (artifact id: '367a5bf43179eec6eefa9539828662ad') in 0.0173684 seconds
Number of updated asset objects reloaded before import = 0Number of asset objects unloaded after import = 3

========================================================================
Received Import Request.
  Time since last request: 0.000012 seconds.
  path: Assets/Game GUI Vol1/Playful/PNG/Pause.png
  artifactKey: Guid(4d901cadb1574446ea83838465c11d86) Importer(2089858483,192608db42251d675da83286b1cce702)
Start importing Assets/Game GUI Vol1/Playful/PNG/Pause.png using Guid(4d901cadb1574446ea83838465c11d86) Importer(2089858483,192608db42251d675da83286b1cce702) (ScriptedImporter) -> (artifact id: '9fe436346db0b9e210162731ec38d319') in 0.0147549 seconds
Number of updated asset objects reloaded before import = 0Number of asset objects unloaded after import = 3

========================================================================
Received Import Request.
  Time since last request: 0.000012 seconds.
  path: Assets/Game GUI Vol1/PurpleRock/PNG/Facebook.png
  artifactKey: Guid(9a1a5c88aec014771a05272f2062e021) Importer(2089858483,192608db42251d675da83286b1cce702)
Start importing Assets/Game GUI Vol1/PurpleRock/PNG/Facebook.png using Guid(9a1a5c88aec014771a05272f2062e021) Importer(2089858483,192608db42251d675da83286b1cce702) (ScriptedImporter) -> (artifact id: 'b68d4f1fff3adfbea12856feffea4bbd') in 0.0155544 seconds
Number of updated asset objects reloaded before import = 0Number of asset objects unloaded after import = 3

========================================================================
Received Import Request.
  Time since last request: 0.000012 seconds.
  path: Assets/GoogleMobileAds/Platforms/Android/RequestConfigurationClient.cs
  artifactKey: Guid(5ec7d824af4d448a0b5284adfc710154) Importer(2089858483,192608db42251d675da83286b1cce702)
Start importing Assets/GoogleMobileAds/Platforms/Android/RequestConfigurationClient.cs using Guid(5ec7d824af4d448a0b5284adfc710154) Importer(2089858483,192608db42251d675da83286b1cce702) (ScriptedImporter) -> (artifact id: '4676324ad571829f9c9a76d7176a755d') in 0.0050588 seconds
Number of updated asset objects reloaded before import = 0Number of asset objects unloaded after import = 0

========================================================================
Received Import Request.
  Time since last request: 0.000048 seconds.
  path: Assets/GoogleMobileAds/Platforms/iOS/RewardBasedVideoAdClient.cs
  artifactKey: Guid(9a286a90e882c4cd59f81ee4dc9d41ca) Importer(2089858483,192608db42251d675da83286b1cce702)
Start importing Assets/GoogleMobileAds/Platforms/iOS/RewardBasedVideoAdClient.cs using Guid(9a286a90e882c4cd59f81ee4dc9d41ca) Importer(2089858483,192608db42251d675da83286b1cce702) (ScriptedImporter) -> (artifact id: '6348ea100a9a09f320151f7cf971a32a') in 0.0042941 seconds
Number of updated asset objects reloaded before import = 0Number of asset objects unloaded after import = 0

========================================================================
Received Import Request.
  Time since last request: 0.000061 seconds.
  path: Assets/Game GUI Vol1/WoodenBlocks/PNG/Restart.png
  artifactKey: Guid(59e899b457bb24211ba8899f1a5d1d8b) Importer(2089858483,192608db42251d675da83286b1cce702)
Start importing Assets/Game GUI Vol1/WoodenBlocks/PNG/Restart.png using Guid(59e899b457bb24211ba8899f1a5d1d8b) Importer(2089858483,192608db42251d675da83286b1cce702) (ScriptedImporter) -> (artifact id: 'd8d815091562573f633fd541f8e1bbda') in 0.0113463 seconds
Number of updated asset objects reloaded before import = 0Number of asset objects unloaded after import = 3

========================================================================
Received Import Request.
  Time since last request: 0.000012 seconds.
  path: Assets/Game GUI Vol1/Playful/PNG/Play.png
  artifactKey: Guid(ce857edf439f7445da139f48a7f3dcd4) Importer(2089858483,192608db42251d675da83286b1cce702)
Start importing Assets/Game GUI Vol1/Playful/PNG/Play.png using Guid(ce857edf439f7445da139f48a7f3dcd4) Importer(2089858483,192608db42251d675da83286b1cce702) (ScriptedImporter) -> (artifact id: '893cf7c6eb9398a1a1c5897aeb559f3b') in 0.0137744 seconds
Number of updated asset objects reloaded before import = 0Number of asset objects unloaded after import = 3

========================================================================
Received Import Request.
  Time since last request: 0.000011 seconds.
  path: Assets/Game GUI Vol1/Playful/PNG/Star.png
  artifactKey: Guid(198d72b902f744f1782e556c1aaced54) Importer(2089858483,192608db42251d675da83286b1cce702)
Start importing Assets/Game GUI Vol1/Playful/PNG/Star.png using Guid(198d72b902f744f1782e556c1aaced54) Importer(2089858483,192608db42251d675da83286b1cce702) (ScriptedImporter) -> (artifact id: '91905f98d04fd98a8b697e7ada2d1622') in 0.0140977 seconds
Number of updated asset objects reloaded before import = 0Number of asset objects unloaded after import = 3

========================================================================
Received Import Request.
  Time since last request: 0.000012 seconds.
  path: Assets/Plugins/iOS/GADUTypes.h
  artifactKey: Guid(2472add27fac24d668d3107260d310ee) Importer(2089858483,192608db42251d675da83286b1cce702)
Start importing Assets/Plugins/iOS/GADUTypes.h using Guid(2472add27fac24d668d3107260d310ee) Importer(2089858483,192608db42251d675da83286b1cce702) (ScriptedImporter) -> (artifact id: 'c72bd8eee7cac65b0d6bef1e2f51d469') in 0.0047166 seconds
Number of updated asset objects reloaded before import = 0Number of asset objects unloaded after import = 0

========================================================================
Received Import Request.
  Time since last request: 0.000058 seconds.
  path: Assets/SimpleFX/Prefabs/FX_GunFlash.prefab
  artifactKey: Guid(b955daae02e019d45a8fb68cfd843784) Importer(2089858483,192608db42251d675da83286b1cce702)
Start importing Assets/SimpleFX/Prefabs/FX_GunFlash.prefab using Guid(b955daae02e019d45a8fb68cfd843784) Importer(2089858483,192608db42251d675da83286b1cce702) (ScriptedImporter) -> (artifact id: 'a998484e87e41e3320f5bf397f47d3a4') in 0.0093594 seconds
Number of updated asset objects reloaded before import = 0Number of asset objects unloaded after import = 7

========================================================================
Received Import Request.
  Time since last request: 0.000013 seconds.
  path: Assets/Game GUI Vol1/PurpleRock/PNG/Cancel.png
  artifactKey: Guid(cff2074e06df54190876089e6dbf29d5) Importer(2089858483,192608db42251d675da83286b1cce702)
Start importing Assets/Game GUI Vol1/PurpleRock/PNG/Cancel.png using Guid(cff2074e06df54190876089e6dbf29d5) Importer(2089858483,192608db42251d675da83286b1cce702) (ScriptedImporter) -> (artifact id: 'a3efe6528b4c82b1aefb0b04c2de4e26') in 0.0139935 seconds
Number of updated asset objects reloaded before import = 0Number of asset objects unloaded after import = 3

========================================================================
Received Import Request.
  Time since last request: 0.000016 seconds.
  path: Assets/Game GUI Vol1/LazyDay/PNG/SoundON.png
  artifactKey: Guid(493fd7d0e626d4db091f50928058f0b8) Importer(2089858483,192608db42251d675da83286b1cce702)
Start importing Assets/Game GUI Vol1/LazyDay/PNG/SoundON.png using Guid(493fd7d0e626d4db091f50928058f0b8) Importer(2089858483,192608db42251d675da83286b1cce702) (ScriptedImporter) -> (artifact id: '908773fd571bfc26104f0414d5fe5a80') in 0.0122978 seconds
Number of updated asset objects reloaded before import = 0Number of asset objects unloaded after import = 3

========================================================================
Received Import Request.
  Time since last request: 0.000013 seconds.
  path: Assets/GoogleMobileAds/Platforms/iOS/RequestConfigurationClient.cs
  artifactKey: Guid(05b5e059dd5d646fdb550c6ee9135c7e) Importer(2089858483,192608db42251d675da83286b1cce702)
Start importing Assets/GoogleMobileAds/Platforms/iOS/RequestConfigurationClient.cs using Guid(05b5e059dd5d646fdb550c6ee9135c7e) Importer(2089858483,192608db42251d675da83286b1cce702) (ScriptedImporter) -> (artifact id: '6a7992757af2b4eb6e36acbb2b71cf86') in 0.0049387 seconds
Number of updated asset objects reloaded before import = 0Number of asset objects unloaded after import = 0

========================================================================
Received Import Request.
  Time since last request: 0.000103 seconds.
  path: Assets/GoogleMobileAds/Platforms/Android/BannerClient.cs
  artifactKey: Guid(cd0003e7fdcd843daa86113292ce0446) Importer(2089858483,192608db42251d675da83286b1cce702)
Start importing Assets/GoogleMobileAds/Platforms/Android/BannerClient.cs using Guid(cd0003e7fdcd843daa86113292ce0446) Importer(2089858483,192608db42251d675da83286b1cce702) (ScriptedImporter) -> (artifact id: 'a2265129804651e400872dcd072ecd1e') in 0.0044219 seconds
Number of updated asset objects reloaded before import = 0Number of asset objects unloaded after import = 0

========================================================================
Received Import Request.
  Time since last request: 0.000048 seconds.
  path: Assets/Game GUI Vol1/WoodenBlocks/PNG/Play.png
  artifactKey: Guid(6bb92db56863a49bf9fc5e992e334d82) Importer(2089858483,192608db42251d675da83286b1cce702)
Start importing Assets/Game GUI Vol1/WoodenBlocks/PNG/Play.png using Guid(6bb92db56863a49bf9fc5e992e334d82) Importer(2089858483,192608db42251d675da83286b1cce702) (ScriptedImporter) -> (artifact id: '58deaed386890a1c42b7495aa78af568') in 0.0109622 seconds
Number of updated asset objects reloaded before import = 0Number of asset objects unloaded after import = 3

========================================================================
Received Import Request.
  Time since last request: 0.000011 seconds.
  path: Assets/GoogleMobileAds/Platforms/Android/InterstitialClient.cs
  artifactKey: Guid(0a6253761f8804645a2ab74d916284ed) Importer(2089858483,192608db42251d675da83286b1cce702)
Start importing Assets/GoogleMobileAds/Platforms/Android/InterstitialClient.cs using Guid(0a6253761f8804645a2ab74d916284ed) Importer(2089858483,192608db42251d675da83286b1cce702) (ScriptedImporter) -> (artifact id: 'ea9663134ab489b3f61f7d6d11e15c64') in 0.0053338 seconds
Number of updated asset objects reloaded before import = 0Number of asset objects unloaded after import = 0

========================================================================
Received Import Request.
  Time since last request: 0.000061 seconds.
  path: Assets/Game GUI Vol1/WoodenBlocks/PNG/Cancel.png
  artifactKey: Guid(a1189c50db75e4f4e9e3df411acfd7cd) Importer(2089858483,192608db42251d675da83286b1cce702)
Start importing Assets/Game GUI Vol1/WoodenBlocks/PNG/Cancel.png using Guid(a1189c50db75e4f4e9e3df411acfd7cd) Importer(2089858483,192608db42251d675da83286b1cce702) (ScriptedImporter) -> (artifact id: '812c5ee5f8acd85db3e6392d1ff7497d') in 0.0121375 seconds
Number of updated asset objects reloaded before import = 0Number of asset objects unloaded after import = 3

========================================================================
Received Import Request.
  Time since last request: 0.000016 seconds.
  path: Assets/Game GUI Vol1/WoodenBlocks/PNG/Settings.png
  artifactKey: Guid(2404a35a318704f1583a4173e501e002) Importer(2089858483,192608db42251d675da83286b1cce702)
Start importing Assets/Game GUI Vol1/WoodenBlocks/PNG/Settings.png using Guid(2404a35a318704f1583a4173e501e002) Importer(2089858483,192608db42251d675da83286b1cce702) (ScriptedImporter) -> (artifact id: '4c48d1ccadc8e144b210171cedcf527f') in 0.0121333 seconds
Number of updated asset objects reloaded before import = 0Number of asset objects unloaded after import = 3

========================================================================
Received Import Request.
  Time since last request: 0.000025 seconds.
  path: Assets/GoogleMobileAds/Api/Core/RequestConfiguration.cs
  artifactKey: Guid(387da3c3740634c7182cae2e217001ec) Importer(2089858483,192608db42251d675da83286b1cce702)
Start importing Assets/GoogleMobileAds/Api/Core/RequestConfiguration.cs using Guid(387da3c3740634c7182cae2e217001ec) Importer(2089858483,192608db42251d675da83286b1cce702) (ScriptedImporter) -> (artifact id: '9130eae762d894249a03086a8a9bd43f') in 0.0043742 seconds
Number of updated asset objects reloaded before import = 0Number of asset objects unloaded after import = 0

========================================================================
Received Import Request.
  Time since last request: 0.000063 seconds.
  path: Assets/GoogleMobileAds/Platforms/iOS/InterstitialClient.cs
  artifactKey: Guid(613e5f324478242909ace8f1b8bc0790) Importer(2089858483,192608db42251d675da83286b1cce702)
Start importing Assets/GoogleMobileAds/Platforms/iOS/InterstitialClient.cs using Guid(613e5f324478242909ace8f1b8bc0790) Importer(2089858483,192608db42251d675da83286b1cce702) (ScriptedImporter) -> (artifact id: 'c61191d47448d79c6f108ead3aa1d8a3') in 0.0092753 seconds
Number of updated asset objects reloaded before import = 0Number of asset objects unloaded after import = 0

========================================================================
Received Import Request.
  Time since last request: 0.000063 seconds.
  path: Assets/GoogleMobileAds/Platforms/Android/RewardedAdClient.cs
  artifactKey: Guid(efe80f4cc4cf34115bb52be0fe4016bf) Importer(2089858483,192608db42251d675da83286b1cce702)
Start importing Assets/GoogleMobileAds/Platforms/Android/RewardedAdClient.cs using Guid(efe80f4cc4cf34115bb52be0fe4016bf) Importer(2089858483,192608db42251d675da83286b1cce702) (ScriptedImporter) -> (artifact id: '6b5c7dae439f22f5f775bc75bec52612') in 0.0052076 seconds
Number of updated asset objects reloaded before import = 0Number of asset objects unloaded after import = 0

========================================================================
Received Import Request.
  Time since last request: 0.000061 seconds.
  path: Assets/GoogleMobileAds/Platforms/Android/RewardedInterstitialAdClient.cs
  artifactKey: Guid(253f4f39e39f34aca846d807b57dae47) Importer(2089858483,192608db42251d675da83286b1cce702)
Start importing Assets/GoogleMobileAds/Platforms/Android/RewardedInterstitialAdClient.cs using Guid(253f4f39e39f34aca846d807b57dae47) Importer(2089858483,192608db42251d675da83286b1cce702) (ScriptedImporter) -> (artifact id: '8843c31fc2e0145ccb834fb5fb550019') in 0.0053373 seconds
Number of updated asset objects reloaded before import = 0Number of asset objects unloaded after import = 0

========================================================================
Received Import Request.
  Time since last request: 0.000047 seconds.
  path: Assets/Game GUI Vol1/WoodenBlocks/PNG/LeftArrow2.png
  artifactKey: Guid(0808619d4e2144e2aa965a8768addde2) Importer(2089858483,192608db42251d675da83286b1cce702)
Start importing Assets/Game GUI Vol1/WoodenBlocks/PNG/LeftArrow2.png using Guid(0808619d4e2144e2aa965a8768addde2) Importer(2089858483,192608db42251d675da83286b1cce702) (ScriptedImporter) -> (artifact id: '07f24a6a00ff2a0d437fe0d5bc1ef586') in 0.0118602 seconds
Number of updated asset objects reloaded before import = 0Number of asset objects unloaded after import = 3

========================================================================
Received Import Request.
  Time since last request: 0.000013 seconds.
  path: Assets/Game GUI Vol1/WoodenBlocks/PNG/Star.png
  artifactKey: Guid(e1e3e64dac28149d1bf7e15801897c70) Importer(2089858483,192608db42251d675da83286b1cce702)
Start importing Assets/Game GUI Vol1/WoodenBlocks/PNG/Star.png using Guid(e1e3e64dac28149d1bf7e15801897c70) Importer(2089858483,192608db42251d675da83286b1cce702) (ScriptedImporter) -> (artifact id: 'd97e5fbbd4370f89232e214be29455b0') in 0.0150948 seconds
Number of updated asset objects reloaded before import = 0Number of asset objects unloaded after import = 3

========================================================================
Received Import Request.
  Time since last request: 0.000012 seconds.
  path: Assets/OrdosFX/PortalsPackage#2/Mesh/Crack.fbx
  artifactKey: Guid(c971a058d539dc142b25b2eb8dd04514) Importer(2089858483,192608db42251d675da83286b1cce702)
Start importing Assets/OrdosFX/PortalsPackage#2/Mesh/Crack.fbx using Guid(c971a058d539dc142b25b2eb8dd04514) Importer(2089858483,192608db42251d675da83286b1cce702) (ScriptedImporter) -> (artifact id: '9b24f196b636fa0af29f2e7336ecc41f') in 0.0145588 seconds
Number of updated asset objects reloaded before import = 0Number of asset objects unloaded after import = 7

========================================================================
Received Import Request.
  Time since last request: 0.000017 seconds.
  path: Assets/GooglePlayGames/Platforms/Android/AndroidVideoClient.cs
  artifactKey: Guid(bb1b4df1bdffa40539dd55a93929aa57) Importer(2089858483,192608db42251d675da83286b1cce702)
Start importing Assets/GooglePlayGames/Platforms/Android/AndroidVideoClient.cs using Guid(bb1b4df1bdffa40539dd55a93929aa57) Importer(2089858483,192608db42251d675da83286b1cce702) (ScriptedImporter) -> (artifact id: '86d573de648d223bebc67d02361d30b9') in 0.0091184 seconds
Number of updated asset objects reloaded before import = 0Number of asset objects unloaded after import = 0

========================================================================
Received Import Request.
  Time since last request: 0.000064 seconds.
  path: Assets/OrdosFX/PortalsPackage#2/Textures/Noise2.png
  artifactKey: Guid(a9a307706bd772a4e9635b83e2752e15) Importer(2089858483,192608db42251d675da83286b1cce702)
Start importing Assets/OrdosFX/PortalsPackage#2/Textures/Noise2.png using Guid(a9a307706bd772a4e9635b83e2752e15) Importer(2089858483,192608db42251d675da83286b1cce702) (ScriptedImporter) -> (artifact id: '442d836c8d6f6ddd1c4ccfdfda673183') in 0.0359277 seconds
Number of updated asset objects reloaded before import = 0Number of asset objects unloaded after import = 1

========================================================================
Received Import Request.
  Time since last request: 0.000029 seconds.
  path: Assets/GoogleMobileAds/Platforms/Unity/Countdown.cs
  artifactKey: Guid(9ea49f85eeb094441a4062c9e11cb1b2) Importer(2089858483,192608db42251d675da83286b1cce702)
Start importing Assets/GoogleMobileAds/Platforms/Unity/Countdown.cs using Guid(9ea49f85eeb094441a4062c9e11cb1b2) Importer(2089858483,192608db42251d675da83286b1cce702) (ScriptedImporter) -> (artifact id: 'fde3610fc30d1d8d406508d6e12f9e9d') in 0.0047198 seconds
Number of updated asset objects reloaded before import = 0Number of asset objects unloaded after import = 0

========================================================================
Received Import Request.
  Time since last request: 0.000055 seconds.
  path: Assets/OrdosFX/PortalsPackage#2/Prefabs/Portal8.prefab
  artifactKey: Guid(1c64e07fc7169d34c96e89d93478b5d0) Importer(2089858483,192608db42251d675da83286b1cce702)
Start importing Assets/OrdosFX/PortalsPackage#2/Prefabs/Portal8.prefab using Guid(1c64e07fc7169d34c96e89d93478b5d0) Importer(2089858483,192608db42251d675da83286b1cce702) (ScriptedImporter) -> (artifact id: '9d29f15e67abfbc7359eb4de235e800c') in 0.0195095 seconds
Number of updated asset objects reloaded before import = 0Number of asset objects unloaded after import = 107

========================================================================
Received Import Request.
  Time since last request: 0.000014 seconds.
  path: Assets/OrdosFX/PortalsPackage#2/Shaders/PortalsFX2_Sky.shader
  artifactKey: Guid(d3d56d277f559eb4aab71ab0251a4bb6) Importer(2089858483,192608db42251d675da83286b1cce702)
Start importing Assets/OrdosFX/PortalsPackage#2/Shaders/PortalsFX2_Sky.shader using Guid(d3d56d277f559eb4aab71ab0251a4bb6) Importer(2089858483,192608db42251d675da83286b1cce702) (ScriptedImporter) -> (artifact id: 'c85578ca1cd4f892cdb6ef044a7e6bec') in 0.0052256 seconds
Number of updated asset objects reloaded before import = 0Number of asset objects unloaded after import = 1

========================================================================
Received Import Request.
  Time since last request: 0.000013 seconds.
  path: Assets/OrdosFX/PortalsPackage#2/Scripts/PortalsFX2_ActivatonDelay.cs
  artifactKey: Guid(c66f276087b653a4a98ff1ca05fdadfc) Importer(2089858483,192608db42251d675da83286b1cce702)
Start importing Assets/OrdosFX/PortalsPackage#2/Scripts/PortalsFX2_ActivatonDelay.cs using Guid(c66f276087b653a4a98ff1ca05fdadfc) Importer(2089858483,192608db42251d675da83286b1cce702) (ScriptedImporter) -> (artifact id: 'c01a269bc78a86620d8ab26940703584') in 0.0088988 seconds
Number of updated asset objects reloaded before import = 0Number of asset objects unloaded after import = 0

========================================================================
Received Import Request.
  Time since last request: 0.000050 seconds.
  path: Assets/OrdosFX/PortalsPackage#2/Animation/TransformPosition.anim
  artifactKey: Guid(4f7f3e5f8c8614647857510f57b0f3f2) Importer(2089858483,192608db42251d675da83286b1cce702)
Start importing Assets/OrdosFX/PortalsPackage#2/Animation/TransformPosition.anim using Guid(4f7f3e5f8c8614647857510f57b0f3f2) Importer(2089858483,192608db42251d675da83286b1cce702) (ScriptedImporter) -> (artifact id: '9aec5238509cad69635076ff8e2ad1c3') in 0.0058255 seconds
Number of updated asset objects reloaded before import = 0Number of asset objects unloaded after import = 1

========================================================================
Received Import Request.
  Time since last request: 0.000041 seconds.
  path: Assets/OrdosFX/PortalsPackage#2/Mesh/PortlaCylinder.fbx
  artifactKey: Guid(0ad528aacb6dc7345a5dd6c1909590aa) Importer(2089858483,192608db42251d675da83286b1cce702)
Start importing Assets/OrdosFX/PortalsPackage#2/Mesh/PortlaCylinder.fbx using Guid(0ad528aacb6dc7345a5dd6c1909590aa) Importer(2089858483,192608db42251d675da83286b1cce702) (ScriptedImporter) -> (artifact id: '34084db79a2969e9f2c2312b51e7b3da') in 0.0225897 seconds
Number of updated asset objects reloaded before import = 0Number of asset objects unloaded after import = 7

========================================================================
Received Import Request.
  Time since last request: 0.000016 seconds.
  path: Assets/GooglePlayGames/Platforms/Android/AndroidTaskUtils.cs
  artifactKey: Guid(5d045a29538404b2da664bb55de949de) Importer(2089858483,192608db42251d675da83286b1cce702)
Start importing Assets/GooglePlayGames/Platforms/Android/AndroidTaskUtils.cs using Guid(5d045a29538404b2da664bb55de949de) Importer(2089858483,192608db42251d675da83286b1cce702) (ScriptedImporter) -> (artifact id: 'de415c5f1cc7d275ca7e7b38a0c31f8e') in 0.0053852 seconds
Number of updated asset objects reloaded before import = 0Number of asset objects unloaded after import = 0

========================================================================
Received Import Request.
  Time since last request: 0.000027 seconds.
  path: Assets/GooglePlayGames/Platforms/Android/AndroidNearbyConnectionClient.cs
  artifactKey: Guid(d69ac0a61e8943ff82b14f7469f0fe97) Importer(2089858483,192608db42251d675da83286b1cce702)
Start importing Assets/GooglePlayGames/Platforms/Android/AndroidNearbyConnectionClient.cs using Guid(d69ac0a61e8943ff82b14f7469f0fe97) Importer(2089858483,192608db42251d675da83286b1cce702) (ScriptedImporter) -> (artifact id: '6037116add2e470309d4daf64e445bad') in 0.0051535 seconds
Number of updated asset objects reloaded before import = 0Number of asset objects unloaded after import = 0

========================================================================
Received Import Request.
  Time since last request: 0.000044 seconds.
  path: Assets/OrdosFX/PortalsPackage#2/Prefabs/Portal7.prefab
  artifactKey: Guid(42a7280bd5455184d8912b8462f31fbf) Importer(2089858483,192608db42251d675da83286b1cce702)
Start importing Assets/OrdosFX/PortalsPackage#2/Prefabs/Portal7.prefab using Guid(42a7280bd5455184d8912b8462f31fbf) Importer(2089858483,192608db42251d675da83286b1cce702) (ScriptedImporter) -> (artifact id: '6daee111de79fc9abd9f4b31b22deb2f') in 0.0151215 seconds
Number of updated asset objects reloaded before import = 0Number of asset objects unloaded after import = 37

========================================================================
Received Import Request.
  Time since last request: 0.000015 seconds.
  path: Assets/OrdosFX/PortalsPackage#2/Textures/motion (8).png
  artifactKey: Guid(9a677639269eac548a38bcf4945344f6) Importer(2089858483,192608db42251d675da83286b1cce702)
Start importing Assets/OrdosFX/PortalsPackage#2/Textures/motion (8).png using Guid(9a677639269eac548a38bcf4945344f6) Importer(2089858483,192608db42251d675da83286b1cce702) (ScriptedImporter) -> (artifact id: 'de14751cd9711f81abc613e649297071') in 0.0114688 seconds
Number of updated asset objects reloaded before import = 0Number of asset objects unloaded after import = 1

========================================================================
Received Import Request.
  Time since last request: 0.000036 seconds.
  path: Assets/OrdosFX/PortalsPackage#2/Animation/Scale.controller
  artifactKey: Guid(314a2482195915a4bb240d61be667c98) Importer(2089858483,192608db42251d675da83286b1cce702)
Start importing Assets/OrdosFX/PortalsPackage#2/Animation/Scale.controller using Guid(314a2482195915a4bb240d61be667c98) Importer(2089858483,192608db42251d675da83286b1cce702) (ScriptedImporter) -> (artifact id: '9c9e6510a5a30633f040f32057965016') in 0.006913 seconds
Number of updated asset objects reloaded before import = 0Number of asset objects unloaded after import = 4

========================================================================
Received Import Request.
  Time since last request: 0.000013 seconds.
  path: Assets/GoogleMobileAds/Platforms/Unity/ButtonBehaviour.cs
  artifactKey: Guid(ce8058f7f59b24c03b2a0d05939467f4) Importer(2089858483,192608db42251d675da83286b1cce702)
Start importing Assets/GoogleMobileAds/Platforms/Unity/ButtonBehaviour.cs using Guid(ce8058f7f59b24c03b2a0d05939467f4) Importer(2089858483,192608db42251d675da83286b1cce702) (ScriptedImporter) -> (artifact id: 'c6ab5aabad3f72369cc0022e4064d848') in 0.0046447 seconds
Number of updated asset objects reloaded before import = 0Number of asset objects unloaded after import = 0

========================================================================
Received Import Request.
  Time since last request: 0.000057 seconds.
  path: Assets/GooglePlayGames/Platforms/Android/AndroidJavaConverter.cs
  artifactKey: Guid(d498c17d61b504b4f984a99b4542d02f) Importer(2089858483,192608db42251d675da83286b1cce702)
Start importing Assets/GooglePlayGames/Platforms/Android/AndroidJavaConverter.cs using Guid(d498c17d61b504b4f984a99b4542d02f) Importer(2089858483,192608db42251d675da83286b1cce702) (ScriptedImporter) -> (artifact id: '3f6815582c6ded5637568c006b5bc3e9') in 0.0044917 seconds
Number of updated asset objects reloaded before import = 0Number of asset objects unloaded after import = 0

========================================================================
Received Import Request.
  Time since last request: 0.000059 seconds.
  path: Assets/OrdosFX/PortalsPackage#2/Demo/ReflectionProbe-0.exr
  artifactKey: Guid(1836c68e7c9502f46bf83940165237e5) Importer(2089858483,192608db42251d675da83286b1cce702)
Start importing Assets/OrdosFX/PortalsPackage#2/Demo/ReflectionProbe-0.exr using Guid(1836c68e7c9502f46bf83940165237e5) Importer(2089858483,192608db42251d675da83286b1cce702) (ScriptedImporter) -> (artifact id: 'a8272e62d63288e857887986e454c853') in 0.018129 seconds
Number of updated asset objects reloaded before import = 0Number of asset objects unloaded after import = 1

========================================================================
Received Import Request.
  Time since last request: 0.000031 seconds.
  path: Assets/OrdosFX/PortalsPackage#2/Scripts/PortalsFX2_DemoGUI.cs
  artifactKey: Guid(4a0b2313717feb346a24fd554a5f6485) Importer(2089858483,192608db42251d675da83286b1cce702)
Start importing Assets/OrdosFX/PortalsPackage#2/Scripts/PortalsFX2_DemoGUI.cs using Guid(4a0b2313717feb346a24fd554a5f6485) Importer(2089858483,192608db42251d675da83286b1cce702) (ScriptedImporter) -> (artifact id: 'b7267482a1f6cf8599b17b7e1cb7e314') in 0.0057366 seconds
Number of updated asset objects reloaded before import = 0Number of asset objects unloaded after import = 0

========================================================================
Received Import Request.
  Time since last request: 0.000065 seconds.
  path: Assets/GoogleMobileAds/Platforms/Unity/ResponseInfoDummyClient.cs
  artifactKey: Guid(f3ae78260c37547b6945ccbbd9a3e4f5) Importer(2089858483,192608db42251d675da83286b1cce702)
Start importing Assets/GoogleMobileAds/Platforms/Unity/ResponseInfoDummyClient.cs using Guid(f3ae78260c37547b6945ccbbd9a3e4f5) Importer(2089858483,192608db42251d675da83286b1cce702) (ScriptedImporter) -> (artifact id: '1e00bca4d603ec57de8e0aa3e71b83c4') in 0.0048694 seconds
Number of updated asset objects reloaded before import = 0Number of asset objects unloaded after import = 0

========================================================================
Received Import Request.
  Time since last request: 0.000054 seconds.
  path: Assets/GooglePlayGames/BasicApi/Nearby/EndpointDetails.cs
  artifactKey: Guid(9d9a087b0e20d4752b24f33a4a2bf977) Importer(2089858483,192608db42251d675da83286b1cce702)
Start importing Assets/GooglePlayGames/BasicApi/Nearby/EndpointDetails.cs using Guid(9d9a087b0e20d4752b24f33a4a2bf977) Importer(2089858483,192608db42251d675da83286b1cce702) (ScriptedImporter) -> (artifact id: '4a07e0f94cc61455cb6e318c7e205000') in 0.005337 seconds
Number of updated asset objects reloaded before import = 0Number of asset objects unloaded after import = 0

========================================================================
Received Import Request.
  Time since last request: 0.000053 seconds.
  path: Assets/GoogleMobileAds/Platforms/Unity/DummyAdBehaviour.cs
  artifactKey: Guid(63f505ae695fd4eb7af4199ee4008cde) Importer(2089858483,192608db42251d675da83286b1cce702)
Start importing Assets/GoogleMobileAds/Platforms/Unity/DummyAdBehaviour.cs using Guid(63f505ae695fd4eb7af4199ee4008cde) Importer(2089858483,192608db42251d675da83286b1cce702) (ScriptedImporter) -> (artifact id: '40dd3a24cfd67a569ec622a6b85720f7') in 0.0045866 seconds
Number of updated asset objects reloaded before import = 0Number of asset objects unloaded after import = 0

========================================================================
Received Import Request.
  Time since last request: 0.000054 seconds.
  path: Assets/OrdosFX/PortalsPackage#2/Mesh/portal8.fbx
  artifactKey: Guid(ee3129e2c5077aa4cbf6fb30a3615045) Importer(2089858483,192608db42251d675da83286b1cce702)
Start importing Assets/OrdosFX/PortalsPackage#2/Mesh/portal8.fbx using Guid(ee3129e2c5077aa4cbf6fb30a3615045) Importer(2089858483,192608db42251d675da83286b1cce702) (ScriptedImporter) -> (artifact id: '3edfad84362adbdaf2203c8f57e8ca06') in 0.015543 seconds
Number of updated asset objects reloaded before import = 0Number of asset objects unloaded after import = 7

========================================================================
Received Import Request.
  Time since last request: 0.000015 seconds.
  path: Assets/GooglePlayGames/Platforms/Android/AndroidEventsClient.cs
  artifactKey: Guid(311e1761661a341bebebd422a144b5e8) Importer(2089858483,192608db42251d675da83286b1cce702)
Start importing Assets/GooglePlayGames/Platforms/Android/AndroidEventsClient.cs using Guid(311e1761661a341bebebd422a144b5e8) Importer(2089858483,192608db42251d675da83286b1cce702) (ScriptedImporter) -> (artifact id: '098052a749ce894c69816e0876d2be04') in 0.0058644 seconds
Number of updated asset objects reloaded before import = 0Number of asset objects unloaded after import = 0

========================================================================
Received Import Request.
  Time since last request: 0.000023 seconds.
  path: Assets/GooglePlayGames/Platforms/Android/AndroidSnapshotMetadata.cs
  artifactKey: Guid(330ac7fa11d9a4bc099f0db5a3c26ad7) Importer(2089858483,192608db42251d675da83286b1cce702)
Start importing Assets/GooglePlayGames/Platforms/Android/AndroidSnapshotMetadata.cs using Guid(330ac7fa11d9a4bc099f0db5a3c26ad7) Importer(2089858483,192608db42251d675da83286b1cce702) (ScriptedImporter) -> (artifact id: 'c7d10c46c94577fc35a254e5cf0fd463') in 0.0057054 seconds
Number of updated asset objects reloaded before import = 0Number of asset objects unloaded after import = 0

========================================================================
Received Import Request.
  Time since last request: 0.000065 seconds.
  path: Assets/GooglePlayGames/BasicApi/Nearby/NearbyConnectionConfiguration.cs
  artifactKey: Guid(968ac90e4a9094a4a92df9da1ee1f884) Importer(2089858483,192608db42251d675da83286b1cce702)
Start importing Assets/GooglePlayGames/BasicApi/Nearby/NearbyConnectionConfiguration.cs using Guid(968ac90e4a9094a4a92df9da1ee1f884) Importer(2089858483,192608db42251d675da83286b1cce702) (ScriptedImporter) -> (artifact id: '8ef4104440ea2b1bc514c4cc905a3ef1') in 0.0058538 seconds
Number of updated asset objects reloaded before import = 0Number of asset objects unloaded after import = 0

========================================================================
Received Import Request.
  Time since last request: 0.000057 seconds.
  path: Assets/GooglePlayGames/BasicApi/SavedGame/ISavedGameMetadata.cs
  artifactKey: Guid(a94650f478358403ea166d374b2a950c) Importer(2089858483,192608db42251d675da83286b1cce702)
Start importing Assets/GooglePlayGames/BasicApi/SavedGame/ISavedGameMetadata.cs using Guid(a94650f478358403ea166d374b2a950c) Importer(2089858483,192608db42251d675da83286b1cce702) (ScriptedImporter) -> (artifact id: '0c78e63419ac0f41c35a4dc1365a6382') in 0.0049516 seconds
Number of updated asset objects reloaded before import = 0Number of asset objects unloaded after import = 0

========================================================================
Received Import Request.
  Time since last request: 0.000049 seconds.
  path: Assets/GooglePlayGames/BasicApi/Nearby/INearbyConnectionClient.cs
  artifactKey: Guid(cb64b5b444dd34de5bd308c7eed6e509) Importer(2089858483,192608db42251d675da83286b1cce702)
Start importing Assets/GooglePlayGames/BasicApi/Nearby/INearbyConnectionClient.cs using Guid(cb64b5b444dd34de5bd308c7eed6e509) Importer(2089858483,192608db42251d675da83286b1cce702) (ScriptedImporter) -> (artifact id: '32d08940a25ea04276218fce008e43c6') in 0.0045523 seconds
Number of updated asset objects reloaded before import = 0Number of asset objects unloaded after import = 0

========================================================================
Received Import Request.
  Time since last request: 0.000056 seconds.
  path: Assets/OrdosFX/PortalsPackage#2/Textures/arrows.png
  artifactKey: Guid(b60d3d79672719a4dac7230a3724c408) Importer(2089858483,192608db42251d675da83286b1cce702)
Start importing Assets/OrdosFX/PortalsPackage#2/Textures/arrows.png using Guid(b60d3d79672719a4dac7230a3724c408) Importer(2089858483,192608db42251d675da83286b1cce702) (ScriptedImporter) -> (artifact id: '7f594d02f7c42f3fccdfc23725512a37') in 0.0304657 seconds
Number of updated asset objects reloaded before import = 0Number of asset objects unloaded after import = 1

========================================================================
Received Import Request.
  Time since last request: 0.000037 seconds.
  path: Assets/OrdosFX/PortalsPackage#2/Shaders/PortalsFX2_Blended.shader
  artifactKey: Guid(4a5180cc9884a7641aa222cf5aa1f5d1) Importer(2089858483,192608db42251d675da83286b1cce702)
Start importing Assets/OrdosFX/PortalsPackage#2/Shaders/PortalsFX2_Blended.shader using Guid(4a5180cc9884a7641aa222cf5aa1f5d1) Importer(2089858483,192608db42251d675da83286b1cce702) (ScriptedImporter) -> (artifact id: '11a951b8115d342f737e4ef9ffb537e1') in 0.0053529 seconds
Number of updated asset objects reloaded before import = 0Number of asset objects unloaded after import = 1

========================================================================
Received Import Request.
  Time since last request: 0.000032 seconds.
  path: Assets/GoogleMobileAds/Platforms/Unity/BannerClient.cs
  artifactKey: Guid(3c977fd333dbe492587fe6b216543f83) Importer(2089858483,192608db42251d675da83286b1cce702)
Start importing Assets/GoogleMobileAds/Platforms/Unity/BannerClient.cs using Guid(3c977fd333dbe492587fe6b216543f83) Importer(2089858483,192608db42251d675da83286b1cce702) (ScriptedImporter) -> (artifact id: 'c20c4a41e24d94fdf59765e1bc702edb') in 0.0056384 seconds
Number of updated asset objects reloaded before import = 0Number of asset objects unloaded after import = 0

========================================================================
Received Import Request.
  Time since last request: 0.000060 seconds.
  path: Assets/OrdosFX/PortalsPackage#2/Animation/ScaleSparks.anim
  artifactKey: Guid(ee71f31c80738e041832f06f1dd0cbaf) Importer(2089858483,192608db42251d675da83286b1cce702)
Start importing Assets/OrdosFX/PortalsPackage#2/Animation/ScaleSparks.anim using Guid(ee71f31c80738e041832f06f1dd0cbaf) Importer(2089858483,192608db42251d675da83286b1cce702) (ScriptedImporter) -> (artifact id: '2dde30f834ff5bebbe5f133dffd83279') in 0.0105716 seconds
Number of updated asset objects reloaded before import = 0Number of asset objects unloaded after import = 1

========================================================================
Received Import Request.
  Time since last request: 0.000051 seconds.
  path: Assets/OrdosFX/PortalsPackage#2/Mesh/spiral.fbx
  artifactKey: Guid(6105176661506fe4a9c32f0d30727319) Importer(2089858483,192608db42251d675da83286b1cce702)
Start importing Assets/OrdosFX/PortalsPackage#2/Mesh/spiral.fbx using Guid(6105176661506fe4a9c32f0d30727319) Importer(2089858483,192608db42251d675da83286b1cce702) (ScriptedImporter) -> (artifact id: 'eff8a405a3c0cae55068ed1f377aa27e') in 0.0180001 seconds
Number of updated asset objects reloaded before import = 0Number of asset objects unloaded after import = 7

========================================================================
Received Import Request.
  Time since last request: 0.000013 seconds.
  path: Assets/OrdosFX/PortalsPackage#2/Scripts/PortalsFX2_ShaderFloatCurve.cs
  artifactKey: Guid(e6732430ed576404197a7a3499f3d171) Importer(2089858483,192608db42251d675da83286b1cce702)
Start importing Assets/OrdosFX/PortalsPackage#2/Scripts/PortalsFX2_ShaderFloatCurve.cs using Guid(e6732430ed576404197a7a3499f3d171) Importer(2089858483,192608db42251d675da83286b1cce702) (ScriptedImporter) -> (artifact id: '77d98996e4c13cec771545a78535064b') in 0.0060261 seconds
Number of updated asset objects reloaded before import = 0Number of asset objects unloaded after import = 0

========================================================================
Received Import Request.
  Time since last request: 0.000051 seconds.
  path: Assets/OrdosFX/PortalsPackage#2/Animation/ScaleSparks.controller
  artifactKey: Guid(e580826472d23424aa4c20fd425ef4c7) Importer(2089858483,192608db42251d675da83286b1cce702)
Start importing Assets/OrdosFX/PortalsPackage#2/Animation/ScaleSparks.controller using Guid(e580826472d23424aa4c20fd425ef4c7) Importer(2089858483,192608db42251d675da83286b1cce702) (ScriptedImporter) -> (artifact id: '2b48b2a883668147f83da4b870ac1d0f') in 0.0064775 seconds
Number of updated asset objects reloaded before import = 0Number of asset objects unloaded after import = 4

========================================================================
Received Import Request.
  Time since last request: 0.000013 seconds.
  path: Assets/OrdosFX/PortalsPackage#2/Textures/images (1).png
  artifactKey: Guid(ce854f167af12a844893828d07c17912) Importer(2089858483,192608db42251d675da83286b1cce702)
Start importing Assets/OrdosFX/PortalsPackage#2/Textures/images (1).png using Guid(ce854f167af12a844893828d07c17912) Importer(2089858483,192608db42251d675da83286b1cce702) (ScriptedImporter) -> (artifact id: '6e884a8d383d50de518be41c34c52cfb') in 0.0124659 seconds
Number of updated asset objects reloaded before import = 0Number of asset objects unloaded after import = 1

========================================================================
Received Import Request.
  Time since last request: 0.000017 seconds.
  path: Assets/OrdosFX/PortalsPackage#2/Textures/aura (342).png
  artifactKey: Guid(9f4333c51e22aaa4c89c1cbc7466f81f) Importer(2089858483,192608db42251d675da83286b1cce702)
Start importing Assets/OrdosFX/PortalsPackage#2/Textures/aura (342).png using Guid(9f4333c51e22aaa4c89c1cbc7466f81f) Importer(2089858483,192608db42251d675da83286b1cce702) (ScriptedImporter) -> (artifact id: '077bce2206817f5939d54407b1824a8a') in 0.0139521 seconds
Number of updated asset objects reloaded before import = 0Number of asset objects unloaded after import = 1

========================================================================
Received Import Request.
  Time since last request: 0.000043 seconds.
  path: Assets/OrdosFX/PortalsPackage#2/Textures/Particle2.png
  artifactKey: Guid(87037124cac54eb4c9f2178abc4bd0a8) Importer(2089858483,192608db42251d675da83286b1cce702)
Start importing Assets/OrdosFX/PortalsPackage#2/Textures/Particle2.png using Guid(87037124cac54eb4c9f2178abc4bd0a8) Importer(2089858483,192608db42251d675da83286b1cce702) (ScriptedImporter) -> (artifact id: '7ab0461f3b69d2673360d7d493e5b18e') in 0.0246978 seconds
Number of updated asset objects reloaded before import = 0Number of asset objects unloaded after import = 1

========================================================================
Received Import Request.
  Time since last request: 0.000050 seconds.
  path: Assets/GoogleMobileAds/Platforms/Unity/InitializationStatusDummyClient.cs
  artifactKey: Guid(6ee51203187214af39245759f2cc8871) Importer(2089858483,192608db42251d675da83286b1cce702)
Start importing Assets/GoogleMobileAds/Platforms/Unity/InitializationStatusDummyClient.cs using Guid(6ee51203187214af39245759f2cc8871) Importer(2089858483,192608db42251d675da83286b1cce702) (ScriptedImporter) -> (artifact id: '6a97899645d3d9711e74859c681caad7') in 0.0049785 seconds
Number of updated asset objects reloaded before import = 0Number of asset objects unloaded after import = 0

========================================================================
Received Import Request.
  Time since last request: 0.000052 seconds.
  path: Assets/OrdosFX/PortalsPackage#2/Scripts/PortalsFX2_GrvityPoint.cs
  artifactKey: Guid(64d0b120e17e9d549b84418c80660955) Importer(2089858483,192608db42251d675da83286b1cce702)
Start importing Assets/OrdosFX/PortalsPackage#2/Scripts/PortalsFX2_GrvityPoint.cs using Guid(64d0b120e17e9d549b84418c80660955) Importer(2089858483,192608db42251d675da83286b1cce702) (ScriptedImporter) -> (artifact id: 'a24bcc574f90128746c7c7cd48d21f12') in 0.0049701 seconds
Number of updated asset objects reloaded before import = 0Number of asset objects unloaded after import = 0

========================================================================
Received Import Request.
  Time since last request: 0.000047 seconds.
  path: Assets/OrdosFX/PortalsPackage#2/Scripts/PortalsFX2_ShaderProperties.cs
  artifactKey: Guid(f015fa081d9dde149bd6d6c49709b264) Importer(2089858483,192608db42251d675da83286b1cce702)
Start importing Assets/OrdosFX/PortalsPackage#2/Scripts/PortalsFX2_ShaderProperties.cs using Guid(f015fa081d9dde149bd6d6c49709b264) Importer(2089858483,192608db42251d675da83286b1cce702) (ScriptedImporter) -> (artifact id: '1d0263aa6b694eb6ec0668ebf7a8ea5a') in 0.0047255 seconds
Number of updated asset objects reloaded before import = 0Number of asset objects unloaded after import = 0

========================================================================
Received Import Request.
  Time since last request: 0.000061 seconds.
  path: Assets/OrdosFX/PortalsPackage#2/Prefabs/Portal2.prefab
  artifactKey: Guid(861562cb1cf309c4b8929712df853b26) Importer(2089858483,192608db42251d675da83286b1cce702)
Start importing Assets/OrdosFX/PortalsPackage#2/Prefabs/Portal2.prefab using Guid(861562cb1cf309c4b8929712df853b26) Importer(2089858483,192608db42251d675da83286b1cce702) (ScriptedImporter) -> (artifact id: '77790bd7bfe9eed97f4880123044104c') in 0.0183791 seconds
Number of updated asset objects reloaded before import = 0Number of asset objects unloaded after import = 61

========================================================================
Received Import Request.
  Time since last request: 0.000014 seconds.
  path: Assets/GooglePlayGames/BasicApi/Video/IVideoClient.cs
  artifactKey: Guid(35f4c590f605745519c321841317fae2) Importer(2089858483,192608db42251d675da83286b1cce702)
Start importing Assets/GooglePlayGames/BasicApi/Video/IVideoClient.cs using Guid(35f4c590f605745519c321841317fae2) Importer(2089858483,192608db42251d675da83286b1cce702) (ScriptedImporter) -> (artifact id: '044e02a596f24ad4ce1b2215d59dd85b') in 0.005209 seconds
Number of updated asset objects reloaded before import = 0Number of asset objects unloaded after import = 0

========================================================================
Received Import Request.
  Time since last request: 0.000059 seconds.
  path: Assets/OrdosFX/PortalsPackage#2/Scripts/PortalsFX2_ShaderColorGradient.cs
  artifactKey: Guid(2a2cf9498acb6484eb6a8f011b2f279f) Importer(2089858483,192608db42251d675da83286b1cce702)
Start importing Assets/OrdosFX/PortalsPackage#2/Scripts/PortalsFX2_ShaderColorGradient.cs using Guid(2a2cf9498acb6484eb6a8f011b2f279f) Importer(2089858483,192608db42251d675da83286b1cce702) (ScriptedImporter) -> (artifact id: 'd8b70d4ed2c70848df0de924044d1a39') in 0.0054577 seconds
Number of updated asset objects reloaded before import = 0Number of asset objects unloaded after import = 0

========================================================================
Received Import Request.
  Time since last request: 0.000053 seconds.
  path: Assets/OrdosFX/PortalsPackage#2/Shaders/PortalsFX2_BlendedMask.shader
  artifactKey: Guid(7e8b89250ddcc8b42a2528dac8f2ee2f) Importer(2089858483,192608db42251d675da83286b1cce702)
Start importing Assets/OrdosFX/PortalsPackage#2/Shaders/PortalsFX2_BlendedMask.shader using Guid(7e8b89250ddcc8b42a2528dac8f2ee2f) Importer(2089858483,192608db42251d675da83286b1cce702) (ScriptedImporter) -> (artifact id: '851d9ca09517253c4e2f4d20957e003d') in 0.0048732 seconds
Number of updated asset objects reloaded before import = 0Number of asset objects unloaded after import = 1

========================================================================
Received Import Request.
  Time since last request: 0.000062 seconds.
  path: Assets/OrdosFX/PortalsPackage#2/Textures/element111.png
  artifactKey: Guid(482a9b31ba6305a439bdeea657ed7a69) Importer(2089858483,192608db42251d675da83286b1cce702)
Start importing Assets/OrdosFX/PortalsPackage#2/Textures/element111.png using Guid(482a9b31ba6305a439bdeea657ed7a69) Importer(2089858483,192608db42251d675da83286b1cce702) (ScriptedImporter) -> (artifact id: 'aa4895cd7ad0e96732a21b5b9391b7d2') in 0.0288108 seconds
Number of updated asset objects reloaded before import = 0Number of asset objects unloaded after import = 1

========================================================================
Received Import Request.
  Time since last request: 0.000044 seconds.
  path: Assets/Test game/Scripts/Manager/GameManager.cs
  artifactKey: Guid(e4a74139e38f73b4bae50d540ecc79d0) Importer(2089858483,192608db42251d675da83286b1cce702)
Start importing Assets/Test game/Scripts/Manager/GameManager.cs using Guid(e4a74139e38f73b4bae50d540ecc79d0) Importer(2089858483,192608db42251d675da83286b1cce702) (ScriptedImporter) -> (artifact id: '97d1a53f55d471f62fdff7ca453d76d3') in 0.0046123 seconds
Number of updated asset objects reloaded before import = 0Number of asset objects unloaded after import = 0

========================================================================
Received Import Request.
  Time since last request: 0.000031 seconds.
  path: Assets/Test game/Scripts/Play Service/GooglePlayServiceManager.cs
  artifactKey: Guid(6e62d33a40b574d4695888616bb6af7f) Importer(2089858483,192608db42251d675da83286b1cce702)
Start importing Assets/Test game/Scripts/Play Service/GooglePlayServiceManager.cs using Guid(6e62d33a40b574d4695888616bb6af7f) Importer(2089858483,192608db42251d675da83286b1cce702) (ScriptedImporter) -> (artifact id: 'ee7eb80fe31a33a62fa244d6cef4d58a') in 0.0049311 seconds
Number of updated asset objects reloaded before import = 0Number of asset objects unloaded after import = 0

========================================================================
Received Import Request.
  Time since last request: 0.000043 seconds.
  path: Assets/Test game/Scripts/Data/PillarColorData.cs
  artifactKey: Guid(64de4ca6be92c4d4f8b32e4636538597) Importer(2089858483,192608db42251d675da83286b1cce702)
Start importing Assets/Test game/Scripts/Data/PillarColorData.cs using Guid(64de4ca6be92c4d4f8b32e4636538597) Importer(2089858483,192608db42251d675da83286b1cce702) (ScriptedImporter) -> (artifact id: '1cbd7fd67f2f4265a2d67b5f02efef07') in 0.0041504 seconds
Number of updated asset objects reloaded before import = 0Number of asset objects unloaded after import = 0

========================================================================
Received Import Request.
  Time since last request: 0.000060 seconds.
  path: Assets/OrdosFX/PortalsPackage#2/Textures/Rune2.png
  artifactKey: Guid(06e47390b63547c4db11f74981c44cd4) Importer(2089858483,192608db42251d675da83286b1cce702)
Start importing Assets/OrdosFX/PortalsPackage#2/Textures/Rune2.png using Guid(06e47390b63547c4db11f74981c44cd4) Importer(2089858483,192608db42251d675da83286b1cce702) (ScriptedImporter) -> (artifact id: '30bfda58ff6e0a1813a3825d0f228e10') in 0.0163769 seconds
Number of updated asset objects reloaded before import = 0Number of asset objects unloaded after import = 1

========================================================================
Received Import Request.
  Time since last request: 0.000015 seconds.
  path: Assets/OrdosFX/PortalsPackage#2/Textures/Rune1.png
  artifactKey: Guid(30d9e0c7ca6e1ae459be50f0bdb3d67b) Importer(2089858483,192608db42251d675da83286b1cce702)
Start importing Assets/OrdosFX/PortalsPackage#2/Textures/Rune1.png using Guid(30d9e0c7ca6e1ae459be50f0bdb3d67b) Importer(2089858483,192608db42251d675da83286b1cce702) (ScriptedImporter) -> (artifact id: '77108a3886623b1f0d28db703e2a0b90') in 0.019563 seconds
Number of updated asset objects reloaded before import = 0Number of asset objects unloaded after import = 1

========================================================================
Received Import Request.
  Time since last request: 0.000044 seconds.
  path: Assets/Test game/Scripts/Object pool/ObjectPoolHandler.cs
  artifactKey: Guid(ed48f058853386441970d9f2e5c04092) Importer(2089858483,192608db42251d675da83286b1cce702)
Start importing Assets/Test game/Scripts/Object pool/ObjectPoolHandler.cs using Guid(ed48f058853386441970d9f2e5c04092) Importer(2089858483,192608db42251d675da83286b1cce702) (ScriptedImporter) -> (artifact id: 'd0e9e4decbe2e23d9c834c5f0bb5a349') in 0.0042154 seconds
Number of updated asset objects reloaded before import = 0Number of asset objects unloaded after import = 0

========================================================================
Received Import Request.
  Time since last request: 0.000036 seconds.
  path: Assets/OrdosFX/PortalsPackage#2/Textures/Rune5.png
  artifactKey: Guid(bcb03a69bd706944bb3b6bef4fac2dcc) Importer(2089858483,192608db42251d675da83286b1cce702)
Start importing Assets/OrdosFX/PortalsPackage#2/Textures/Rune5.png using Guid(bcb03a69bd706944bb3b6bef4fac2dcc) Importer(2089858483,192608db42251d675da83286b1cce702) (ScriptedImporter) -> (artifact id: 'a0509ee50096070a4efcc9384deb2ef0') in 0.0148779 seconds
Number of updated asset objects reloaded before import = 0Number of asset objects unloaded after import = 1

========================================================================
Received Import Request.
  Time since last request: 0.000040 seconds.
  path: Assets/Test game/Scripts/Enemy/MoveObject.cs
  artifactKey: Guid(e914253465b2efc4d90954b103806933) Importer(2089858483,192608db42251d675da83286b1cce702)
Start importing Assets/Test game/Scripts/Enemy/MoveObject.cs using Guid(e914253465b2efc4d90954b103806933) Importer(2089858483,192608db42251d675da83286b1cce702) (ScriptedImporter) -> (artifact id: 'a4dd6b3fabcad6b5b5f1b1294c06c649') in 0.0049863 seconds
Number of updated asset objects reloaded before import = 0Number of asset objects unloaded after import = 0

========================================================================
Received Import Request.
  Time since last request: 0.000075 seconds.
  path: Assets/Test game/Scripts/Ads/AdUtility.cs
  artifactKey: Guid(d53a9a30edc9f6b47aa7c2728bc59618) Importer(2089858483,192608db42251d675da83286b1cce702)
Start importing Assets/Test game/Scripts/Ads/AdUtility.cs using Guid(d53a9a30edc9f6b47aa7c2728bc59618) Importer(2089858483,192608db42251d675da83286b1cce702) (ScriptedImporter) -> (artifact id: 'f10e3db0440da931a9e565b57d42a236') in 0.0044052 seconds
Number of updated asset objects reloaded before import = 0Number of asset objects unloaded after import = 0

========================================================================
Received Import Request.
  Time since last request: 0.000045 seconds.
  path: Assets/OrdosFX/PortalsPackage#2/Textures/Rune4.png
  artifactKey: Guid(563e27cba2a7b634782d3a57090a3e9e) Importer(2089858483,192608db42251d675da83286b1cce702)
Start importing Assets/OrdosFX/PortalsPackage#2/Textures/Rune4.png using Guid(563e27cba2a7b634782d3a57090a3e9e) Importer(2089858483,192608db42251d675da83286b1cce702) (ScriptedImporter) -> (artifact id: '439fe65dbab7d55d312507756e241a10') in 0.0157083 seconds
Number of updated asset objects reloaded before import = 0Number of asset objects unloaded after import = 1

========================================================================
Received Import Request.
  Time since last request: 0.000019 seconds.
  path: Assets/OrdosFX/PortalsPackage#2/Textures/spark (5).png
  artifactKey: Guid(9fb77b21e80578045a8fa6301be69fd5) Importer(2089858483,192608db42251d675da83286b1cce702)
Start importing Assets/OrdosFX/PortalsPackage#2/Textures/spark (5).png using Guid(9fb77b21e80578045a8fa6301be69fd5) Importer(2089858483,192608db42251d675da83286b1cce702) (ScriptedImporter) -> (artifact id: '193f2890bc431a9cc14d4523df9b2e74') in 0.0130609 seconds
Number of updated asset objects reloaded before import = 0Number of asset objects unloaded after import = 1

========================================================================
Received Import Request.
  Time since last request: 0.000045 seconds.
  path: Assets/Test game/Materials/Texture/Mat.png
  artifactKey: Guid(6f88dd65219b3bc45acbdd96eabf668e) Importer(2089858483,192608db42251d675da83286b1cce702)
Start importing Assets/Test game/Materials/Texture/Mat.png using Guid(6f88dd65219b3bc45acbdd96eabf668e) Importer(2089858483,192608db42251d675da83286b1cce702) (ScriptedImporter) -> (artifact id: 'ffec39fc534056acc1e468e92befb2de') in 0.0083946 seconds
Number of updated asset objects reloaded before import = 0Number of asset objects unloaded after import = 1

========================================================================
Received Import Request.
  Time since last request: 0.000022 seconds.
  path: Assets/Test game/Scripts/Audio visualizer/AudioSyncer.cs
  artifactKey: Guid(f19d4bfb200c60d4499478bb0c2c413e) Importer(2089858483,192608db42251d675da83286b1cce702)
Start importing Assets/Test game/Scripts/Audio visualizer/AudioSyncer.cs using Guid(f19d4bfb200c60d4499478bb0c2c413e) Importer(2089858483,192608db42251d675da83286b1cce702) (ScriptedImporter) -> (artifact id: '9bcf7d64e116510c25a56f0495c1cf3f') in 0.0050293 seconds
Number of updated asset objects reloaded before import = 0Number of asset objects unloaded after import = 0

========================================================================
Received Import Request.
  Time since last request: 0.000040 seconds.
  path: Assets/Test game/Materials/Texture/Piller 4.png
  artifactKey: Guid(7fe0d9d5322bac348813448d6f955d96) Importer(2089858483,192608db42251d675da83286b1cce702)
Start importing Assets/Test game/Materials/Texture/Piller 4.png using Guid(7fe0d9d5322bac348813448d6f955d96) Importer(2089858483,192608db42251d675da83286b1cce702) (ScriptedImporter) -> (artifact id: 'c88dfce4351d64305c68f2a33fbcbdd9') in 0.009478 seconds
Number of updated asset objects reloaded before import = 0Number of asset objects unloaded after import = 1

========================================================================
Received Import Request.
  Time since last request: 0.000039 seconds.
  path: Assets/Test game/Scripts/Manager/GameAudioManager.cs
  artifactKey: Guid(ffb97f25542dc914b91b3d59e08e4fb9) Importer(2089858483,192608db42251d675da83286b1cce702)
Start importing Assets/Test game/Scripts/Manager/GameAudioManager.cs using Guid(ffb97f25542dc914b91b3d59e08e4fb9) Importer(2089858483,192608db42251d675da83286b1cce702) (ScriptedImporter) -> (artifact id: '53bd68baf866c81e77c27278744fa930') in 0.0048246 seconds
Number of updated asset objects reloaded before import = 0Number of asset objects unloaded after import = 0

========================================================================
Received Import Request.
  Time since last request: 0.000058 seconds.
  path: Assets/Test game/Scripts/Platform/PlatformPillar.cs
  artifactKey: Guid(97f559c9a1f970440a73e4a6a6f7a783) Importer(2089858483,192608db42251d675da83286b1cce702)
Start importing Assets/Test game/Scripts/Platform/PlatformPillar.cs using Guid(97f559c9a1f970440a73e4a6a6f7a783) Importer(2089858483,192608db42251d675da83286b1cce702) (ScriptedImporter) -> (artifact id: '05f15c34d7cbcd3974ca2d1229c26034') in 0.0044382 seconds
Number of updated asset objects reloaded before import = 0Number of asset objects unloaded after import = 0

========================================================================
Received Import Request.
  Time since last request: 0.000043 seconds.
  path: Assets/Test game/Materials/Texture/Moveable.png
  artifactKey: Guid(72d2dfd5ab3d2be4bbf51e621abdeaf6) Importer(2089858483,192608db42251d675da83286b1cce702)
Start importing Assets/Test game/Materials/Texture/Moveable.png using Guid(72d2dfd5ab3d2be4bbf51e621abdeaf6) Importer(2089858483,192608db42251d675da83286b1cce702) (ScriptedImporter) -> (artifact id: 'b6337a54e7c46f02e5783752f66e6816') in 0.0099163 seconds
Number of updated asset objects reloaded before import = 0Number of asset objects unloaded after import = 1

========================================================================
Received Import Request.
  Time since last request: 0.000034 seconds.
  path: Assets/Test game/Scripts/Environment/EnvironmentController.cs
  artifactKey: Guid(b28547f6b7e93e44b80b83355a9f25dc) Importer(2089858483,192608db42251d675da83286b1cce702)
Start importing Assets/Test game/Scripts/Environment/EnvironmentController.cs using Guid(b28547f6b7e93e44b80b83355a9f25dc) Importer(2089858483,192608db42251d675da83286b1cce702) (ScriptedImporter) -> (artifact id: '4d0ada54c4fa8dff4d5a06d6ca00b869') in 0.0050293 seconds
Number of updated asset objects reloaded before import = 0Number of asset objects unloaded after import = 0

========================================================================
Received Import Request.
  Time since last request: 0.000048 seconds.
  path: Assets/Test game/Scripts/Manager/ScoreManager.cs
  artifactKey: Guid(5c94b2f634c3c074ab3350d79233c972) Importer(2089858483,192608db42251d675da83286b1cce702)
Start importing Assets/Test game/Scripts/Manager/ScoreManager.cs using Guid(5c94b2f634c3c074ab3350d79233c972) Importer(2089858483,192608db42251d675da83286b1cce702) (ScriptedImporter) -> (artifact id: '96b3cbdf5b6306519f8d29ac8687cd87') in 0.0044405 seconds
Number of updated asset objects reloaded before import = 0Number of asset objects unloaded after import = 0

========================================================================
Received Import Request.
  Time since last request: 0.000038 seconds.
  path: Assets/Test game/Scripts/Ads/InterstitialAdController.cs
  artifactKey: Guid(1bea19b43da81cc4eacc9cd7cbc56524) Importer(2089858483,192608db42251d675da83286b1cce702)
Start importing Assets/Test game/Scripts/Ads/InterstitialAdController.cs using Guid(1bea19b43da81cc4eacc9cd7cbc56524) Importer(2089858483,192608db42251d675da83286b1cce702) (ScriptedImporter) -> (artifact id: '17f2a407e675a65629ad3d946b6a6e89') in 0.004368 seconds
Number of updated asset objects reloaded before import = 0Number of asset objects unloaded after import = 0

========================================================================
Received Import Request.
  Time since last request: 0.000038 seconds.
  path: Assets/OrdosFX/PortalsPackage#2/Textures/Shine.png
  artifactKey: Guid(f5e0584f5ccb65d4399fdbe4de35df48) Importer(2089858483,192608db42251d675da83286b1cce702)
Start importing Assets/OrdosFX/PortalsPackage#2/Textures/Shine.png using Guid(f5e0584f5ccb65d4399fdbe4de35df48) Importer(2089858483,192608db42251d675da83286b1cce702) (ScriptedImporter) -> (artifact id: 'd80c5fdde010208d3a5e6871d2f25501') in 0.021208 seconds
Number of updated asset objects reloaded before import = 0Number of asset objects unloaded after import = 1

========================================================================
Received Import Request.
  Time since last request: 0.000013 seconds.
  path: Assets/Test game/Scripts/Enemy/EnemyBehaviour.cs
  artifactKey: Guid(acef246d759e68a49857f817cf32b95a) Importer(2089858483,192608db42251d675da83286b1cce702)
Start importing Assets/Test game/Scripts/Enemy/EnemyBehaviour.cs using Guid(acef246d759e68a49857f817cf32b95a) Importer(2089858483,192608db42251d675da83286b1cce702) (ScriptedImporter) -> (artifact id: '9de44cc4f79dd01e143f55c9f036d000') in 0.0044268 seconds
Number of updated asset objects reloaded before import = 0Number of asset objects unloaded after import = 0

========================================================================
Received Import Request.
  Time since last request: 0.000044 seconds.
  path: Assets/Test game/Materials/Texture/Player.png
  artifactKey: Guid(a2c3796f5a8d61c479820e7597b26164) Importer(2089858483,192608db42251d675da83286b1cce702)
Start importing Assets/Test game/Materials/Texture/Player.png using Guid(a2c3796f5a8d61c479820e7597b26164) Importer(2089858483,192608db42251d675da83286b1cce702) (ScriptedImporter) -> (artifact id: '58c967a67055da6f5a8099d1aebe0e87') in 0.0089139 seconds
Number of updated asset objects reloaded before import = 0Number of asset objects unloaded after import = 1

========================================================================
Received Import Request.
  Time since last request: 0.000051 seconds.
  path: Assets/OrdosFX/PortalsPackage#2/Textures/testexpl.png
  artifactKey: Guid(7caa7af28ebc3324e90a4f3d2905214d) Importer(2089858483,192608db42251d675da83286b1cce702)
Start importing Assets/OrdosFX/PortalsPackage#2/Textures/testexpl.png using Guid(7caa7af28ebc3324e90a4f3d2905214d) Importer(2089858483,192608db42251d675da83286b1cce702) (ScriptedImporter) -> (artifact id: '6d678d0b10d18ece71cd9036ed30c27c') in 0.0164404 seconds
Number of updated asset objects reloaded before import = 0Number of asset objects unloaded after import = 1

========================================================================
Received Import Request.
  Time since last request: 0.000030 seconds.
  path: Assets/Test game/Materials/Texture/Floor.png
  artifactKey: Guid(ffbed70da28f7574aaa9b9c5557e3504) Importer(2089858483,192608db42251d675da83286b1cce702)
Start importing Assets/Test game/Materials/Texture/Floor.png using Guid(ffbed70da28f7574aaa9b9c5557e3504) Importer(2089858483,192608db42251d675da83286b1cce702) (ScriptedImporter) -> (artifact id: '1a3e9e940d4250e20501fd987fe8ad1d') in 0.0092565 seconds
Number of updated asset objects reloaded before import = 0Number of asset objects unloaded after import = 1

========================================================================
Received Import Request.
  Time since last request: 0.000036 seconds.
  path: Assets/GooglePlayGames/Platforms/Android/AndroidClient.cs
  artifactKey: Guid(32e99ad5da22248a28a9ca51282b121f) Importer(2089858483,192608db42251d675da83286b1cce702)
Start importing Assets/GooglePlayGames/Platforms/Android/AndroidClient.cs using Guid(32e99ad5da22248a28a9ca51282b121f) Importer(2089858483,192608db42251d675da83286b1cce702) (ScriptedImporter) -> (artifact id: '031ebcbf3f08c364aea707bf351117f1') in 0.0047446 seconds
Number of updated asset objects reloaded before import = 0Number of asset objects unloaded after import = 0

========================================================================
Received Import Request.
  Time since last request: 0.000056 seconds.
  path: Assets/GooglePlayGames/BasicApi/Nearby/ConnectionRequest.cs
  artifactKey: Guid(c7f9bb6b249224f99ad05a87d3e4ee34) Importer(2089858483,192608db42251d675da83286b1cce702)
Start importing Assets/GooglePlayGames/BasicApi/Nearby/ConnectionRequest.cs using Guid(c7f9bb6b249224f99ad05a87d3e4ee34) Importer(2089858483,192608db42251d675da83286b1cce702) (ScriptedImporter) -> (artifact id: '51858c062ace2c83f0a95a6a551faacd') in 0.005333 seconds
Number of updated asset objects reloaded before import = 0Number of asset objects unloaded after import = 0

========================================================================
Received Import Request.
  Time since last request: 0.000057 seconds.
  path: Assets/Test game/Scripts/Enemy/EnemyGenerator.cs
  artifactKey: Guid(90e4f88dab6edf243ae9fbf971ca1e58) Importer(2089858483,192608db42251d675da83286b1cce702)
Start importing Assets/Test game/Scripts/Enemy/EnemyGenerator.cs using Guid(90e4f88dab6edf243ae9fbf971ca1e58) Importer(2089858483,192608db42251d675da83286b1cce702) (ScriptedImporter) -> (artifact id: 'd6b47d7a6fe3ef8a5ac33f39f3415b97') in 0.0047094 seconds
Number of updated asset objects reloaded before import = 0Number of asset objects unloaded after import = 0

========================================================================
Received Import Request.
  Time since last request: 0.000046 seconds.
  path: Assets/OrdosFX/PortalsPackage#2/Textures/Particle1.png
  artifactKey: Guid(3284740a4818bf446b42f30b7c78c9b1) Importer(2089858483,192608db42251d675da83286b1cce702)
Start importing Assets/OrdosFX/PortalsPackage#2/Textures/Particle1.png using Guid(3284740a4818bf446b42f30b7c78c9b1) Importer(2089858483,192608db42251d675da83286b1cce702) (ScriptedImporter) -> (artifact id: 'f5d6b984d4d7dee667a3b5fd0ecb300b') in 0.0117476 seconds
Number of updated asset objects reloaded before import = 0Number of asset objects unloaded after import = 1

========================================================================
Received Import Request.
  Time since last request: 0.000016 seconds.
  path: Assets/Test game/Scripts/Items/ItemBehaviour.cs
  artifactKey: Guid(dcdb0eaf5cd0e484fb64c867326c5316) Importer(2089858483,192608db42251d675da83286b1cce702)
Start importing Assets/Test game/Scripts/Items/ItemBehaviour.cs using Guid(dcdb0eaf5cd0e484fb64c867326c5316) Importer(2089858483,192608db42251d675da83286b1cce702) (ScriptedImporter) -> (artifact id: '30b47667e08a5e89f22f125cdd7adbde') in 0.004982 seconds
Number of updated asset objects reloaded before import = 0Number of asset objects unloaded after import = 0

========================================================================
Received Import Request.
  Time since last request: 0.000055 seconds.
  path: Assets/Test game/Materials/Texture/Enemy1.jpg
  artifactKey: Guid(91cc60fbaea01a4479594f92e64ad710) Importer(2089858483,192608db42251d675da83286b1cce702)
Start importing Assets/Test game/Materials/Texture/Enemy1.jpg using Guid(91cc60fbaea01a4479594f92e64ad710) Importer(2089858483,192608db42251d675da83286b1cce702) (ScriptedImporter) -> (artifact id: '7e452067fbf9f8d0a115ba5b2df6d1c0') in 0.010327 seconds
Number of updated asset objects reloaded before import = 0Number of asset objects unloaded after import = 1

========================================================================
Received Import Request.
  Time since last request: 0.000051 seconds.
  path: Assets/GoogleMobileAds/Platforms/Unity/RewardedInterstitialAdClient.cs
  artifactKey: Guid(c6610e9d926904b97a9d80aebf0ad6b1) Importer(2089858483,192608db42251d675da83286b1cce702)
Start importing Assets/GoogleMobileAds/Platforms/Unity/RewardedInterstitialAdClient.cs using Guid(c6610e9d926904b97a9d80aebf0ad6b1) Importer(2089858483,192608db42251d675da83286b1cce702) (ScriptedImporter) -> (artifact id: 'd4eba340ed8d8cc5b91f453cc4211687') in 0.0053669 seconds
Number of updated asset objects reloaded before import = 0Number of asset objects unloaded after import = 0

========================================================================
Received Import Request.
  Time since last request: 0.000056 seconds.
  path: Assets/GooglePlayGames/BasicApi/Events/Event.cs
  artifactKey: Guid(ce7f6801baead4bbda584bb96882e78b) Importer(2089858483,192608db42251d675da83286b1cce702)
Start importing Assets/GooglePlayGames/BasicApi/Events/Event.cs using Guid(ce7f6801baead4bbda584bb96882e78b) Importer(2089858483,192608db42251d675da83286b1cce702) (ScriptedImporter) -> (artifact id: '987012d222fead03b43e4ef37a4f3f99') in 0.0133461 seconds
Number of updated asset objects reloaded before import = 0Number of asset objects unloaded after import = 0

========================================================================
Received Import Request.
  Time since last request: 0.000066 seconds.
  path: Assets/GooglePlayGames/Platforms/Android/AndroidSavedGameClient.cs
  artifactKey: Guid(a52ca79a06d83464e89d0d052c9af7d9) Importer(2089858483,192608db42251d675da83286b1cce702)
Start importing Assets/GooglePlayGames/Platforms/Android/AndroidSavedGameClient.cs using Guid(a52ca79a06d83464e89d0d052c9af7d9) Importer(2089858483,192608db42251d675da83286b1cce702) (ScriptedImporter) -> (artifact id: '99e618bbca9a9e2af214ce0572a3673d') in 0.0050482 seconds
Number of updated asset objects reloaded before import = 0Number of asset objects unloaded after import = 0

========================================================================
Received Import Request.
  Time since last request: 0.000047 seconds.
  path: Assets/GoogleMobileAds/Api/Core/Reward.cs
  artifactKey: Guid(c5920a3c367fc4080bdd9e191f0efbb6) Importer(2089858483,192608db42251d675da83286b1cce702)
Start importing Assets/GoogleMobileAds/Api/Core/Reward.cs using Guid(c5920a3c367fc4080bdd9e191f0efbb6) Importer(2089858483,192608db42251d675da83286b1cce702) (ScriptedImporter) -> (artifact id: 'e5a3c1d8450de295ce90a75e50025597') in 0.0053179 seconds
Number of updated asset objects reloaded before import = 0Number of asset objects unloaded after import = 0

========================================================================
Received Import Request.
  Time since last request: 0.000058 seconds.
  path: Assets/OrdosFX/PortalsPackage#2/Prefabs/Portal1.prefab
  artifactKey: Guid(79c07edbbba40324790425ba5d425e4a) Importer(2089858483,192608db42251d675da83286b1cce702)
Start importing Assets/OrdosFX/PortalsPackage#2/Prefabs/Portal1.prefab using Guid(79c07edbbba40324790425ba5d425e4a) Importer(2089858483,192608db42251d675da83286b1cce702) (ScriptedImporter) -> (artifact id: 'c2570feb593e1068b2a276b4f1540d76') in 0.0132478 seconds
Number of updated asset objects reloaded before import = 0Number of asset objects unloaded after import = 32

========================================================================
Received Import Request.
  Time since last request: 0.000016 seconds.
  path: Assets/GooglePlayGames/BasicApi/Nearby/ConnectionResponse.cs
  artifactKey: Guid(ad6611af8d0204d0d8922a327d3d9ec0) Importer(2089858483,192608db42251d675da83286b1cce702)
Start importing Assets/GooglePlayGames/BasicApi/Nearby/ConnectionResponse.cs using Guid(ad6611af8d0204d0d8922a327d3d9ec0) Importer(2089858483,192608db42251d675da83286b1cce702) (ScriptedImporter) -> (artifact id: 'f1988529e8cd5fc81a9f5178db44e75d') in 0.0060753 seconds
Number of updated asset objects reloaded before import = 0Number of asset objects unloaded after import = 0

========================================================================
Received Import Request.
  Time since last request: 0.000061 seconds.
  path: Assets/Test game/Scripts/Items/ItemGenerator.cs
  artifactKey: Guid(e5cc146bb1a2fd94bb8b4718343cee5f) Importer(2089858483,192608db42251d675da83286b1cce702)
Start importing Assets/Test game/Scripts/Items/ItemGenerator.cs using Guid(e5cc146bb1a2fd94bb8b4718343cee5f) Importer(2089858483,192608db42251d675da83286b1cce702) (ScriptedImporter) -> (artifact id: '9c044e0fa3ca2cdba51ea314ca0e0af8') in 0.0050522 seconds
Number of updated asset objects reloaded before import = 0Number of asset objects unloaded after import = 0

========================================================================
Received Import Request.
  Time since last request: 0.000077 seconds.
  path: Assets/Test game/Animation/Heart/heart rotation.anim
  artifactKey: Guid(a146db7b55686624593b791ab9cd5aac) Importer(2089858483,192608db42251d675da83286b1cce702)
Start importing Assets/Test game/Animation/Heart/heart rotation.anim using Guid(a146db7b55686624593b791ab9cd5aac) Importer(2089858483,192608db42251d675da83286b1cce702) (ScriptedImporter) -> (artifact id: '403889f47590f5133dd0f2b51c286f03') in 0.0065645 seconds
Number of updated asset objects reloaded before import = 0Number of asset objects unloaded after import = 1

========================================================================
Received Import Request.
  Time since last request: 0.000044 seconds.
  path: Assets/Test game/Materials/Texture/Piller 3.png
  artifactKey: Guid(266302be3db44a14bbab831e013498df) Importer(2089858483,192608db42251d675da83286b1cce702)
Start importing Assets/Test game/Materials/Texture/Piller 3.png using Guid(266302be3db44a14bbab831e013498df) Importer(2089858483,192608db42251d675da83286b1cce702) (ScriptedImporter) -> (artifact id: '55329d1c399465e3589e94bf4c987b06') in 0.0121015 seconds
Number of updated asset objects reloaded before import = 0Number of asset objects unloaded after import = 1

========================================================================
Received Import Request.
  Time since last request: 0.000054 seconds.
  path: Assets/OrdosFX/PortalsPackage#2/Textures/planet.png
  artifactKey: Guid(28631f4ea1eff0c44a22c5c7b6fbf069) Importer(2089858483,192608db42251d675da83286b1cce702)
Start importing Assets/OrdosFX/PortalsPackage#2/Textures/planet.png using Guid(28631f4ea1eff0c44a22c5c7b6fbf069) Importer(2089858483,192608db42251d675da83286b1cce702) (ScriptedImporter) -> (artifact id: '22d90960c64157e7c4e9d9471560a66f') in 0.0335388 seconds
Number of updated asset objects reloaded before import = 0Number of asset objects unloaded after import = 1

========================================================================
Received Import Request.
  Time since last request: 0.000056 seconds.
  path: Assets/GoogleMobileAds/Platforms/Unity/RewardedAdClient.cs
  artifactKey: Guid(feceb25d390dc4080b153626b6295ff9) Importer(2089858483,192608db42251d675da83286b1cce702)
Start importing Assets/GoogleMobileAds/Platforms/Unity/RewardedAdClient.cs using Guid(feceb25d390dc4080b153626b6295ff9) Importer(2089858483,192608db42251d675da83286b1cce702) (ScriptedImporter) -> (artifact id: '801588131c6bcda3f0198d8be5a6e1c0') in 0.0053462 seconds
Number of updated asset objects reloaded before import = 0Number of asset objects unloaded after import = 0

========================================================================
Received Import Request.
  Time since last request: 0.000051 seconds.
  path: Assets/Game GUI Vol1/PurpleRock/PNG/Email.png
  artifactKey: Guid(feb0b2e65fe4948eaa2ebfc6c9dd2d1e) Importer(2089858483,192608db42251d675da83286b1cce702)
Start importing Assets/Game GUI Vol1/PurpleRock/PNG/Email.png using Guid(feb0b2e65fe4948eaa2ebfc6c9dd2d1e) Importer(2089858483,192608db42251d675da83286b1cce702) (ScriptedImporter) -> (artifact id: '3ee45af4d4e2976e1bcd1162b3d2c717') in 0.0155609 seconds
Number of updated asset objects reloaded before import = 0Number of asset objects unloaded after import = 3

========================================================================
Received Import Request.
  Time since last request: 0.000013 seconds.
  path: Assets/OrdosFX/PortalsPackage#2/Scripts/PortalsFX2_AxisRotateByTime.cs
  artifactKey: Guid(19ed0f15edcb02b4dbb245c5f1ed0b38) Importer(2089858483,192608db42251d675da83286b1cce702)
Start importing Assets/OrdosFX/PortalsPackage#2/Scripts/PortalsFX2_AxisRotateByTime.cs using Guid(19ed0f15edcb02b4dbb245c5f1ed0b38) Importer(2089858483,192608db42251d675da83286b1cce702) (ScriptedImporter) -> (artifact id: '20d751912d08c9efe0cf409f6e64db62') in 0.0054693 seconds
Number of updated asset objects reloaded before import = 0Number of asset objects unloaded after import = 0

========================================================================
Received Import Request.
  Time since last request: 0.000055 seconds.
  path: Assets/Test game/Materials/Texture/Piller 1.png
  artifactKey: Guid(43196aa34dd7cf54fa695f2fc5fd46c2) Importer(2089858483,192608db42251d675da83286b1cce702)
Start importing Assets/Test game/Materials/Texture/Piller 1.png using Guid(43196aa34dd7cf54fa695f2fc5fd46c2) Importer(2089858483,192608db42251d675da83286b1cce702) (ScriptedImporter) -> (artifact id: 'ed21533fa6a17bb5390df2f7ac4666f2') in 0.0124079 seconds
Number of updated asset objects reloaded before import = 0Number of asset objects unloaded after import = 1

========================================================================
Received Import Request.
  Time since last request: 0.000032 seconds.
  path: Assets/OrdosFX/PortalsPackage#2/Shaders/PortalsFX2_BlendedMaskNoZ.shader
  artifactKey: Guid(492e5c3e17726dc48acd1eb20863a44c) Importer(2089858483,192608db42251d675da83286b1cce702)
Start importing Assets/OrdosFX/PortalsPackage#2/Shaders/PortalsFX2_BlendedMaskNoZ.shader using Guid(492e5c3e17726dc48acd1eb20863a44c) Importer(2089858483,192608db42251d675da83286b1cce702) (ScriptedImporter) -> (artifact id: '04de8ea3fc7a0a47c633f4b91aa10060') in 0.0061259 seconds
Number of updated asset objects reloaded before import = 0Number of asset objects unloaded after import = 1

========================================================================
Received Import Request.
  Time since last request: 0.000040 seconds.
  path: Assets/Test game/Scripts/Data/GameModeEnum.cs
  artifactKey: Guid(ce797e611c3b31d4b952b5e605054886) Importer(2089858483,192608db42251d675da83286b1cce702)
Start importing Assets/Test game/Scripts/Data/GameModeEnum.cs using Guid(ce797e611c3b31d4b952b5e605054886) Importer(2089858483,192608db42251d675da83286b1cce702) (ScriptedImporter) -> (artifact id: 'e96623ad495e933518965f749a5e11ba') in 0.0056041 seconds
Number of updated asset objects reloaded before import = 0Number of asset objects unloaded after import = 0

========================================================================
Received Import Request.
  Time since last request: 0.000069 seconds.
  path: Assets/OrdosFX/PortalsPackage#2/Textures/_343-.png
  artifactKey: Guid(51c18d449cd12ce4aa29e53da1383802) Importer(2089858483,192608db42251d675da83286b1cce702)
Start importing Assets/OrdosFX/PortalsPackage#2/Textures/_343-.png using Guid(51c18d449cd12ce4aa29e53da1383802) Importer(2089858483,192608db42251d675da83286b1cce702) (ScriptedImporter) -> (artifact id: 'b06e79cc997c5894414d842065812d44') in 0.1105753 seconds
Number of updated asset objects reloaded before import = 0Number of asset objects unloaded after import = 1

========================================================================
Received Import Request.
  Time since last request: 0.000018 seconds.
  path: Assets/VRSampleScenes/Materials/Examples/ExamplesDarkBlue.mat
  artifactKey: Guid(1331fff4b797e934f9dda03e8801d6e0) Importer(2089858483,192608db42251d675da83286b1cce702)
Start importing Assets/VRSampleScenes/Materials/Examples/ExamplesDarkBlue.mat using Guid(1331fff4b797e934f9dda03e8801d6e0) Importer(2089858483,192608db42251d675da83286b1cce702) (ScriptedImporter) -> (artifact id: 'ff73c657bd244c26124605ffaea99f73') in 0.0366216 seconds
Number of updated asset objects reloaded before import = 0Number of asset objects unloaded after import = 1

========================================================================
Received Import Request.
  Time since last request: 0.000025 seconds.
  path: Assets/VRSampleScenes/Animations/Flyer/FlyerGate.anim
  artifactKey: Guid(9c5f65f4d42a8914196558bf7944e5e3) Importer(2089858483,192608db42251d675da83286b1cce702)
Start importing Assets/VRSampleScenes/Animations/Flyer/FlyerGate.anim using Guid(9c5f65f4d42a8914196558bf7944e5e3) Importer(2089858483,192608db42251d675da83286b1cce702) (ScriptedImporter) -> (artifact id: '96a8dc7024384f83dbf00b40e6b6559c') in 0.0163261 seconds
Number of updated asset objects reloaded before import = 0Number of asset objects unloaded after import = 1

========================================================================
Received Import Request.
  Time since last request: 0.000044 seconds.
  path: Assets/OrdosFX/PortalsPackage#2/Materials/Portal4/Crack3.mat
  artifactKey: Guid(3b1e8d6f8a1560a42a63519cc1ffaadd) Importer(2089858483,192608db42251d675da83286b1cce702)
Start importing Assets/OrdosFX/PortalsPackage#2/Materials/Portal4/Crack3.mat using Guid(3b1e8d6f8a1560a42a63519cc1ffaadd) Importer(2089858483,192608db42251d675da83286b1cce702) (ScriptedImporter) -> (artifact id: '4f69b570a5045fc91909bf86fbc6a4b4') in 0.0456389 seconds
Number of updated asset objects reloaded before import = 0Number of asset objects unloaded after import = 3

========================================================================
Received Import Request.
  Time since last request: 0.000071 seconds.
  path: Assets/Unity Utility/Dialog/Fonts/Roboto-Medium.ttf
  artifactKey: Guid(e2bd926fb09c5c84dbe56240e0f23461) Importer(2089858483,192608db42251d675da83286b1cce702)
Start importing Assets/Unity Utility/Dialog/Fonts/Roboto-Medium.ttf using Guid(e2bd926fb09c5c84dbe56240e0f23461) Importer(2089858483,192608db42251d675da83286b1cce702) (ScriptedImporter) -> (artifact id: '89cb0e38acbec48de2bac5ec13cd42d6') in 0.0101014 seconds
Number of updated asset objects reloaded before import = 0Number of asset objects unloaded after import = 3

========================================================================
Received Import Request.
  Time since last request: 0.000013 seconds.
  path: Assets/OrdosFX/PortalsPackage#2/Materials/Portal3/New Material.mat
  artifactKey: Guid(5b21f603b2dddbc40a8d5b3f18a591fc) Importer(2089858483,192608db42251d675da83286b1cce702)
Start importing Assets/OrdosFX/PortalsPackage#2/Materials/Portal3/New Material.mat using Guid(5b21f603b2dddbc40a8d5b3f18a591fc) Importer(2089858483,192608db42251d675da83286b1cce702) (ScriptedImporter) -> (artifact id: '9ed7e4e17d99184df0eb6f329d631b37') in 0.0340648 seconds
Number of updated asset objects reloaded before import = 0Number of asset objects unloaded after import = 1

========================================================================
Received Import Request.
  Time since last request: 0.000044 seconds.
  path: Assets/OrdosFX/PortalsPackage#2/Materials/Portal2/Portal.mat
  artifactKey: Guid(91786576731c55b4b997db146f237262) Importer(2089858483,192608db42251d675da83286b1cce702)
Start importing Assets/OrdosFX/PortalsPackage#2/Materials/Portal2/Portal.mat using Guid(91786576731c55b4b997db146f237262) Importer(2089858483,192608db42251d675da83286b1cce702) (ScriptedImporter) -> (artifact id: 'a6fd54ebb546835d0162fcb1f858842e') in 0.0476414 seconds
Number of updated asset objects reloaded before import = 0Number of asset objects unloaded after import = 2

========================================================================
Received Import Request.
  Time since last request: 0.000046 seconds.
  path: Assets/VRSampleScenes/Textures/Flyer/FlyerGateAlbedo.tif
  artifactKey: Guid(f391e85fb0c8e5e4d9f02334da31048a) Importer(2089858483,192608db42251d675da83286b1cce702)
Start importing Assets/VRSampleScenes/Textures/Flyer/FlyerGateAlbedo.tif using Guid(f391e85fb0c8e5e4d9f02334da31048a) Importer(2089858483,192608db42251d675da83286b1cce702) (ScriptedImporter) -> (artifact id: '1e96a3a0ced581f95909a224c9a24623') in 0.0116537 seconds
Number of updated asset objects reloaded before import = 0Number of asset objects unloaded after import = 1

========================================================================
Received Import Request.
  Time since last request: 0.000036 seconds.
  path: Assets/Unity Utility/AudioSystem/Audio/Background 3.mp3
  artifactKey: Guid(401a0f26e13d9426aa7c52e9c98e20fa) Importer(2089858483,192608db42251d675da83286b1cce702)
Start importing Assets/Unity Utility/AudioSystem/Audio/Background 3.mp3 using Guid(401a0f26e13d9426aa7c52e9c98e20fa) Importer(2089858483,192608db42251d675da83286b1cce702) (ScriptedImporter) -> (artifact id: 'b1c0c59ff2fc346578e7d4f4adcacfda') in 0.1370958 seconds
Number of updated asset objects reloaded before import = 0Number of asset objects unloaded after import = 1

========================================================================
Received Import Request.
  Time since last request: 0.000019 seconds.
  path: Assets/VRSampleScenes/Materials/Examples/ExamplesCyan.mat
  artifactKey: Guid(36ac08bf8a2d0ff4a9546100c0139088) Importer(2089858483,192608db42251d675da83286b1cce702)
Start importing Assets/VRSampleScenes/Materials/Examples/ExamplesCyan.mat using Guid(36ac08bf8a2d0ff4a9546100c0139088) Importer(2089858483,192608db42251d675da83286b1cce702) (ScriptedImporter) -> (artifact id: 'a4e3acf5a990c6af50288ee0ee3412f6') in 0.005982 seconds
Number of updated asset objects reloaded before import = 0Number of asset objects unloaded after import = 1

========================================================================
Received Import Request.
  Time since last request: 0.000051 seconds.
  path: Assets/OrdosFX/PortalsPackage#2/Materials/Portal5/ColorParticles 6.mat
  artifactKey: Guid(45b4176881c025345a036def5f0f3ea3) Importer(2089858483,192608db42251d675da83286b1cce702)
Start importing Assets/OrdosFX/PortalsPackage#2/Materials/Portal5/ColorParticles 6.mat using Guid(45b4176881c025345a036def5f0f3ea3) Importer(2089858483,192608db42251d675da83286b1cce702) (ScriptedImporter) -> (artifact id: '3eb27ca138869e5e04e6700135beb9bc') in 0.0159624 seconds
Number of updated asset objects reloaded before import = 0Number of asset objects unloaded after import = 2

========================================================================
Received Import Request.
  Time since last request: 0.000014 seconds.
  path: Assets/Unity Utility/Dialog/Fonts/Roboto-Regular.ttf
  artifactKey: Guid(443c588e3ff22b54aa49d789154e45f5) Importer(2089858483,192608db42251d675da83286b1cce702)
Start importing Assets/Unity Utility/Dialog/Fonts/Roboto-Regular.ttf using Guid(443c588e3ff22b54aa49d789154e45f5) Importer(2089858483,192608db42251d675da83286b1cce702) (ScriptedImporter) -> (artifact id: '79ef63ddb1c8f28ae6b7e054e6a109f4') in 0.0079954 seconds
Number of updated asset objects reloaded before import = 0Number of asset objects unloaded after import = 3

========================================================================
Received Import Request.
  Time since last request: 0.000011 seconds.
  path: Assets/OrdosFX/PortalsPackage#2/Materials/Portal3/ColorParticles 2.mat
  artifactKey: Guid(c5ccf13a040f5fd43a0bdb135b4feb98) Importer(2089858483,192608db42251d675da83286b1cce702)
Start importing Assets/OrdosFX/PortalsPackage#2/Materials/Portal3/ColorParticles 2.mat using Guid(c5ccf13a040f5fd43a0bdb135b4feb98) Importer(2089858483,192608db42251d675da83286b1cce702) (ScriptedImporter) -> (artifact id: '5b253099f72ab61ae2302b4120f103f5') in 0.006875 seconds
Number of updated asset objects reloaded before import = 0Number of asset objects unloaded after import = 2

========================================================================
Received Import Request.
  Time since last request: 0.000013 seconds.
  path: Assets/Test game/Scripts/UI/GetLifePanel.cs
  artifactKey: Guid(db968f6e8c2ab4d9fadc4976fdc6f194) Importer(2089858483,192608db42251d675da83286b1cce702)
Start importing Assets/Test game/Scripts/UI/GetLifePanel.cs using Guid(db968f6e8c2ab4d9fadc4976fdc6f194) Importer(2089858483,192608db42251d675da83286b1cce702) (ScriptedImporter) -> (artifact id: '412e088483eb91e3388bfae922c9d60c') in 0.004548 seconds
Number of updated asset objects reloaded before import = 0Number of asset objects unloaded after import = 0

========================================================================
Received Import Request.
  Time since last request: 0.000051 seconds.
  path: Assets/Unity Utility/Dialog/Script/IDialog.cs
  artifactKey: Guid(5b3c8c4c10b6c424ea0986d05119ec92) Importer(2089858483,192608db42251d675da83286b1cce702)
Start importing Assets/Unity Utility/Dialog/Script/IDialog.cs using Guid(5b3c8c4c10b6c424ea0986d05119ec92) Importer(2089858483,192608db42251d675da83286b1cce702) (ScriptedImporter) -> (artifact id: 'a6a26cdf1025c0d74037416a3ad7c7c1') in 0.0040495 seconds
Number of updated asset objects reloaded before import = 0Number of asset objects unloaded after import = 0

========================================================================
Received Import Request.
  Time since last request: 0.000049 seconds.
  path: Assets/OrdosFX/PortalsPackage#2/Materials/Portal6/Circle.mat
  artifactKey: Guid(7f4c4d14753ed9440a72bd13c3cf0773) Importer(2089858483,192608db42251d675da83286b1cce702)
Start importing Assets/OrdosFX/PortalsPackage#2/Materials/Portal6/Circle.mat using Guid(7f4c4d14753ed9440a72bd13c3cf0773) Importer(2089858483,192608db42251d675da83286b1cce702) (ScriptedImporter) -> (artifact id: 'aae5e0bf9390ff0f69d1430d9519ba71') in 0.0225091 seconds
Number of updated asset objects reloaded before import = 0Number of asset objects unloaded after import = 3

========================================================================
Received Import Request.
  Time since last request: 0.000012 seconds.
  path: Assets/OrdosFX/PortalsPackage#2/Materials/Portal6/Crack4.mat
  artifactKey: Guid(c5a7dcf84bf3ee645aff763a60bca065) Importer(2089858483,192608db42251d675da83286b1cce702)
Start importing Assets/OrdosFX/PortalsPackage#2/Materials/Portal6/Crack4.mat using Guid(c5a7dcf84bf3ee645aff763a60bca065) Importer(2089858483,192608db42251d675da83286b1cce702) (ScriptedImporter) -> (artifact id: 'bfce2e197a907278c1e8f12375a9fc4d') in 0.0059253 seconds
Number of updated asset objects reloaded before import = 0Number of asset objects unloaded after import = 2

========================================================================
Received Import Request.
  Time since last request: 0.000012 seconds.
  path: Assets/OrdosFX/PortalsPackage#2/Materials/Portal8/PlanetHolder.mat
  artifactKey: Guid(dbc9064ebccac6a4aa91348f72b1047e) Importer(2089858483,192608db42251d675da83286b1cce702)
Start importing Assets/OrdosFX/PortalsPackage#2/Materials/Portal8/PlanetHolder.mat using Guid(dbc9064ebccac6a4aa91348f72b1047e) Importer(2089858483,192608db42251d675da83286b1cce702) (ScriptedImporter) -> (artifact id: '10363c649f6b06b43a1dc84db7563676') in 0.0137663 seconds
Number of updated asset objects reloaded before import = 0Number of asset objects unloaded after import = 3

========================================================================
Received Import Request.
  Time since last request: 0.000014 seconds.
  path: Assets/OrdosFX/PortalsPackage#2/Materials/Portal7/ColorTrails 1.mat
  artifactKey: Guid(ea01b37e9c82f8b4ab2ff2d91c0d5b4e) Importer(2089858483,192608db42251d675da83286b1cce702)
Start importing Assets/OrdosFX/PortalsPackage#2/Materials/Portal7/ColorTrails 1.mat using Guid(ea01b37e9c82f8b4ab2ff2d91c0d5b4e) Importer(2089858483,192608db42251d675da83286b1cce702) (ScriptedImporter) -> (artifact id: 'fdbea52b1458c8b744ecfb6712521559') in 0.0063555 seconds
Number of updated asset objects reloaded before import = 0Number of asset objects unloaded after import = 2

========================================================================
Received Import Request.
  Time since last request: 0.000013 seconds.
  path: Assets/OrdosFX/PortalsPackage#2/Materials/Portal8/ColorParticles 6.mat
  artifactKey: Guid(66d883dc04b3e934dbe4ed7eb3501b7d) Importer(2089858483,192608db42251d675da83286b1cce702)
Start importing Assets/OrdosFX/PortalsPackage#2/Materials/Portal8/ColorParticles 6.mat using Guid(66d883dc04b3e934dbe4ed7eb3501b7d) Importer(2089858483,192608db42251d675da83286b1cce702) (ScriptedImporter) -> (artifact id: '67ce6971a2eab430ad1335ccc7d140b2') in 0.0059885 seconds
Number of updated asset objects reloaded before import = 0Number of asset objects unloaded after import = 2

========================================================================
Received Import Request.
  Time since last request: 0.000015 seconds.
  path: Assets/OrdosFX/PortalsPackage#2/Materials/Portal8/Ring1.mat
  artifactKey: Guid(d6d15916071a3694aac554b5acdbb896) Importer(2089858483,192608db42251d675da83286b1cce702)
Start importing Assets/OrdosFX/PortalsPackage#2/Materials/Portal8/Ring1.mat using Guid(d6d15916071a3694aac554b5acdbb896) Importer(2089858483,192608db42251d675da83286b1cce702) (ScriptedImporter) -> (artifact id: 'd056f79a20216e1b1dc3dcc7b45657cd') in 0.0143733 seconds
Number of updated asset objects reloaded before import = 0Number of asset objects unloaded after import = 3

========================================================================
Received Import Request.
  Time since last request: 0.000012 seconds.
  path: Assets/OrdosFX/PortalsPackage#2/Materials/Portal8/Circle 2.mat
  artifactKey: Guid(2cdc8327e3e62904085156754b84f677) Importer(2089858483,192608db42251d675da83286b1cce702)
Start importing Assets/OrdosFX/PortalsPackage#2/Materials/Portal8/Circle 2.mat using Guid(2cdc8327e3e62904085156754b84f677) Importer(2089858483,192608db42251d675da83286b1cce702) (ScriptedImporter) -> (artifact id: 'b0eb722946444659cbb666b82bc267ac') in 0.0241522 seconds
Number of updated asset objects reloaded before import = 0Number of asset objects unloaded after import = 3

========================================================================
Received Import Request.
  Time since last request: 0.000014 seconds.
  path: Assets/GoogleMobileAds/Editor/Resources/DummyAds/AdImages/320x50.png
  artifactKey: Guid(5a6531d4c9c484d679a2d6f9e6fefed5) Importer(2089858483,192608db42251d675da83286b1cce702)
Start importing Assets/GoogleMobileAds/Editor/Resources/DummyAds/AdImages/320x50.png using Guid(5a6531d4c9c484d679a2d6f9e6fefed5) Importer(2089858483,192608db42251d675da83286b1cce702) (ScriptedImporter) -> (artifact id: '1810053246497c6653a6fabe88ae986d') in 0.0098062 seconds
Number of updated asset objects reloaded before import = 0Number of asset objects unloaded after import = 3

========================================================================
Received Import Request.
  Time since last request: 0.000017 seconds.
  path: Assets/GoogleMobileAds/Editor/Resources/DummyAds/AdImages/480x320.png
  artifactKey: Guid(d30303c99ba3f4b9b9924da34e6d742d) Importer(2089858483,192608db42251d675da83286b1cce702)
Start importing Assets/GoogleMobileAds/Editor/Resources/DummyAds/AdImages/480x320.png using Guid(d30303c99ba3f4b9b9924da34e6d742d) Importer(2089858483,192608db42251d675da83286b1cce702) (ScriptedImporter) -> (artifact id: 'd30dc24ae56f3abab083e6445463d3b4') in 0.015855 seconds
Number of updated asset objects reloaded before import = 0Number of asset objects unloaded after import = 3

========================================================================
Received Import Request.
  Time since last request: 0.000011 seconds.
  path: Assets/OrdosFX/PortalsPackage#2/Materials/Portal7/Portal10.mat
  artifactKey: Guid(e72fe3b51f2012f4ba6163ec7f53b334) Importer(2089858483,192608db42251d675da83286b1cce702)
Start importing Assets/OrdosFX/PortalsPackage#2/Materials/Portal7/Portal10.mat using Guid(e72fe3b51f2012f4ba6163ec7f53b334) Importer(2089858483,192608db42251d675da83286b1cce702) (ScriptedImporter) -> (artifact id: '40aaa9ae86e146839e9a5e0baf4ff082') in 0.0071323 seconds
Number of updated asset objects reloaded before import = 0Number of asset objects unloaded after import = 2

========================================================================
Received Import Request.
  Time since last request: 0.000016 seconds.
  path: Assets/GoogleMobileAds/Editor/Resources/DummyAds/Interstitials/768x1024.prefab
  artifactKey: Guid(9e579ef4793d34e79be6a216c0b67d78) Importer(2089858483,192608db42251d675da83286b1cce702)
Start importing Assets/GoogleMobileAds/Editor/Resources/DummyAds/Interstitials/768x1024.prefab using Guid(9e579ef4793d34e79be6a216c0b67d78) Importer(2089858483,192608db42251d675da83286b1cce702) (ScriptedImporter) -> (artifact id: '41bcfe17c3e5f6cdf41eedf1a184e948') in 0.0259554 seconds
Number of updated asset objects reloaded before import = 0Number of asset objects unloaded after import = 26

========================================================================
Received Import Request.
  Time since last request: 0.000016 seconds.
  path: Assets/GoogleMobileAds/Editor/Resources/DummyAds/AdImages/320x480.png
  artifactKey: Guid(77d9c04b43d404f44ab60d7159b279bb) Importer(2089858483,192608db42251d675da83286b1cce702)
Start importing Assets/GoogleMobileAds/Editor/Resources/DummyAds/AdImages/320x480.png using Guid(77d9c04b43d404f44ab60d7159b279bb) Importer(2089858483,192608db42251d675da83286b1cce702) (ScriptedImporter) -> (artifact id: 'f723cce569d9f50000fe0f3d66e485cd') in 0.0135124 seconds
Number of updated asset objects reloaded before import = 0Number of asset objects unloaded after import = 3

========================================================================
Received Import Request.
  Time since last request: 0.000019 seconds.
  path: Assets/OrdosFX/PortalsPackage#2/Materials/Portal7/Portal7.mat
  artifactKey: Guid(8b4feffe203937a4e9bd6961d83557cb) Importer(2089858483,192608db42251d675da83286b1cce702)
Start importing Assets/OrdosFX/PortalsPackage#2/Materials/Portal7/Portal7.mat using Guid(8b4feffe203937a4e9bd6961d83557cb) Importer(2089858483,192608db42251d675da83286b1cce702) (ScriptedImporter) -> (artifact id: 'a9e48e7ecb482fd23d5251cb0310144d') in 0.0139778 seconds
Number of updated asset objects reloaded before import = 0Number of asset objects unloaded after import = 2

========================================================================
Received Import Request.
  Time since last request: 0.000013 seconds.
  path: Assets/GoogleMobileAds/Editor/Resources/DummyAds/Banners/LEADERBOARD.prefab
  artifactKey: Guid(60a76727b740d485fa446352e56931c5) Importer(2089858483,192608db42251d675da83286b1cce702)
Start importing Assets/GoogleMobileAds/Editor/Resources/DummyAds/Banners/LEADERBOARD.prefab using Guid(60a76727b740d485fa446352e56931c5) Importer(2089858483,192608db42251d675da83286b1cce702) (ScriptedImporter) -> (artifact id: 'd370140e6b375acb12215912b80c0bd0') in 0.014867 seconds
Number of updated asset objects reloaded before import = 0Number of asset objects unloaded after import = 13

========================================================================
Received Import Request.
  Time since last request: 0.000013 seconds.
  path: Assets/GoogleMobileAds/Editor/Resources/DummyAds/Banners/SMART_BANNER.prefab
  artifactKey: Guid(15069cdc38e2b41f7836116419a9187c) Importer(2089858483,192608db42251d675da83286b1cce702)
Start importing Assets/GoogleMobileAds/Editor/Resources/DummyAds/Banners/SMART_BANNER.prefab using Guid(15069cdc38e2b41f7836116419a9187c) Importer(2089858483,192608db42251d675da83286b1cce702) (ScriptedImporter) -> (artifact id: '24fd7c7e02d7beda3a9830828a7a057d') in 0.0116027 seconds
Number of updated asset objects reloaded before import = 0Number of asset objects unloaded after import = 16

========================================================================
Received Import Request.
  Time since last request: 0.000013 seconds.
  path: Assets/OrdosFX/PortalsPackage#2/Materials/Portal7/Portal12.mat
  artifactKey: Guid(eb6d3d1874829ad49949262c87d12333) Importer(2089858483,192608db42251d675da83286b1cce702)
Start importing Assets/OrdosFX/PortalsPackage#2/Materials/Portal7/Portal12.mat using Guid(eb6d3d1874829ad49949262c87d12333) Importer(2089858483,192608db42251d675da83286b1cce702) (ScriptedImporter) -> (artifact id: '15a42b78c2d1bb2a3b63031d48a0891e') in 0.0060106 seconds
Number of updated asset objects reloaded before import = 0Number of asset objects unloaded after import = 2

========================================================================
Received Import Request.
  Time since last request: 0.000013 seconds.
  path: Assets/OrdosFX/PortalsPackage#2/Materials/Portal6/ColorTrails 1.mat
  artifactKey: Guid(aab5272981b97134ea9a0883469ea6be) Importer(2089858483,192608db42251d675da83286b1cce702)
Start importing Assets/OrdosFX/PortalsPackage#2/Materials/Portal6/ColorTrails 1.mat using Guid(aab5272981b97134ea9a0883469ea6be) Importer(2089858483,192608db42251d675da83286b1cce702) (ScriptedImporter) -> (artifact id: 'c5ea8298c0b5324bb802c1f898ddd2fa') in 0.0066697 seconds
Number of updated asset objects reloaded before import = 0Number of asset objects unloaded after import = 2

========================================================================
Received Import Request.
  Time since last request: 0.000013 seconds.
  path: Assets/OrdosFX/PortalsPackage#2/Materials/Portal8/Arrow.mat
  artifactKey: Guid(932dcf1dd11101d46b1cbcc2f8cdcb72) Importer(2089858483,192608db42251d675da83286b1cce702)
Start importing Assets/OrdosFX/PortalsPackage#2/Materials/Portal8/Arrow.mat using Guid(932dcf1dd11101d46b1cbcc2f8cdcb72) Importer(2089858483,192608db42251d675da83286b1cce702) (ScriptedImporter) -> (artifact id: '01e272d909f7c2150dc40468c50e525b') in 0.0240067 seconds
Number of updated asset objects reloaded before import = 0Number of asset objects unloaded after import = 3

========================================================================
Received Import Request.
  Time since last request: 0.000021 seconds.
  path: Assets/Unity Utility/AudioSystem/Script/example/AudioExampleScene.cs
  artifactKey: Guid(d785306be4e3642c1af2696c2f1f6874) Importer(2089858483,192608db42251d675da83286b1cce702)
Start importing Assets/Unity Utility/AudioSystem/Script/example/AudioExampleScene.cs using Guid(d785306be4e3642c1af2696c2f1f6874) Importer(2089858483,192608db42251d675da83286b1cce702) (ScriptedImporter) -> (artifact id: 'e687e26a4deb9d014b10313508713b77') in 0.0053968 seconds
Number of updated asset objects reloaded before import = 0Number of asset objects unloaded after import = 0

========================================================================
Received Import Request.
  Time since last request: 0.000062 seconds.
  path: Assets/GoogleMobileAds/Editor/Resources/DummyAds/AdImages/1024x768.png
  artifactKey: Guid(4c69db43dbd474a2987be5807129b4cc) Importer(2089858483,192608db42251d675da83286b1cce702)
Start importing Assets/GoogleMobileAds/Editor/Resources/DummyAds/AdImages/1024x768.png using Guid(4c69db43dbd474a2987be5807129b4cc) Importer(2089858483,192608db42251d675da83286b1cce702) (ScriptedImporter) -> (artifact id: '3a1ece49354e96de25e5edb9ebd445ed') in 0.0250633 seconds
Number of updated asset objects reloaded before import = 0Number of asset objects unloaded after import = 3

========================================================================
Received Import Request.
  Time since last request: 0.000012 seconds.
  path: Assets/OrdosFX/PortalsPackage#2/Materials/Portal8/Circle 3.mat
  artifactKey: Guid(14bb34da019f95246808d388b83d6f2c) Importer(2089858483,192608db42251d675da83286b1cce702)
Start importing Assets/OrdosFX/PortalsPackage#2/Materials/Portal8/Circle 3.mat using Guid(14bb34da019f95246808d388b83d6f2c) Importer(2089858483,192608db42251d675da83286b1cce702) (ScriptedImporter) -> (artifact id: '162cd6b36caf861e3ac7490f6220fa2b') in 0.0240215 seconds
Number of updated asset objects reloaded before import = 0Number of asset objects unloaded after import = 3

========================================================================
Received Import Request.
  Time since last request: 0.000013 seconds.
  path: Assets/OrdosFX/PortalsPackage#2/Materials/Portal6/we.mat
  artifactKey: Guid(1c7d04d42451bc143bdb4668609935dd) Importer(2089858483,192608db42251d675da83286b1cce702)
Start importing Assets/OrdosFX/PortalsPackage#2/Materials/Portal6/we.mat using Guid(1c7d04d42451bc143bdb4668609935dd) Importer(2089858483,192608db42251d675da83286b1cce702) (ScriptedImporter) -> (artifact id: 'ce2adfcd2b5489cca6d2ba5d29dcca4e') in 0.0229698 seconds
Number of updated asset objects reloaded before import = 0Number of asset objects unloaded after import = 3

========================================================================
Received Import Request.
  Time since last request: 0.000012 seconds.
  path: Assets/OrdosFX/PortalsPackage#2/SceneResourses/Prefabs/Environment/Rock/Monument01.prefab
  artifactKey: Guid(409a7376f1ca2ed41819e64a9edce2d9) Importer(2089858483,192608db42251d675da83286b1cce702)
Start importing Assets/OrdosFX/PortalsPackage#2/SceneResourses/Prefabs/Environment/Rock/Monument01.prefab using Guid(409a7376f1ca2ed41819e64a9edce2d9) Importer(2089858483,192608db42251d675da83286b1cce702) (ScriptedImporter) -> (artifact id: 'c68f693728d2907300fca51f31356d2a') in 0.0229644 seconds
Number of updated asset objects reloaded before import = 0Number of asset objects unloaded after import = 22

========================================================================
Received Import Request.
  Time since last request: 0.000016 seconds.
  path: Assets/OrdosFX/PortalsPackage#2/Materials/Portal6/ColorParticles 5.mat
  artifactKey: Guid(896e69b013f4d2d4cbd4b7235b672848) Importer(2089858483,192608db42251d675da83286b1cce702)
Start importing Assets/OrdosFX/PortalsPackage#2/Materials/Portal6/ColorParticles 5.mat using Guid(896e69b013f4d2d4cbd4b7235b672848) Importer(2089858483,192608db42251d675da83286b1cce702) (ScriptedImporter) -> (artifact id: '6fee19f07f3c8bd26e17ef1cf1a92377') in 0.0079064 seconds
Number of updated asset objects reloaded before import = 0Number of asset objects unloaded after import = 2

========================================================================
Received Import Request.
  Time since last request: 0.000016 seconds.
  path: Assets/GoogleMobileAds/Editor/Resources/DummyAds/Rewarded/768x1024.prefab
  artifactKey: Guid(4e3dd9a9607da46da8125b4b59a18db2) Importer(2089858483,192608db42251d675da83286b1cce702)
Start importing Assets/GoogleMobileAds/Editor/Resources/DummyAds/Rewarded/768x1024.prefab using Guid(4e3dd9a9607da46da8125b4b59a18db2) Importer(2089858483,192608db42251d675da83286b1cce702) (ScriptedImporter) -> (artifact id: 'a739621363db04fcac446153892e8ccc') in 0.0103323 seconds
Number of updated asset objects reloaded before import = 0Number of asset objects unloaded after import = 30

========================================================================
Received Import Request.
  Time since last request: 0.000012 seconds.
  path: Assets/OrdosFX/PortalsPackage#2/Materials/Portal5/Test 1.mat
  artifactKey: Guid(dcc5dc13a603fc94695aa974aa0ebac9) Importer(2089858483,192608db42251d675da83286b1cce702)
Start importing Assets/OrdosFX/PortalsPackage#2/Materials/Portal5/Test 1.mat using Guid(dcc5dc13a603fc94695aa974aa0ebac9) Importer(2089858483,192608db42251d675da83286b1cce702) (ScriptedImporter) -> (artifact id: '82205ffc4a4ff55fbabc370a87316772') in 0.023187 seconds
Number of updated asset objects reloaded before import = 0Number of asset objects unloaded after import = 3

========================================================================
Received Import Request.
  Time since last request: 0.000014 seconds.
  path: Assets/VRSampleScenes/Materials/Examples/ExamplesMagenta.mat
  artifactKey: Guid(bb5b02dca4e40024a8985968dcbb168b) Importer(2089858483,192608db42251d675da83286b1cce702)
Start importing Assets/VRSampleScenes/Materials/Examples/ExamplesMagenta.mat using Guid(bb5b02dca4e40024a8985968dcbb168b) Importer(2089858483,192608db42251d675da83286b1cce702) (ScriptedImporter) -> (artifact id: '3d0b20d0a42cd76846b42921661b3162') in 0.0055029 seconds
Number of updated asset objects reloaded before import = 0Number of asset objects unloaded after import = 1

========================================================================
Received Import Request.
  Time since last request: 0.000025 seconds.
  path: Assets/VRSampleScenes/Models/Flyer/FlyerGate.fbx
  artifactKey: Guid(7efc74fe0260268438f96efbe95a8644) Importer(2089858483,192608db42251d675da83286b1cce702)
Start importing Assets/VRSampleScenes/Models/Flyer/FlyerGate.fbx using Guid(7efc74fe0260268438f96efbe95a8644) Importer(2089858483,192608db42251d675da83286b1cce702) (ScriptedImporter) -> (artifact id: '66d929c6c361c8b2f567e0eb7aeaf029') in 0.0246511 seconds
Number of updated asset objects reloaded before import = 0Number of asset objects unloaded after import = 21

========================================================================
Received Import Request.
  Time since last request: 0.000056 seconds.
  path: Assets/Game GUI Vol1/PurpleRock/PNG/Gamecenter.png
  artifactKey: Guid(7eacd24ae468b4bc585c82d27ba7eeed) Importer(2089858483,192608db42251d675da83286b1cce702)
Start importing Assets/Game GUI Vol1/PurpleRock/PNG/Gamecenter.png using Guid(7eacd24ae468b4bc585c82d27ba7eeed) Importer(2089858483,192608db42251d675da83286b1cce702) (ScriptedImporter) -> (artifact id: '4bbf8b961e1fe04761ab60a276cff103') in 0.0288231 seconds
Number of updated asset objects reloaded before import = 0Number of asset objects unloaded after import = 3

========================================================================
Received Import Request.
  Time since last request: 0.000031 seconds.
  path: Assets/Unity Utility/Dialog/Dialog prefab/Alert Dialog.prefab
  artifactKey: Guid(947b1abfc22cf4e48b19e6ae187eaa5b) Importer(2089858483,192608db42251d675da83286b1cce702)
Start importing Assets/Unity Utility/Dialog/Dialog prefab/Alert Dialog.prefab using Guid(947b1abfc22cf4e48b19e6ae187eaa5b) Importer(2089858483,192608db42251d675da83286b1cce702) (ScriptedImporter) -> (artifact id: 'f7a7fffc15579867c8b2743d6cb74df9') in 0.0477808 seconds
Number of updated asset objects reloaded before import = 0Number of asset objects unloaded after import = 45

========================================================================
Received Import Request.
  Time since last request: 0.000016 seconds.
  path: Assets/OrdosFX/PortalsPackage#2/SceneResourses/Art/Textures/Environment/Stonework/FloorCircular03_MetallicSmooth.tif
  artifactKey: Guid(8703b067418e27f4f8f8683308b39a1b) Importer(2089858483,192608db42251d675da83286b1cce702)
Start importing Assets/OrdosFX/PortalsPackage#2/SceneResourses/Art/Textures/Environment/Stonework/FloorCircular03_MetallicSmooth.tif using Guid(8703b067418e27f4f8f8683308b39a1b) Importer(2089858483,192608db42251d675da83286b1cce702) (ScriptedImporter) -> (artifact id: '71141be3f15482d2ec3470806774abfa') in 0.041749 seconds
Number of updated asset objects reloaded before import = 0Number of asset objects unloaded after import = 1

========================================================================
Received Import Request.
  Time since last request: 0.000019 seconds.
  path: Assets/OrdosFX/PortalsPackage#2/SceneResourses/Art/Textures/Environment/Rock/RockFloating03_Albedo.tif
  artifactKey: Guid(198e37c9bde68254c984a4023445421a) Importer(2089858483,192608db42251d675da83286b1cce702)
Start importing Assets/OrdosFX/PortalsPackage#2/SceneResourses/Art/Textures/Environment/Rock/RockFloating03_Albedo.tif using Guid(198e37c9bde68254c984a4023445421a) Importer(2089858483,192608db42251d675da83286b1cce702) (ScriptedImporter) -> (artifact id: 'bfa188c842b3a92b3d2541cc0f185c99') in 0.0302893 seconds
Number of updated asset objects reloaded before import = 0Number of asset objects unloaded after import = 1

========================================================================
Received Import Request.
  Time since last request: 0.000028 seconds.
  path: Assets/OrdosFX/PortalsPackage#2/SceneResourses/Art/Textures/Environment/Stonework/StairsCircular01_Normal.tif
  artifactKey: Guid(8eb72f2aac0362a45a2ead48d414b90a) Importer(2089858483,192608db42251d675da83286b1cce702)
Start importing Assets/OrdosFX/PortalsPackage#2/SceneResourses/Art/Textures/Environment/Stonework/StairsCircular01_Normal.tif using Guid(8eb72f2aac0362a45a2ead48d414b90a) Importer(2089858483,192608db42251d675da83286b1cce702) (ScriptedImporter) -> (artifact id: '629f8bf3dd63cd2db57939a0dabe633e') in 0.0784263 seconds
Number of updated asset objects reloaded before import = 0Number of asset objects unloaded after import = 1

========================================================================
Received Import Request.
  Time since last request: 0.000019 seconds.
  path: Assets/OrdosFX/PortalsPackage#2/SceneResourses/Art/Textures/Environment/Stonework/FloorCircular01_Normal.tif
  artifactKey: Guid(913bf0b6e3921a643b704c1bdb09fe42) Importer(2089858483,192608db42251d675da83286b1cce702)
Start importing Assets/OrdosFX/PortalsPackage#2/SceneResourses/Art/Textures/Environment/Stonework/FloorCircular01_Normal.tif using Guid(913bf0b6e3921a643b704c1bdb09fe42) Importer(2089858483,192608db42251d675da83286b1cce702) (ScriptedImporter) -> (artifact id: '876815505e50a4dc37c45ab3e6486104') in 0.0606395 seconds
Number of updated asset objects reloaded before import = 0Number of asset objects unloaded after import = 1

========================================================================
Received Import Request.
  Time since last request: 0.000035 seconds.
  path: Assets/OrdosFX/PortalsPackage#2/SceneResourses/Art/Materials/Environment/Rock/RockFloating02_Mat.mat
  artifactKey: Guid(3b01d315743ae97459ca3d3bd461e4be) Importer(2089858483,192608db42251d675da83286b1cce702)
Start importing Assets/OrdosFX/PortalsPackage#2/SceneResourses/Art/Materials/Environment/Rock/RockFloating02_Mat.mat using Guid(3b01d315743ae97459ca3d3bd461e4be) Importer(2089858483,192608db42251d675da83286b1cce702) (ScriptedImporter) -> (artifact id: '0db231158230b6f0f3c87cf93efd7636') in 0.0811234 seconds
Number of updated asset objects reloaded before import = 0Number of asset objects unloaded after import = 5

========================================================================
Received Import Request.
  Time since last request: 0.000014 seconds.
  path: Assets/OrdosFX/PortalsPackage#2/SceneResourses/Art/Textures/Environment/Stonework/FloorCircular03_Occlusion.tif
  artifactKey: Guid(0e8d9fd6f42ba0846b7f4f3b496f5eab) Importer(2089858483,192608db42251d675da83286b1cce702)
Start importing Assets/OrdosFX/PortalsPackage#2/SceneResourses/Art/Textures/Environment/Stonework/FloorCircular03_Occlusion.tif using Guid(0e8d9fd6f42ba0846b7f4f3b496f5eab) Importer(2089858483,192608db42251d675da83286b1cce702) (ScriptedImporter) -> (artifact id: '8a48b53a0f2bf3a38b435730ba9db8c3') in 0.0236711 seconds
Number of updated asset objects reloaded before import = 0Number of asset objects unloaded after import = 1

========================================================================
Received Import Request.
  Time since last request: 0.000039 seconds.
  path: Assets/OrdosFX/PortalsPackage#2/SceneResourses/Art/Textures/Environment/Rock/RockFloating02_MetallicSmooth.tif
  artifactKey: Guid(32becb39e11fcb142956e49d68dd118b) Importer(2089858483,192608db42251d675da83286b1cce702)
Start importing Assets/OrdosFX/PortalsPackage#2/SceneResourses/Art/Textures/Environment/Rock/RockFloating02_MetallicSmooth.tif using Guid(32becb39e11fcb142956e49d68dd118b) Importer(2089858483,192608db42251d675da83286b1cce702) (ScriptedImporter) -> (artifact id: '230690733970e3cf01f3f2b862653ccc') in 0.0319235 seconds
Number of updated asset objects reloaded before import = 0Number of asset objects unloaded after import = 1

========================================================================
Received Import Request.
  Time since last request: 0.000035 seconds.
  path: Assets/OrdosFX/PortalsPackage#2/SceneResourses/Art/Textures/Environment/Rock/Monument01_MetallicSmooth.tif
  artifactKey: Guid(da127946480dcc645b278cb2f2e43c5f) Importer(2089858483,192608db42251d675da83286b1cce702)
Start importing Assets/OrdosFX/PortalsPackage#2/SceneResourses/Art/Textures/Environment/Rock/Monument01_MetallicSmooth.tif using Guid(da127946480dcc645b278cb2f2e43c5f) Importer(2089858483,192608db42251d675da83286b1cce702) (ScriptedImporter) -> (artifact id: '95d511d22617ab3d2c5bb1985392c60f') in 0.0271732 seconds
Number of updated asset objects reloaded before import = 0Number of asset objects unloaded after import = 1

========================================================================
Received Import Request.
  Time since last request: 0.000046 seconds.
  path: Assets/GooglePlayGames/Editor/m2repository/com/google/games/gpgs-plugin-support/maven-metadata.xml.md5
  artifactKey: Guid(d5ef1427a132235e5adaa27e7c234334) Importer(2089858483,192608db42251d675da83286b1cce702)
Start importing Assets/GooglePlayGames/Editor/m2repository/com/google/games/gpgs-plugin-support/maven-metadata.xml.md5 using Guid(d5ef1427a132235e5adaa27e7c234334) Importer(2089858483,192608db42251d675da83286b1cce702) (ScriptedImporter) -> (artifact id: 'b0028f4a3d7163e23c8d56e288fa4839') in 0.004573 seconds
Number of updated asset objects reloaded before import = 0Number of asset objects unloaded after import = 1

========================================================================
Received Import Request.
  Time since last request: 0.000044 seconds.
  path: Assets/OrdosFX/PortalsPackage#2/SceneResourses/Art/Materials/Environment/Rock/RockFloating01_Mat.mat
  artifactKey: Guid(40cfcebf1ef55f74092c951f459bc5c5) Importer(2089858483,192608db42251d675da83286b1cce702)
Start importing Assets/OrdosFX/PortalsPackage#2/SceneResourses/Art/Materials/Environment/Rock/RockFloating01_Mat.mat using Guid(40cfcebf1ef55f74092c951f459bc5c5) Importer(2089858483,192608db42251d675da83286b1cce702) (ScriptedImporter) -> (artifact id: 'e710408fd4d8545655050608561bc839') in 0.006558 seconds
Number of updated asset objects reloaded before import = 0Number of asset objects unloaded after import = 1

========================================================================
Received Import Request.
  Time since last request: 0.000013 seconds.
  path: Assets/OrdosFX/PortalsPackage#2/SceneResourses/Art/Models/Environment/Stonework/FloorCircular01.fbx
  artifactKey: Guid(cd310f2ef3f49e745a29acea7e78c935) Importer(2089858483,192608db42251d675da83286b1cce702)
Start importing Assets/OrdosFX/PortalsPackage#2/SceneResourses/Art/Models/Environment/Stonework/FloorCircular01.fbx using Guid(cd310f2ef3f49e745a29acea7e78c935) Importer(2089858483,192608db42251d675da83286b1cce702) (ScriptedImporter) -> (artifact id: '33329459a35bcd9cfae32e2ff35fe22e') in 0.0228427 seconds
Number of updated asset objects reloaded before import = 0Number of asset objects unloaded after import = 15

========================================================================
Received Import Request.
  Time since last request: 0.000014 seconds.
  path: Assets/OrdosFX/PortalsPackage#2/SceneResourses/Art/Textures/Environment/Stonework/FloorCircular01_Albedo.tif
  artifactKey: Guid(38d7d1beaa13adc4993bba1a601716fc) Importer(2089858483,192608db42251d675da83286b1cce702)
Start importing Assets/OrdosFX/PortalsPackage#2/SceneResourses/Art/Textures/Environment/Stonework/FloorCircular01_Albedo.tif using Guid(38d7d1beaa13adc4993bba1a601716fc) Importer(2089858483,192608db42251d675da83286b1cce702) (ScriptedImporter) -> (artifact id: '29b1e5d9cb7f6d59b26ab9ba022a9c0f') in 0.0658257 seconds
Number of updated asset objects reloaded before import = 0Number of asset objects unloaded after import = 1

========================================================================
Received Import Request.
  Time since last request: 0.000062 seconds.
  path: Assets/OrdosFX/PortalsPackage#2/SceneResourses/Art/Textures/Environment/Rock/RockDetail_normal.tif
  artifactKey: Guid(eb1605a43e874444c8ab618296f0ab23) Importer(2089858483,192608db42251d675da83286b1cce702)
Start importing Assets/OrdosFX/PortalsPackage#2/SceneResourses/Art/Textures/Environment/Rock/RockDetail_normal.tif using Guid(eb1605a43e874444c8ab618296f0ab23) Importer(2089858483,192608db42251d675da83286b1cce702) (ScriptedImporter) -> (artifact id: '7b53646127968877467e3adbf05c5077') in 0.0175663 seconds
Number of updated asset objects reloaded before import = 0Number of asset objects unloaded after import = 1

========================================================================
Received Import Request.
  Time since last request: 0.000028 seconds.
  path: Assets/GooglePlayGames/Editor/m2repository/com/google/games/gpgs-plugin-support/0.10.12/gpgs-plugin-support-0.10.12.srcaar
  artifactKey: Guid(7fffc5cb0f382c11a8f71e76b23bcccd) Importer(2089858483,192608db42251d675da83286b1cce702)
Start importing Assets/GooglePlayGames/Editor/m2repository/com/google/games/gpgs-plugin-support/0.10.12/gpgs-plugin-support-0.10.12.srcaar using Guid(7fffc5cb0f382c11a8f71e76b23bcccd) Importer(2089858483,192608db42251d675da83286b1cce702) (ScriptedImporter) -> (artifact id: 'e7eaf49e0d080081713e5aa1a6ebef79') in 0.004964 seconds
Number of updated asset objects reloaded before import = 0Number of asset objects unloaded after import = 1

========================================================================
Received Import Request.
  Time since last request: 0.000049 seconds.
  path: Assets/GeneratedLocalRepo/GooglePlayGames/Editor/m2repository/com/google/games/gpgs-plugin-support/0.10.12/gpgs-plugin-support-0.10.12.aar
  artifactKey: Guid(bc7f603fda1389e4c85c4be1dd431573) Importer(2089858483,192608db42251d675da83286b1cce702)
Start importing Assets/GeneratedLocalRepo/GooglePlayGames/Editor/m2repository/com/google/games/gpgs-plugin-support/0.10.12/gpgs-plugin-support-0.10.12.aar using Guid(bc7f603fda1389e4c85c4be1dd431573) Importer(2089858483,192608db42251d675da83286b1cce702) (ScriptedImporter) -> (artifact id: '0f215155f8cb07c4d19bee00bd8df4d0') in 0.0084179 seconds
Number of updated asset objects reloaded before import = 0Number of asset objects unloaded after import = 0

========================================================================
Received Import Request.
  Time since last request: 0.000044 seconds.
  path: Assets/GooglePlayGames/Editor/m2repository/com/google/games/gpgs-plugin-support/0.10.12/gpgs-plugin-support-0.10.12.srcaar.sha1
  artifactKey: Guid(c87060271efcc149399a587aab604384) Importer(2089858483,192608db42251d675da83286b1cce702)
Start importing Assets/GooglePlayGames/Editor/m2repository/com/google/games/gpgs-plugin-support/0.10.12/gpgs-plugin-support-0.10.12.srcaar.sha1 using Guid(c87060271efcc149399a587aab604384) Importer(2089858483,192608db42251d675da83286b1cce702) (ScriptedImporter) -> (artifact id: '7678b20b092153c9d343c36e2a666caa') in 0.0050095 seconds
Number of updated asset objects reloaded before import = 0Number of asset objects unloaded after import = 1

========================================================================
Received Import Request.
  Time since last request: 0.000046 seconds.
  path: Assets/OrdosFX/PortalsPackage#2/SceneResourses/Art/Textures/Environment/Rock/Monument01_Normal.tif
  artifactKey: Guid(92517a76bb442374d8246e5d4fc70a85) Importer(2089858483,192608db42251d675da83286b1cce702)
Start importing Assets/OrdosFX/PortalsPackage#2/SceneResourses/Art/Textures/Environment/Rock/Monument01_Normal.tif using Guid(92517a76bb442374d8246e5d4fc70a85) Importer(2089858483,192608db42251d675da83286b1cce702) (ScriptedImporter) -> (artifact id: 'daab84c84ccd062e1ee1eda8d18deeb0') in 0.0478192 seconds
Number of updated asset objects reloaded before import = 0Number of asset objects unloaded after import = 1

========================================================================
Received Import Request.
  Time since last request: 0.000051 seconds.
  path: Assets/GeneratedLocalRepo/GooglePlayGames/Editor/m2repository/com/google/games/gpgs-plugin-support/0.10.12/gpgs-plugin-support-0.10.12.pom
  artifactKey: Guid(9227f34060ed6ea43a630c93cd2d4738) Importer(2089858483,192608db42251d675da83286b1cce702)
Start importing Assets/GeneratedLocalRepo/GooglePlayGames/Editor/m2repository/com/google/games/gpgs-plugin-support/0.10.12/gpgs-plugin-support-0.10.12.pom using Guid(9227f34060ed6ea43a630c93cd2d4738) Importer(2089858483,192608db42251d675da83286b1cce702) (ScriptedImporter) -> (artifact id: 'edd2c0c7a577b8200757af0c7aa2b2dd') in 0.0044248 seconds
Number of updated asset objects reloaded before import = 0Number of asset objects unloaded after import = 1

========================================================================
Received Import Request.
  Time since last request: 0.000046 seconds.
  path: Assets/OrdosFX/PortalsPackage#2/SceneResourses/Art/Models/Environment/Monuments/Monument01.fbx
  artifactKey: Guid(de38d6898d9e57a42a9f95a6c0d3548a) Importer(2089858483,192608db42251d675da83286b1cce702)
Start importing Assets/OrdosFX/PortalsPackage#2/SceneResourses/Art/Models/Environment/Monuments/Monument01.fbx using Guid(de38d6898d9e57a42a9f95a6c0d3548a) Importer(2089858483,192608db42251d675da83286b1cce702) (ScriptedImporter) -> (artifact id: 'e2820265445dbfbfd96af63d204af609') in 0.0341078 seconds
Number of updated asset objects reloaded before import = 0Number of asset objects unloaded after import = 20

========================================================================
Received Import Request.
  Time since last request: 0.000013 seconds.
  path: Assets/OrdosFX/PortalsPackage#2/SceneResourses/Art/Textures/Environment/Stonework/FloorCircular01_Occlusion.tif
  artifactKey: Guid(2ec8e8806c3b6a04d959b45d664cbd59) Importer(2089858483,192608db42251d675da83286b1cce702)
Start importing Assets/OrdosFX/PortalsPackage#2/SceneResourses/Art/Textures/Environment/Stonework/FloorCircular01_Occlusion.tif using Guid(2ec8e8806c3b6a04d959b45d664cbd59) Importer(2089858483,192608db42251d675da83286b1cce702) (ScriptedImporter) -> (artifact id: '67f934a08963890f6eba5bcca3139dc6') in 0.0145786 seconds
Number of updated asset objects reloaded before import = 0Number of asset objects unloaded after import = 1

========================================================================
Received Import Request.
  Time since last request: 0.000034 seconds.
  path: Assets/OrdosFX/PortalsPackage#2/SceneResourses/Art/Textures/Environment/Ground/Moss_Normal.tif
  artifactKey: Guid(8d24d1cae6ab73546a92f7aeae5c2921) Importer(2089858483,192608db42251d675da83286b1cce702)
Start importing Assets/OrdosFX/PortalsPackage#2/SceneResourses/Art/Textures/Environment/Ground/Moss_Normal.tif using Guid(8d24d1cae6ab73546a92f7aeae5c2921) Importer(2089858483,192608db42251d675da83286b1cce702) (ScriptedImporter) -> (artifact id: 'd0c6124642b0526c3b1dda78a3d4b042') in 0.0329714 seconds
Number of updated asset objects reloaded before import = 0Number of asset objects unloaded after import = 1

========================================================================
Received Import Request.
  Time since last request: 0.000047 seconds.
  path: Assets/OrdosFX/PortalsPackage#2/SceneResourses/Art/Textures/Environment/Stonework/FloorCircular03_Normal.tif
  artifactKey: Guid(ebf9f940972937f4583addaea961d854) Importer(2089858483,192608db42251d675da83286b1cce702)
Start importing Assets/OrdosFX/PortalsPackage#2/SceneResourses/Art/Textures/Environment/Stonework/FloorCircular03_Normal.tif using Guid(ebf9f940972937f4583addaea961d854) Importer(2089858483,192608db42251d675da83286b1cce702) (ScriptedImporter) -> (artifact id: 'bdf7f98c7d7d662cdf5709b535e0f96c') in 0.0485929 seconds
Number of updated asset objects reloaded before import = 0Number of asset objects unloaded after import = 1

========================================================================
Received Import Request.
  Time since last request: 0.000020 seconds.
  path: Assets/OrdosFX/PortalsPackage#2/SceneResourses/Art/Models/Environment/Rock/RockFloating03.fbx
  artifactKey: Guid(ee66908065bbfd749bae2cde22f0ad46) Importer(2089858483,192608db42251d675da83286b1cce702)
Start importing Assets/OrdosFX/PortalsPackage#2/SceneResourses/Art/Models/Environment/Rock/RockFloating03.fbx using Guid(ee66908065bbfd749bae2cde22f0ad46) Importer(2089858483,192608db42251d675da83286b1cce702) (ScriptedImporter) -> (artifact id: 'b268283ff14f8216db34732455d74af8') in 0.0354504 seconds
Number of updated asset objects reloaded before import = 0Number of asset objects unloaded after import = 20

========================================================================
Received Import Request.
  Time since last request: 0.000028 seconds.
  path: Assets/OrdosFX/PortalsPackage#2/SceneResourses/Art/Materials/Environment/Monuments/Monument01_Mat.mat
  artifactKey: Guid(3a1c0abc6434d724f86a321dcf7bf14e) Importer(2089858483,192608db42251d675da83286b1cce702)
Start importing Assets/OrdosFX/PortalsPackage#2/SceneResourses/Art/Materials/Environment/Monuments/Monument01_Mat.mat using Guid(3a1c0abc6434d724f86a321dcf7bf14e) Importer(2089858483,192608db42251d675da83286b1cce702) (ScriptedImporter) -> (artifact id: '2a5afbfda0843bd34bec142acbe76ade') in 0.087787 seconds
Number of updated asset objects reloaded before import = 0Number of asset objects unloaded after import = 5

========================================================================
Received Import Request.
  Time since last request: 0.000012 seconds.
  path: Assets/OrdosFX/PortalsPackage#2/SceneResourses/Art/Textures/Environment/Rock/RockFloating01_Occlusion.tif
  artifactKey: Guid(018a2778b89a4f5418f00d4ebfb8348a) Importer(2089858483,192608db42251d675da83286b1cce702)
Start importing Assets/OrdosFX/PortalsPackage#2/SceneResourses/Art/Textures/Environment/Rock/RockFloating01_Occlusion.tif using Guid(018a2778b89a4f5418f00d4ebfb8348a) Importer(2089858483,192608db42251d675da83286b1cce702) (ScriptedImporter) -> (artifact id: '1694c79fec9fd04483c789fafb224c80') in 0.0207925 seconds
Number of updated asset objects reloaded before import = 0Number of asset objects unloaded after import = 1

========================================================================
Received Import Request.
  Time since last request: 0.000023 seconds.
  path: Assets/OrdosFX/PortalsPackage#2/SceneResourses/Art/Textures/Environment/Rock/RockFloating02_Normal.tif
  artifactKey: Guid(15ef40a7ba93c2d48ac2ec453f2f8b00) Importer(2089858483,192608db42251d675da83286b1cce702)
Start importing Assets/OrdosFX/PortalsPackage#2/SceneResourses/Art/Textures/Environment/Rock/RockFloating02_Normal.tif using Guid(15ef40a7ba93c2d48ac2ec453f2f8b00) Importer(2089858483,192608db42251d675da83286b1cce702) (ScriptedImporter) -> (artifact id: 'e4e8f5960fa52cb44c2e6d31f3d9d404') in 0.016226 seconds
Number of updated asset objects reloaded before import = 0Number of asset objects unloaded after import = 1

========================================================================
Received Import Request.
  Time since last request: 0.000060 seconds.
  path: Assets/OrdosFX/PortalsPackage#2/Textures/ParticleRow.png
  artifactKey: Guid(2a20d4b5591850c478ee04090b0e700d) Importer(2089858483,192608db42251d675da83286b1cce702)
Start importing Assets/OrdosFX/PortalsPackage#2/Textures/ParticleRow.png using Guid(2a20d4b5591850c478ee04090b0e700d) Importer(2089858483,192608db42251d675da83286b1cce702) (ScriptedImporter) -> (artifact id: 'b71fc1fb098476f87ac11f9ab6bebb86') in 0.0095493 seconds
Number of updated asset objects reloaded before import = 0Number of asset objects unloaded after import = 1

========================================================================
Received Import Request.
  Time since last request: 0.000034 seconds.
  path: Assets/Test game/Scripts/UI/Panel.cs
  artifactKey: Guid(6ff385a2bc8302d4c9533e56d62ecf96) Importer(2089858483,192608db42251d675da83286b1cce702)
Start importing Assets/Test game/Scripts/UI/Panel.cs using Guid(6ff385a2bc8302d4c9533e56d62ecf96) Importer(2089858483,192608db42251d675da83286b1cce702) (ScriptedImporter) -> (artifact id: 'b4a5ee0aae266f0ad44d744ab1c3a811') in 0.0046205 seconds
Number of updated asset objects reloaded before import = 0Number of asset objects unloaded after import = 0

========================================================================
Received Import Request.
  Time since last request: 0.000044 seconds.
  path: Assets/Test game/Scripts/UI/UIManager.cs
  artifactKey: Guid(66589d6643ac68a448abd3957e81d7d2) Importer(2089858483,192608db42251d675da83286b1cce702)
Start importing Assets/Test game/Scripts/UI/UIManager.cs using Guid(66589d6643ac68a448abd3957e81d7d2) Importer(2089858483,192608db42251d675da83286b1cce702) (ScriptedImporter) -> (artifact id: '4cef9baefe4bc2e4334a3e37f042e45c') in 0.0053489 seconds
Number of updated asset objects reloaded before import = 0Number of asset objects unloaded after import = 0

========================================================================
Received Import Request.
  Time since last request: 0.000045 seconds.
  path: Assets/Unity Utility/Dialog/Script/DialogManager.cs
  artifactKey: Guid(52374c25df6304d4fb47f49dc15496d5) Importer(2089858483,192608db42251d675da83286b1cce702)
Start importing Assets/Unity Utility/Dialog/Script/DialogManager.cs using Guid(52374c25df6304d4fb47f49dc15496d5) Importer(2089858483,192608db42251d675da83286b1cce702) (ScriptedImporter) -> (artifact id: 'c3609afcbbcdcdb6059923439d04b468') in 0.0049627 seconds
Number of updated asset objects reloaded before import = 0Number of asset objects unloaded after import = 0

========================================================================
Received Import Request.
  Time since last request: 0.000055 seconds.
  path: Assets/OrdosFX/PortalsPackage#2/Materials/Portal3/Crack2.mat
  artifactKey: Guid(2b82f0d0cf167724c82d81e6b1d99b17) Importer(2089858483,192608db42251d675da83286b1cce702)
Start importing Assets/OrdosFX/PortalsPackage#2/Materials/Portal3/Crack2.mat using Guid(2b82f0d0cf167724c82d81e6b1d99b17) Importer(2089858483,192608db42251d675da83286b1cce702) (ScriptedImporter) -> (artifact id: 'f57c621e4de32802008d75be1bc51366') in 0.0150055 seconds
Number of updated asset objects reloaded before import = 0Number of asset objects unloaded after import = 2

========================================================================
Received Import Request.
  Time since last request: 0.000030 seconds.
  path: Assets/OrdosFX/PortalsPackage#2/SceneResourses/Art/Models/Environment/Rock/RockFloating04.fbx
  artifactKey: Guid(212368ab19d8225429a208adc2442249) Importer(2089858483,192608db42251d675da83286b1cce702)
Start importing Assets/OrdosFX/PortalsPackage#2/SceneResourses/Art/Models/Environment/Rock/RockFloating04.fbx using Guid(212368ab19d8225429a208adc2442249) Importer(2089858483,192608db42251d675da83286b1cce702) (ScriptedImporter) -> (artifact id: '9553bdf17d69e7423855438d08e6afcf') in 0.0208159 seconds
Number of updated asset objects reloaded before import = 0Number of asset objects unloaded after import = 20

========================================================================
Received Import Request.
  Time since last request: 0.000012 seconds.
  path: Assets/OrdosFX/PortalsPackage#2/SceneResourses/Art/Materials/Environment/Stonework/FloorCircular03_Mat.mat
  artifactKey: Guid(9dfa8e231f9684b489b86a4b74cba739) Importer(2089858483,192608db42251d675da83286b1cce702)
Start importing Assets/OrdosFX/PortalsPackage#2/SceneResourses/Art/Materials/Environment/Stonework/FloorCircular03_Mat.mat using Guid(9dfa8e231f9684b489b86a4b74cba739) Importer(2089858483,192608db42251d675da83286b1cce702) (ScriptedImporter) -> (artifact id: '03f10cd33594ff03c8468a645f6beb64') in 0.2455404 seconds
Number of updated asset objects reloaded before import = 0Number of asset objects unloaded after import = 8

========================================================================
Received Import Request.
  Time since last request: 0.000016 seconds.
  path: Assets/OrdosFX/PortalsPackage#2/Prefabs/Portal4.prefab
  artifactKey: Guid(23d70b40c9219764da9401fc7201bb81) Importer(2089858483,192608db42251d675da83286b1cce702)
Start importing Assets/OrdosFX/PortalsPackage#2/Prefabs/Portal4.prefab using Guid(23d70b40c9219764da9401fc7201bb81) Importer(2089858483,192608db42251d675da83286b1cce702) (ScriptedImporter) -> (artifact id: '20bff9f7f359d982255856f30d4ac380') in 0.022632 seconds
Number of updated asset objects reloaded before import = 0Number of asset objects unloaded after import = 98

========================================================================
Received Import Request.
  Time since last request: 0.000020 seconds.
  path: Assets/Game GUI Vol1/WoodenBlocks/PNG/Pause.png
  artifactKey: Guid(f06723030ef874765a5e4ed1908b0a3e) Importer(2089858483,192608db42251d675da83286b1cce702)
Start importing Assets/Game GUI Vol1/WoodenBlocks/PNG/Pause.png using Guid(f06723030ef874765a5e4ed1908b0a3e) Importer(2089858483,192608db42251d675da83286b1cce702) (ScriptedImporter) -> (artifact id: '6f02e8fbe511e9076e1816b4afd041ae') in 0.01193 seconds
Number of updated asset objects reloaded before import = 0Number of asset objects unloaded after import = 3

========================================================================
Received Import Request.
  Time since last request: 0.000013 seconds.
  path: Assets/GoogleMobileAds/Platforms/iOS/AdLoaderClient.cs
  artifactKey: Guid(c3adcf5ae777f49baac270e65cb1305f) Importer(2089858483,192608db42251d675da83286b1cce702)
Start importing Assets/GoogleMobileAds/Platforms/iOS/AdLoaderClient.cs using Guid(c3adcf5ae777f49baac270e65cb1305f) Importer(2089858483,192608db42251d675da83286b1cce702) (ScriptedImporter) -> (artifact id: 'a1dc36087d3d04b81122614f2785037e') in 0.0044673 seconds
Number of updated asset objects reloaded before import = 0Number of asset objects unloaded after import = 0

========================================================================
Received Import Request.
  Time since last request: 0.000064 seconds.
  path: Assets/Game GUI Vol1/Playful/PNG/LeftArrow.png
  artifactKey: Guid(685c0b57f7e5c4add84859bb4ef8b7a7) Importer(2089858483,192608db42251d675da83286b1cce702)
Start importing Assets/Game GUI Vol1/Playful/PNG/LeftArrow.png using Guid(685c0b57f7e5c4add84859bb4ef8b7a7) Importer(2089858483,192608db42251d675da83286b1cce702) (ScriptedImporter) -> (artifact id: 'f28ab21976424358b13469b27551ecc1') in 0.0127889 seconds
Number of updated asset objects reloaded before import = 0Number of asset objects unloaded after import = 3

========================================================================
Received Import Request.
  Time since last request: 0.000012 seconds.
  path: Assets/GooglePlayGames/BasicApi/Events/IEventsClient.cs
  artifactKey: Guid(da57ba264ec114c57b8352923847ec34) Importer(2089858483,192608db42251d675da83286b1cce702)
Start importing Assets/GooglePlayGames/BasicApi/Events/IEventsClient.cs using Guid(da57ba264ec114c57b8352923847ec34) Importer(2089858483,192608db42251d675da83286b1cce702) (ScriptedImporter) -> (artifact id: 'bbe967ab3bde764a7e2447239709f094') in 0.0054691 seconds
Number of updated asset objects reloaded before import = 0Number of asset objects unloaded after import = 0

========================================================================
Received Import Request.
  Time since last request: 0.000038 seconds.
  path: Assets/OrdosFX/PortalsPackage#2/Textures/fill.png
  artifactKey: Guid(76a4f7432d56ba945a5c5ca132225f7e) Importer(2089858483,192608db42251d675da83286b1cce702)
Start importing Assets/OrdosFX/PortalsPackage#2/Textures/fill.png using Guid(76a4f7432d56ba945a5c5ca132225f7e) Importer(2089858483,192608db42251d675da83286b1cce702) (ScriptedImporter) -> (artifact id: '73ab7f9e3ebd08370091dea760db3cd0') in 0.0108581 seconds
Number of updated asset objects reloaded before import = 0Number of asset objects unloaded after import = 1

========================================================================
Received Import Request.
  Time since last request: 0.000044 seconds.
  path: Assets/Game GUI Vol1/PurpleRock/PNG/LeftArrow.png
  artifactKey: Guid(c0c6d013c6a5040b08fe99535fddb977) Importer(2089858483,192608db42251d675da83286b1cce702)
Start importing Assets/Game GUI Vol1/PurpleRock/PNG/LeftArrow.png using Guid(c0c6d013c6a5040b08fe99535fddb977) Importer(2089858483,192608db42251d675da83286b1cce702) (ScriptedImporter) -> (artifact id: 'e279dc25cb46b03df07ba56f7846799d') in 0.0139256 seconds
Number of updated asset objects reloaded before import = 0Number of asset objects unloaded after import = 3

========================================================================
Received Import Request.
  Time since last request: 0.000014 seconds.
  path: Assets/OrdosFX/PortalsPackage#2/Textures/Noise.png
  artifactKey: Guid(2048a54b90e64824785d799fd34e59aa) Importer(2089858483,192608db42251d675da83286b1cce702)
Start importing Assets/OrdosFX/PortalsPackage#2/Textures/Noise.png using Guid(2048a54b90e64824785d799fd34e59aa) Importer(2089858483,192608db42251d675da83286b1cce702) (ScriptedImporter) -> (artifact id: '59d9ca46c0b514395204720cf65a75fe') in 0.0149484 seconds
Number of updated asset objects reloaded before import = 0Number of asset objects unloaded after import = 1

========================================================================
Received Import Request.
  Time since last request: 0.000034 seconds.
  path: Assets/OrdosFX/PortalsPackage#2/SceneResourses/Art/Textures/Environment/Rock/RockFloating02_Albedo.tif
  artifactKey: Guid(01947671e84883f4890a9cac2c971c2e) Importer(2089858483,192608db42251d675da83286b1cce702)
Start importing Assets/OrdosFX/PortalsPackage#2/SceneResourses/Art/Textures/Environment/Rock/RockFloating02_Albedo.tif using Guid(01947671e84883f4890a9cac2c971c2e) Importer(2089858483,192608db42251d675da83286b1cce702) (ScriptedImporter) -> (artifact id: '1ee4175fb234b452431c56fc79c156da') in 0.0155188 seconds
Number of updated asset objects reloaded before import = 0Number of asset objects unloaded after import = 1

========================================================================
Received Import Request.
  Time since last request: 0.000015 seconds.
  path: Assets/Animation/UI/OnGame UI/OnGameUI_Appearing.anim
  artifactKey: Guid(30989d93795ab9145a2927dfd35b29ed) Importer(2089858483,192608db42251d675da83286b1cce702)
Start importing Assets/Animation/UI/OnGame UI/OnGameUI_Appearing.anim using Guid(30989d93795ab9145a2927dfd35b29ed) Importer(2089858483,192608db42251d675da83286b1cce702) (ScriptedImporter) -> (artifact id: 'a0be85484deddd2f715600502ea9345e') in 0.0060122 seconds
Number of updated asset objects reloaded before import = 0Number of asset objects unloaded after import = 1

========================================================================
Received Import Request.
  Time since last request: 0.000042 seconds.
  path: Assets/Unity Utility/AudioSystem/Sprite/icon - sound off.png
  artifactKey: Guid(574c0f0071b194017a3718af28566f11) Importer(2089858483,192608db42251d675da83286b1cce702)
Start importing Assets/Unity Utility/AudioSystem/Sprite/icon - sound off.png using Guid(574c0f0071b194017a3718af28566f11) Importer(2089858483,192608db42251d675da83286b1cce702) (ScriptedImporter) -> (artifact id: '2d3ce672e4007e2b873479453ece6f9d') in 0.0123998 seconds
Number of updated asset objects reloaded before import = 0Number of asset objects unloaded after import = 3

========================================================================
Received Import Request.
  Time since last request: 0.000013 seconds.
  path: Assets/GooglePlayGames/BasicApi/Events/IEvent.cs
  artifactKey: Guid(7e4f4f47218d14208a8ae0f676e1bca4) Importer(2089858483,192608db42251d675da83286b1cce702)
Start importing Assets/GooglePlayGames/BasicApi/Events/IEvent.cs using Guid(7e4f4f47218d14208a8ae0f676e1bca4) Importer(2089858483,192608db42251d675da83286b1cce702) (ScriptedImporter) -> (artifact id: '4948051b341b4eee180f17685fce6faf') in 0.0056588 seconds
Number of updated asset objects reloaded before import = 0Number of asset objects unloaded after import = 0

========================================================================
Received Import Request.
  Time since last request: 0.000053 seconds.
  path: Assets/Unity Utility/Data Save System/Example_SaveData.unity
  artifactKey: Guid(c07c0921c1a3d4989a0f3aefaee9c835) Importer(2089858483,192608db42251d675da83286b1cce702)
Start importing Assets/Unity Utility/Data Save System/Example_SaveData.unity using Guid(c07c0921c1a3d4989a0f3aefaee9c835) Importer(2089858483,192608db42251d675da83286b1cce702) (ScriptedImporter) -> (artifact id: 'a119c32eb86a14e4f73edfae4ed6641f') in 0.0060515 seconds
Number of updated asset objects reloaded before import = 0Number of asset objects unloaded after import = 1

========================================================================
Received Import Request.
  Time since last request: 0.000015 seconds.
  path: Assets/Plugins/iOS/GADUBanner.m
  artifactKey: Guid(6b74217aefac34ac8becc89ccae608fc) Importer(2089858483,192608db42251d675da83286b1cce702)
Start importing Assets/Plugins/iOS/GADUBanner.m using Guid(6b74217aefac34ac8becc89ccae608fc) Importer(2089858483,192608db42251d675da83286b1cce702) (ScriptedImporter) -> (artifact id: 'a6c14efb465362a61eb249cf864b46ef') in 0.0045117 seconds
Number of updated asset objects reloaded before import = 0Number of asset objects unloaded after import = 0

========================================================================
Received Import Request.
  Time since last request: 0.000038 seconds.
  path: Assets/GoogleMobileAds/Platforms/iOS/RewardedInterstitialAdClient.cs
  artifactKey: Guid(86122b8a1183349ea849db66808136e7) Importer(2089858483,192608db42251d675da83286b1cce702)
Start importing Assets/GoogleMobileAds/Platforms/iOS/RewardedInterstitialAdClient.cs using Guid(86122b8a1183349ea849db66808136e7) Importer(2089858483,192608db42251d675da83286b1cce702) (ScriptedImporter) -> (artifact id: 'c0f8e0f30c5aa152d30584273ebf8c20') in 0.0045078 seconds
Number of updated asset objects reloaded before import = 0Number of asset objects unloaded after import = 0

========================================================================
Received Import Request.
  Time since last request: 0.000034 seconds.
  path: Assets/Game GUI Vol1/WoodenBlocks/PNG/SoundON.png
  artifactKey: Guid(1f146482e13454138889e7b21267f3dc) Importer(2089858483,192608db42251d675da83286b1cce702)
Start importing Assets/Game GUI Vol1/WoodenBlocks/PNG/SoundON.png using Guid(1f146482e13454138889e7b21267f3dc) Importer(2089858483,192608db42251d675da83286b1cce702) (ScriptedImporter) -> (artifact id: '3345a126b4722fe79d12eae87ab86954') in 0.0119377 seconds
Number of updated asset objects reloaded before import = 0Number of asset objects unloaded after import = 3

========================================================================
Received Import Request.
  Time since last request: 0.000012 seconds.
  path: Assets/Plugins/iOS/GADUNativeCustomTemplateAd.m
  artifactKey: Guid(b30822adaad3e4dc88f8556fcbe0974e) Importer(2089858483,192608db42251d675da83286b1cce702)
Start importing Assets/Plugins/iOS/GADUNativeCustomTemplateAd.m using Guid(b30822adaad3e4dc88f8556fcbe0974e) Importer(2089858483,192608db42251d675da83286b1cce702) (ScriptedImporter) -> (artifact id: 'e4d885879bb2281b5ca472a2471d70d8') in 0.0051362 seconds
Number of updated asset objects reloaded before import = 0Number of asset objects unloaded after import = 0

========================================================================
Received Import Request.
  Time since last request: 0.000046 seconds.
  path: Assets/Plugins/Android/googlemobileads-unity.aar
  artifactKey: Guid(82d79e33f14374826bfa27bd26eb34b4) Importer(2089858483,192608db42251d675da83286b1cce702)
Start importing Assets/Plugins/Android/googlemobileads-unity.aar using Guid(82d79e33f14374826bfa27bd26eb34b4) Importer(2089858483,192608db42251d675da83286b1cce702) (ScriptedImporter) -> (artifact id: '0c7bc29e84316b211c79bda0354c8b6d') in 0.004456 seconds
Number of updated asset objects reloaded before import = 0Number of asset objects unloaded after import = 0

========================================================================
Received Import Request.
  Time since last request: 0.000047 seconds.
  path: Assets/Test game/Prefab/UI/Music Shuffle Button.prefab
  artifactKey: Guid(55319f49449c54c748dffc09f43e1a4c) Importer(2089858483,192608db42251d675da83286b1cce702)
Start importing Assets/Test game/Prefab/UI/Music Shuffle Button.prefab using Guid(55319f49449c54c748dffc09f43e1a4c) Importer(2089858483,192608db42251d675da83286b1cce702) (ScriptedImporter) -> (artifact id: '0d860ac59ae5e68cffb75408cc75caa8') in 0.021265 seconds
Number of updated asset objects reloaded before import = 0Number of asset objects unloaded after import = 15

========================================================================
Received Import Request.
  Time since last request: 655.372739 seconds.
  path: Assets/Plugins/Android/mainTemplate.gradle.backup
  artifactKey: Guid(1a2c9613c4699144ba121c2597538e25) Importer(2089858483,192608db42251d675da83286b1cce702)
Start importing Assets/Plugins/Android/mainTemplate.gradle.backup using Guid(1a2c9613c4699144ba121c2597538e25) Importer(2089858483,192608db42251d675da83286b1cce702) (ScriptedImporter) -> (artifact id: 'fbee4632fd9fe7675e97293106091dbf') in 0.0060647 seconds
Number of updated asset objects reloaded before import = 0Number of asset objects unloaded after import = 1

========================================================================
Received Import Request.
  Time since last request: 0.000040 seconds.
  path: Assets/Plugins/Android/mainTemplate.gradle
  artifactKey: Guid(13b13755baec045bc886df6f56ec5097) Importer(2089858483,192608db42251d675da83286b1cce702)
Start importing Assets/Plugins/Android/mainTemplate.gradle using Guid(13b13755baec045bc886df6f56ec5097) Importer(2089858483,192608db42251d675da83286b1cce702) (ScriptedImporter) -> (artifact id: 'c0b26d610073b39f55c23bc571217381') in 0.0043506 seconds
Number of updated asset objects reloaded before import = 0Number of asset objects unloaded after import = 1

