Using pre-set license
Built from '6000.0/staging' branch; Version is '6000.0.23f1 (1c4764c07fb4) revision 1853284'; Using compiler version '193933523'; Build Type 'Release'
OS: 'Windows 11  (10.0.26100) 64bit Professional' Language: 'en' Physical Memory: 32682 MB
BatchMode: 1, IsHumanControllingUs: 0, StartBugReporterOnCrash: 0, Is64bit: 1, IsPro: 1

COMMAND LINE ARGUMENTS:
C:\Program Files\Unity\Hub\Editor\6000.0.23f1\Editor\Unity.exe
-adb2
-batchMode
-noUpm
-name
AssetImportWorker1
-projectPath
D:/Instant Projects/Speed-Rush
-logFile
Logs/AssetImportWorker1.log
-srvPort
6974
-job-worker-count
11
-background-job-worker-count
8
-asset-garbage-collectors
1
Successfully changed project path to: D:/Instant Projects/Speed-Rush
D:/Instant Projects/Speed-Rush
[UnityMemory] Configuration Parameters - Can be set up in boot.config
    "memorysetup-bucket-allocator-granularity=16"
    "memorysetup-bucket-allocator-bucket-count=8"
    "memorysetup-bucket-allocator-block-size=33554432"
    "memorysetup-bucket-allocator-block-count=8"
    "memorysetup-main-allocator-block-size=16777216"
    "memorysetup-thread-allocator-block-size=16777216"
    "memorysetup-gfx-main-allocator-block-size=16777216"
    "memorysetup-gfx-thread-allocator-block-size=16777216"
    "memorysetup-cache-allocator-block-size=4194304"
    "memorysetup-typetree-allocator-block-size=2097152"
    "memorysetup-profiler-bucket-allocator-granularity=16"
    "memorysetup-profiler-bucket-allocator-bucket-count=8"
    "memorysetup-profiler-bucket-allocator-block-size=33554432"
    "memorysetup-profiler-bucket-allocator-block-count=8"
    "memorysetup-profiler-allocator-block-size=16777216"
    "memorysetup-profiler-editor-allocator-block-size=1048576"
    "memorysetup-temp-allocator-size-main=16777216"
    "memorysetup-job-temp-allocator-block-size=2097152"
    "memorysetup-job-temp-allocator-block-size-background=1048576"
    "memorysetup-job-temp-allocator-reduction-small-platforms=262144"
    "memorysetup-allocator-temp-initial-block-size-main=262144"
    "memorysetup-allocator-temp-initial-block-size-worker=262144"
    "memorysetup-temp-allocator-size-background-worker=32768"
    "memorysetup-temp-allocator-size-job-worker=262144"
    "memorysetup-temp-allocator-size-preload-manager=33554432"
    "memorysetup-temp-allocator-size-nav-mesh-worker=65536"
    "memorysetup-temp-allocator-size-audio-worker=65536"
    "memorysetup-temp-allocator-size-cloud-worker=32768"
    "memorysetup-temp-allocator-size-gi-baking-worker=262144"
    "memorysetup-temp-allocator-size-gi-baking-worker=262144"
    "memorysetup-temp-allocator-size-gi-baking-worker=262144"
    "memorysetup-temp-allocator-size-gi-baking-worker=262144"
    "memorysetup-temp-allocator-size-gi-baking-worker=262144"
    "memorysetup-temp-allocator-size-gfx=262144"
Player connection [53944]  Target information:

Player connection [53944]  * "[IP] 192.168.1.17 [Port] 0 [Flags] 2 [Guid] 481984608 [EditorId] 481984608 [Version] 1048832 [Id] WindowsEditor(7,Tanvir) [Debug] 1 [PackageName] WindowsEditor [ProjectName] Editor" 

Player connection [53944] Host joined multi-casting on [225.0.0.222:54997]...
Player connection [53944] Host joined alternative multi-casting on [225.0.0.222:34997]...
JobSystem: Creating JobQueue using job-worker-count value 11
[Physics::Module] Initialized fallback backend.
[Physics::Module] Id: 0xdecafbad
Library Redirect Path: Library/
[Physics::Module] Selected backend.
[Physics::Module] Name: PhysX
[Physics::Module] Id: 0xf2b8ea05
[Physics::Module] SDK Version: 4.1.2
[Physics::Module] Integration Version: 1.0.0
[Physics::Module] Threading Mode: Multi-Threaded
Refreshing native plugins compatible for Editor in 8.64 ms, found 2 plugins.
Preloading 0 native plugins for Editor in 0.00 ms.
Initialize engine version: 6000.0.23f1 (1c4764c07fb4)
[Subsystems] Discovering subsystems at path C:/Program Files/Unity/Hub/Editor/6000.0.23f1/Editor/Data/Resources/UnitySubsystems
[Subsystems] Discovering subsystems at path D:/Instant Projects/Speed-Rush/Assets
GfxDevice: creating device client; kGfxThreadingModeNonThreaded
Direct3D:
    Version:  Direct3D 11.0 [level 11.1]
    Renderer: NVIDIA GeForce GTX 1070 (ID=0x1b81)
    Vendor:   NVIDIA
    VRAM:     8067 MB
    Driver:   32.0.15.7602
Initialize mono
Mono path[0] = 'C:/Program Files/Unity/Hub/Editor/6000.0.23f1/Editor/Data/Managed'
Mono path[1] = 'C:/Program Files/Unity/Hub/Editor/6000.0.23f1/Editor/Data/MonoBleedingEdge/lib/mono/unityjit-win32'
Mono config path = 'C:/Program Files/Unity/Hub/Editor/6000.0.23f1/Editor/Data/MonoBleedingEdge/etc'
Using monoOptions --debugger-agent=transport=dt_socket,embedding=1,server=y,suspend=n,address=127.0.0.1:56284
Begin MonoManager ReloadAssembly
Registering precompiled unity dll's ...
Register platform support module: C:/Program Files/Unity/Hub/Editor/6000.0.23f1/Editor/Data/PlaybackEngines/WindowsStandaloneSupport/UnityEditor.WindowsStandalone.Extensions.dll
Register platform support module: C:/Program Files/Unity/Hub/Editor/6000.0.23f1/Editor/Data/PlaybackEngines/AndroidPlayer/UnityEditor.Android.Extensions.dll
Register platform support module: C:/Program Files/Unity/Hub/Editor/6000.0.23f1/Editor/Data/PlaybackEngines/iOSSupport/UnityEditor.iOS.Extensions.dll
Registered in 0.009364 seconds.
- Loaded All Assemblies, in  0.339 seconds
[usbmuxd] Start listen thread
[usbmuxd] Listen thread started
Native extension for iOS target not found
Native extension for Android target not found
Android Extension - Scanning For ADB Devices 499 ms
Native extension for WindowsStandalone target not found
Mono: successfully reloaded assembly
- Finished resetting the current domain, in  0.801 seconds
Domain Reload Profiling: 1135ms
	BeginReloadAssembly (99ms)
		ExecutionOrderSort (0ms)
		DisableScriptedObjects (0ms)
		BackupInstance (0ms)
		ReleaseScriptingObjects (0ms)
		CreateAndSetChildDomain (1ms)
	RebuildCommonClasses (33ms)
	RebuildNativeTypeToScriptingClass (9ms)
	initialDomainReloadingComplete (54ms)
	LoadAllAssembliesAndSetupDomain (138ms)
		LoadAssemblies (93ms)
		RebuildTransferFunctionScriptingTraits (0ms)
		AnalyzeDomain (135ms)
			TypeCache.Refresh (133ms)
				TypeCache.ScanAssembly (122ms)
			BuildScriptInfoCaches (0ms)
			ResolveRequiredComponents (0ms)
	FinalizeReload (801ms)
		ReleaseScriptCaches (0ms)
		RebuildScriptCaches (0ms)
		SetupLoadedEditorAssemblies (770ms)
			LogAssemblyErrors (0ms)
			InitializePlatformSupportModulesInManaged (588ms)
			SetLoadedEditorAssemblies (3ms)
			BeforeProcessingInitializeOnLoad (6ms)
			ProcessInitializeOnLoadAttributes (118ms)
			ProcessInitializeOnLoadMethodAttributes (52ms)
			AfterProcessingInitializeOnLoad (2ms)
			EditorAssembliesLoaded (0ms)
		ExecutionOrderSort2 (0ms)
		AwakeInstancesAfterBackupRestoration (0ms)
========================================================================
Worker process is ready to serve import requests
Import Worker Mode flag is 0x00
Begin MonoManager ReloadAssembly
Symbol file LoadedFromMemory is not a mono symbol file
- Loaded All Assemblies, in  0.840 seconds
Refreshing native plugins compatible for Editor in 8.00 ms, found 2 plugins.
Native extension for iOS target not found
Native extension for Android target not found
Native extension for WindowsStandalone target not found
GPGSUpgrader start
UnityEngine.Debug:ExtractStackTraceNoAlloc (byte*,int,string)
UnityEngine.StackTraceUtility:ExtractStackTrace ()
UnityEngine.DebugLogHandler:Internal_Log (UnityEngine.LogType,UnityEngine.LogOption,string,UnityEngine.Object)
UnityEngine.DebugLogHandler:LogFormat (UnityEngine.LogType,UnityEngine.Object,string,object[])
UnityEngine.Logger:Log (UnityEngine.LogType,object)
UnityEngine.Debug:Log (object)
GooglePlayGames.Editor.GPGSUpgrader:.cctor () (at Assets/GooglePlayGames/Editor/GPGSUpgrader.cs:38)
System.Runtime.CompilerServices.RuntimeHelpers:RunClassConstructor (System.RuntimeTypeHandle)
UnityEditor.EditorAssemblies:ProcessInitializeOnLoadAttributes (System.Type[])

(Filename: Assets/GooglePlayGames/Editor/GPGSUpgrader.cs Line: 38)

GPGSUpgrader done
UnityEngine.Debug:ExtractStackTraceNoAlloc (byte*,int,string)
UnityEngine.StackTraceUtility:ExtractStackTrace ()
UnityEngine.DebugLogHandler:Internal_Log (UnityEngine.LogType,UnityEngine.LogOption,string,UnityEngine.Object)
UnityEngine.DebugLogHandler:LogFormat (UnityEngine.LogType,UnityEngine.Object,string,object[])
UnityEngine.Logger:Log (UnityEngine.LogType,object)
UnityEngine.Debug:Log (object)
GooglePlayGames.Editor.GPGSUpgrader:.cctor () (at Assets/GooglePlayGames/Editor/GPGSUpgrader.cs:105)
System.Runtime.CompilerServices.RuntimeHelpers:RunClassConstructor (System.RuntimeTypeHandle)
UnityEditor.EditorAssemblies:ProcessInitializeOnLoadAttributes (System.Type[])

(Filename: Assets/GooglePlayGames/Editor/GPGSUpgrader.cs Line: 105)

Refreshing native plugins compatible for Editor in 9.90 ms, found 2 plugins.
Mono: successfully reloaded assembly
- Finished resetting the current domain, in  0.853 seconds
Domain Reload Profiling: 1687ms
	BeginReloadAssembly (373ms)
		ExecutionOrderSort (0ms)
		DisableScriptedObjects (5ms)
		BackupInstance (0ms)
		ReleaseScriptingObjects (0ms)
		CreateAndSetChildDomain (31ms)
	RebuildCommonClasses (33ms)
	RebuildNativeTypeToScriptingClass (9ms)
	initialDomainReloadingComplete (36ms)
	LoadAllAssembliesAndSetupDomain (383ms)
		LoadAssemblies (312ms)
		RebuildTransferFunctionScriptingTraits (0ms)
		AnalyzeDomain (141ms)
			TypeCache.Refresh (106ms)
				TypeCache.ScanAssembly (89ms)
			BuildScriptInfoCaches (30ms)
			ResolveRequiredComponents (3ms)
	FinalizeReload (853ms)
		ReleaseScriptCaches (0ms)
		RebuildScriptCaches (0ms)
		SetupLoadedEditorAssemblies (686ms)
			LogAssemblyErrors (0ms)
			InitializePlatformSupportModulesInManaged (18ms)
			SetLoadedEditorAssemblies (3ms)
			BeforeProcessingInitializeOnLoad (38ms)
			ProcessInitializeOnLoadAttributes (491ms)
			ProcessInitializeOnLoadMethodAttributes (124ms)
			AfterProcessingInitializeOnLoad (12ms)
			EditorAssembliesLoaded (0ms)
		ExecutionOrderSort2 (0ms)
		AwakeInstancesAfterBackupRestoration (4ms)
Launched and connected shader compiler UnityShaderCompiler.exe after 0.02 seconds
Refreshing native plugins compatible for Editor in 12.47 ms, found 2 plugins.
Preloading 0 native plugins for Editor in 0.00 ms.
Unloading 56 Unused Serialized files (Serialized files now loaded: 0)
Unloading 3249 unused Assets / (2.1 MB). Loaded Objects now: 3821.
Memory consumption went from 123.7 MB to 121.6 MB.
Total: 19.089200 ms (FindLiveObjects: 0.589900 ms CreateObjectMapping: 0.233200 ms MarkObjects: 16.784700 ms  DeleteObjects: 1.479800 ms)

========================================================================
Received Import Request.
  Time since last request: 20175.212710 seconds.
  path: Assets/VRSampleScenes/Audio/Flyer/FlyerMixer.mixer
  artifactKey: Guid(d87b47ce31deb1f44bbe100832f18eb4) Importer(815301076,1909f56bfc062723c751e8b465ee728b)
Start importing Assets/VRSampleScenes/Audio/Flyer/FlyerMixer.mixer using Guid(d87b47ce31deb1f44bbe100832f18eb4) Importer(815301076,1909f56bfc062723c751e8b465ee728b) (PreviewImporter)Refreshing native plugins compatible for Editor in 12.79 ms, found 2 plugins.
Preloading 0 native plugins for Editor in 0.00 ms.
 -> (artifact id: '8f895119892c715ceb8d18b1c2578e34') in 0.038411 seconds
Number of updated asset objects reloaded before import = 0Number of asset objects unloaded after import = 13

========================================================================
Received Import Request.
  Time since last request: 0.000013 seconds.
  path: Assets/GoogleMobileAds/Editor/GoogleMobileAds.Editor.asmdef
  artifactKey: Guid(cbb42e4cfd9484f52972c8f05e1c3252) Importer(815301076,1909f56bfc062723c751e8b465ee728b)
Start importing Assets/GoogleMobileAds/Editor/GoogleMobileAds.Editor.asmdef using Guid(cbb42e4cfd9484f52972c8f05e1c3252) Importer(815301076,1909f56bfc062723c751e8b465ee728b) (PreviewImporter) -> (artifact id: '19dabbc5375a91acb99c0151c7209a3a') in 0.0003635 seconds
Number of updated asset objects reloaded before import = 0Number of asset objects unloaded after import = 0

========================================================================
Received Import Request.
  Time since last request: 0.000045 seconds.
  path: Assets/GoogleMobileAds/GoogleMobileAds.asmdef
  artifactKey: Guid(a037b9f808b8c43ae91c527caf71d031) Importer(815301076,1909f56bfc062723c751e8b465ee728b)
Start importing Assets/GoogleMobileAds/GoogleMobileAds.asmdef using Guid(a037b9f808b8c43ae91c527caf71d031) Importer(815301076,1909f56bfc062723c751e8b465ee728b) (PreviewImporter) -> (artifact id: 'd838f58f63590428502100653602b0d4') in 0.0004996 seconds
Number of updated asset objects reloaded before import = 0Number of asset objects unloaded after import = 0

========================================================================
Received Import Request.
  Time since last request: 0.000045 seconds.
  path: Assets/GoogleMobileAds/Resources/GoogleMobileAdsSettings.asset
  artifactKey: Guid(7b3ca5dee6c594d45b926819ac87796f) Importer(815301076,1909f56bfc062723c751e8b465ee728b)
Start importing Assets/GoogleMobileAds/Resources/GoogleMobileAdsSettings.asset using Guid(7b3ca5dee6c594d45b926819ac87796f) Importer(815301076,1909f56bfc062723c751e8b465ee728b) (PreviewImporter) -> (artifact id: 'ae0caec2d909a1a2d57ae65693a5f592') in 0.0013102 seconds
Number of updated asset objects reloaded before import = 0Number of asset objects unloaded after import = 1

========================================================================
Received Import Request.
  Time since last request: 0.000012 seconds.
  path: Assets/GoogleMobileAds/Editor/Resources/DummyAds/Banners/ADAPTIVE.prefab
  artifactKey: Guid(b2a3ea2f1837847d9981501e0eeca085) Importer(815301076,1909f56bfc062723c751e8b465ee728b)
Start importing Assets/GoogleMobileAds/Editor/Resources/DummyAds/Banners/ADAPTIVE.prefab using Guid(b2a3ea2f1837847d9981501e0eeca085) Importer(815301076,1909f56bfc062723c751e8b465ee728b) (PreviewImporter) -> (artifact id: '42a4cf29edb43795d783de5cc21417e1') in 0.0214009 seconds
Number of updated asset objects reloaded before import = 0Number of asset objects unloaded after import = 16

========================================================================
Received Prepare
Refreshing native plugins compatible for Editor in 12.07 ms, found 2 plugins.
Preloading 0 native plugins for Editor in 0.00 ms.
Unloading 13 Unused Serialized files (Serialized files now loaded: 0)
Unloading 3255 unused Assets / (2.8 MB). Loaded Objects now: 3894.
Memory consumption went from 111.9 MB to 109.1 MB.
Total: 17.666700 ms (FindLiveObjects: 0.622200 ms CreateObjectMapping: 0.218200 ms MarkObjects: 15.457500 ms  DeleteObjects: 1.367200 ms)

Prepare: number of updated asset objects reloaded= 0
========================================================================
Received Prepare
Refreshing native plugins compatible for Editor in 10.96 ms, found 2 plugins.
Preloading 0 native plugins for Editor in 0.00 ms.
Unloading 13 Unused Serialized files (Serialized files now loaded: 0)
Unloading 3190 unused Assets / (3.1 MB). Loaded Objects now: 3829.
Memory consumption went from 111.8 MB to 108.7 MB.
Total: 17.502300 ms (FindLiveObjects: 0.706300 ms CreateObjectMapping: 0.230700 ms MarkObjects: 14.861500 ms  DeleteObjects: 1.702400 ms)

Prepare: number of updated asset objects reloaded= 0
========================================================================
Received Prepare
Refreshing native plugins compatible for Editor in 10.17 ms, found 2 plugins.
Preloading 0 native plugins for Editor in 0.00 ms.
Unloading 13 Unused Serialized files (Serialized files now loaded: 0)
Unloading 3190 unused Assets / (3.1 MB). Loaded Objects now: 3829.
Memory consumption went from 111.8 MB to 108.7 MB.
Total: 19.456400 ms (FindLiveObjects: 0.646800 ms CreateObjectMapping: 0.595100 ms MarkObjects: 15.969300 ms  DeleteObjects: 2.244000 ms)

Prepare: number of updated asset objects reloaded= 0
========================================================================
Received Prepare
Begin MonoManager ReloadAssembly
Symbol file LoadedFromMemory is not a mono symbol file
- Loaded All Assemblies, in  0.527 seconds
Refreshing native plugins compatible for Editor in 10.01 ms, found 2 plugins.
Assertion failed on expression: 'pred(*previous, *i)'
Assertion failed on expression: 'pred(*previous, *i)'
Assertion failed on expression: 'pred(*previous, *i)'
Assertion failed on expression: 'pred(*previous, *i)'
Assertion failed on expression: 'pred(*previous, *i)'
Assertion failed on expression: 'pred(*previous, *i)'
Assertion failed on expression: 'pred(*previous, *i)'
Assertion failed on expression: 'pred(*previous, *i)'
Assertion failed on expression: 'pred(*previous, *i)'
Assertion failed on expression: 'pred(*previous, *i)'
Assertion failed on expression: 'pred(*previous, *i)'
Assertion failed on expression: 'pred(*previous, *i)'
Assertion failed on expression: 'pred(*previous, *i)'
Assertion failed on expression: 'pred(*previous, *i)'
Assertion failed on expression: 'pred(*previous, *i)'
Assertion failed on expression: 'pred(*previous, *i)'
Assertion failed on expression: 'pred(*previous, *i)'
Assertion failed on expression: 'pred(*previous, *i)'
Assertion failed on expression: 'pred(*previous, *i)'
Assertion failed on expression: 'pred(*previous, *i)'
Assertion failed on expression: 'pred(*previous, *i)'
Assertion failed on expression: 'pred(*previous, *i)'
Assertion failed on expression: 'pred(*previous, *i)'
Assertion failed on expression: 'pred(*previous, *i)'
Assertion failed on expression: 'pred(*previous, *i)'
Assertion failed on expression: 'pred(*previous, *i)'
Assertion failed on expression: 'pred(*previous, *i)'
Assertion failed on expression: 'pred(*previous, *i)'
Assertion failed on expression: 'pred(*previous, *i)'
Assertion failed on expression: 'pred(*previous, *i)'
Assertion failed on expression: 'pred(*previous, *i)'
Assertion failed on expression: 'pred(*previous, *i)'
Assertion failed on expression: 'pred(*previous, *i)'
Assertion failed on expression: 'pred(*previous, *i)'
Assertion failed on expression: 'pred(*previous, *i)'
Assertion failed on expression: 'pred(*previous, *i)'
Assertion failed on expression: 'pred(*previous, *i)'
Assertion failed on expression: 'pred(*previous, *i)'
Assertion failed on expression: 'pred(*previous, *i)'
Assertion failed on expression: 'pred(*previous, *i)'
Assertion failed on expression: 'pred(*previous, *i)'
Assertion failed on expression: 'pred(*previous, *i)'
Assertion failed on expression: 'pred(*previous, *i)'
Assertion failed on expression: 'pred(*previous, *i)'
Assertion failed on expression: 'pred(*previous, *i)'
Assertion failed on expression: 'pred(*previous, *i)'
Assertion failed on expression: 'pred(*previous, *i)'
Assertion failed on expression: 'pred(*previous, *i)'
Assertion failed on expression: 'pred(*previous, *i)'
Assertion failed on expression: 'pred(*previous, *i)'
Assertion failed on expression: 'pred(*previous, *i)'
Assertion failed on expression: 'pred(*previous, *i)'
Assertion failed on expression: 'pred(*previous, *i)'
Assertion failed on expression: 'pred(*previous, *i)'
Assertion failed on expression: 'pred(*previous, *i)'
Assertion failed on expression: 'pred(*previous, *i)'
Assertion failed on expression: 'pred(*previous, *i)'
Assertion failed on expression: 'pred(*previous, *i)'
Native extension for iOS target not found
Native extension for Android target not found
Native extension for WindowsStandalone target not found
GPGSUpgrader start
UnityEngine.Debug:ExtractStackTraceNoAlloc (byte*,int,string)
UnityEngine.StackTraceUtility:ExtractStackTrace ()
UnityEngine.DebugLogHandler:Internal_Log (UnityEngine.LogType,UnityEngine.LogOption,string,UnityEngine.Object)
UnityEngine.DebugLogHandler:LogFormat (UnityEngine.LogType,UnityEngine.Object,string,object[])
UnityEngine.Logger:Log (UnityEngine.LogType,object)
UnityEngine.Debug:Log (object)
GooglePlayGames.Editor.GPGSUpgrader:.cctor () (at Assets/play-games-plugin-for-unity-2.1.0/Assets/Public/GooglePlayGames/com.google.play.games/Editor/GPGSUpgrader.cs:38)
System.Runtime.CompilerServices.RuntimeHelpers:RunClassConstructor (System.RuntimeTypeHandle)
UnityEditor.EditorAssemblies:ProcessInitializeOnLoadAttributes (System.Type[])

(Filename: Assets/play-games-plugin-for-unity-2.1.0/Assets/Public/GooglePlayGames/com.google.play.games/Editor/GPGSUpgrader.cs Line: 38)

GPGSUpgrader done
UnityEngine.Debug:ExtractStackTraceNoAlloc (byte*,int,string)
UnityEngine.StackTraceUtility:ExtractStackTrace ()
UnityEngine.DebugLogHandler:Internal_Log (UnityEngine.LogType,UnityEngine.LogOption,string,UnityEngine.Object)
UnityEngine.DebugLogHandler:LogFormat (UnityEngine.LogType,UnityEngine.Object,string,object[])
UnityEngine.Logger:Log (UnityEngine.LogType,object)
UnityEngine.Debug:Log (object)
GooglePlayGames.Editor.GPGSUpgrader:.cctor () (at Assets/play-games-plugin-for-unity-2.1.0/Assets/Public/GooglePlayGames/com.google.play.games/Editor/GPGSUpgrader.cs:57)
System.Runtime.CompilerServices.RuntimeHelpers:RunClassConstructor (System.RuntimeTypeHandle)
UnityEditor.EditorAssemblies:ProcessInitializeOnLoadAttributes (System.Type[])

(Filename: Assets/play-games-plugin-for-unity-2.1.0/Assets/Public/GooglePlayGames/com.google.play.games/Editor/GPGSUpgrader.cs Line: 57)

Mono: successfully reloaded assembly
- Finished resetting the current domain, in  0.817 seconds
Domain Reload Profiling: 1338ms
	BeginReloadAssembly (152ms)
		ExecutionOrderSort (0ms)
		DisableScriptedObjects (5ms)
		BackupInstance (0ms)
		ReleaseScriptingObjects (0ms)
		CreateAndSetChildDomain (44ms)
	RebuildCommonClasses (37ms)
	RebuildNativeTypeToScriptingClass (10ms)
	initialDomainReloadingComplete (29ms)
	LoadAllAssembliesAndSetupDomain (293ms)
		LoadAssemblies (271ms)
		RebuildTransferFunctionScriptingTraits (0ms)
		AnalyzeDomain (89ms)
			TypeCache.Refresh (7ms)
				TypeCache.ScanAssembly (1ms)
			BuildScriptInfoCaches (77ms)
			ResolveRequiredComponents (3ms)
	FinalizeReload (817ms)
		ReleaseScriptCaches (0ms)
		RebuildScriptCaches (0ms)
		SetupLoadedEditorAssemblies (644ms)
			LogAssemblyErrors (0ms)
			InitializePlatformSupportModulesInManaged (18ms)
			SetLoadedEditorAssemblies (3ms)
			BeforeProcessingInitializeOnLoad (38ms)
			ProcessInitializeOnLoadAttributes (444ms)
			ProcessInitializeOnLoadMethodAttributes (124ms)
			AfterProcessingInitializeOnLoad (16ms)
			EditorAssembliesLoaded (0ms)
		ExecutionOrderSort2 (0ms)
		AwakeInstancesAfterBackupRestoration (5ms)
Refreshing native plugins compatible for Editor in 15.67 ms, found 2 plugins.
Preloading 0 native plugins for Editor in 0.00 ms.
Unloading 13 Unused Serialized files (Serialized files now loaded: 0)
Unloading 3273 unused Assets / (3.1 MB). Loaded Objects now: 3829.
Memory consumption went from 113.5 MB to 110.4 MB.
Total: 16.555500 ms (FindLiveObjects: 0.561800 ms CreateObjectMapping: 0.229700 ms MarkObjects: 14.149600 ms  DeleteObjects: 1.613200 ms)

Prepare: number of updated asset objects reloaded= 0
========================================================================
Received Prepare
Begin MonoManager ReloadAssembly
Symbol file LoadedFromMemory is not a mono symbol file
- Loaded All Assemblies, in  0.511 seconds
Refreshing native plugins compatible for Editor in 9.27 ms, found 2 plugins.
Assertion failed on expression: 'pred(*previous, *i)'
Assertion failed on expression: 'pred(*previous, *i)'
Assertion failed on expression: 'pred(*previous, *i)'
Assertion failed on expression: 'pred(*previous, *i)'
Assertion failed on expression: 'pred(*previous, *i)'
Assertion failed on expression: 'pred(*previous, *i)'
Assertion failed on expression: 'pred(*previous, *i)'
Assertion failed on expression: 'pred(*previous, *i)'
Assertion failed on expression: 'pred(*previous, *i)'
Assertion failed on expression: 'pred(*previous, *i)'
Assertion failed on expression: 'pred(*previous, *i)'
Assertion failed on expression: 'pred(*previous, *i)'
Assertion failed on expression: 'pred(*previous, *i)'
Assertion failed on expression: 'pred(*previous, *i)'
Assertion failed on expression: 'pred(*previous, *i)'
Assertion failed on expression: 'pred(*previous, *i)'
Assertion failed on expression: 'pred(*previous, *i)'
Assertion failed on expression: 'pred(*previous, *i)'
Assertion failed on expression: 'pred(*previous, *i)'
Assertion failed on expression: 'pred(*previous, *i)'
Assertion failed on expression: 'pred(*previous, *i)'
Assertion failed on expression: 'pred(*previous, *i)'
Assertion failed on expression: 'pred(*previous, *i)'
Assertion failed on expression: 'pred(*previous, *i)'
Assertion failed on expression: 'pred(*previous, *i)'
Assertion failed on expression: 'pred(*previous, *i)'
Assertion failed on expression: 'pred(*previous, *i)'
Assertion failed on expression: 'pred(*previous, *i)'
Assertion failed on expression: 'pred(*previous, *i)'
Assertion failed on expression: 'pred(*previous, *i)'
Assertion failed on expression: 'pred(*previous, *i)'
Assertion failed on expression: 'pred(*previous, *i)'
Assertion failed on expression: 'pred(*previous, *i)'
Assertion failed on expression: 'pred(*previous, *i)'
Assertion failed on expression: 'pred(*previous, *i)'
Assertion failed on expression: 'pred(*previous, *i)'
Assertion failed on expression: 'pred(*previous, *i)'
Assertion failed on expression: 'pred(*previous, *i)'
Assertion failed on expression: 'pred(*previous, *i)'
Assertion failed on expression: 'pred(*previous, *i)'
Assertion failed on expression: 'pred(*previous, *i)'
Assertion failed on expression: 'pred(*previous, *i)'
Assertion failed on expression: 'pred(*previous, *i)'
Assertion failed on expression: 'pred(*previous, *i)'
Assertion failed on expression: 'pred(*previous, *i)'
Assertion failed on expression: 'pred(*previous, *i)'
Assertion failed on expression: 'pred(*previous, *i)'
Assertion failed on expression: 'pred(*previous, *i)'
Assertion failed on expression: 'pred(*previous, *i)'
Assertion failed on expression: 'pred(*previous, *i)'
Assertion failed on expression: 'pred(*previous, *i)'
Assertion failed on expression: 'pred(*previous, *i)'
Assertion failed on expression: 'pred(*previous, *i)'
Assertion failed on expression: 'pred(*previous, *i)'
Assertion failed on expression: 'pred(*previous, *i)'
Assertion failed on expression: 'pred(*previous, *i)'
Assertion failed on expression: 'pred(*previous, *i)'
Assertion failed on expression: 'pred(*previous, *i)'
Native extension for iOS target not found
Native extension for Android target not found
Native extension for WindowsStandalone target not found
GPGSUpgrader start
UnityEngine.Debug:ExtractStackTraceNoAlloc (byte*,int,string)
UnityEngine.StackTraceUtility:ExtractStackTrace ()
UnityEngine.DebugLogHandler:Internal_Log (UnityEngine.LogType,UnityEngine.LogOption,string,UnityEngine.Object)
UnityEngine.DebugLogHandler:LogFormat (UnityEngine.LogType,UnityEngine.Object,string,object[])
UnityEngine.Logger:Log (UnityEngine.LogType,object)
UnityEngine.Debug:Log (object)
GooglePlayGames.Editor.GPGSUpgrader:.cctor () (at Assets/play-games-plugin-for-unity-2.1.0/Assets/Public/GooglePlayGames/com.google.play.games/Editor/GPGSUpgrader.cs:38)
System.Runtime.CompilerServices.RuntimeHelpers:RunClassConstructor (System.RuntimeTypeHandle)
UnityEditor.EditorAssemblies:ProcessInitializeOnLoadAttributes (System.Type[])

(Filename: Assets/play-games-plugin-for-unity-2.1.0/Assets/Public/GooglePlayGames/com.google.play.games/Editor/GPGSUpgrader.cs Line: 38)

GPGSUpgrader done
UnityEngine.Debug:ExtractStackTraceNoAlloc (byte*,int,string)
UnityEngine.StackTraceUtility:ExtractStackTrace ()
UnityEngine.DebugLogHandler:Internal_Log (UnityEngine.LogType,UnityEngine.LogOption,string,UnityEngine.Object)
UnityEngine.DebugLogHandler:LogFormat (UnityEngine.LogType,UnityEngine.Object,string,object[])
UnityEngine.Logger:Log (UnityEngine.LogType,object)
UnityEngine.Debug:Log (object)
GooglePlayGames.Editor.GPGSUpgrader:.cctor () (at Assets/play-games-plugin-for-unity-2.1.0/Assets/Public/GooglePlayGames/com.google.play.games/Editor/GPGSUpgrader.cs:57)
System.Runtime.CompilerServices.RuntimeHelpers:RunClassConstructor (System.RuntimeTypeHandle)
UnityEditor.EditorAssemblies:ProcessInitializeOnLoadAttributes (System.Type[])

(Filename: Assets/play-games-plugin-for-unity-2.1.0/Assets/Public/GooglePlayGames/com.google.play.games/Editor/GPGSUpgrader.cs Line: 57)

Mono: successfully reloaded assembly
- Finished resetting the current domain, in  0.944 seconds
Domain Reload Profiling: 1451ms
	BeginReloadAssembly (149ms)
		ExecutionOrderSort (0ms)
		DisableScriptedObjects (5ms)
		BackupInstance (0ms)
		ReleaseScriptingObjects (0ms)
		CreateAndSetChildDomain (42ms)
	RebuildCommonClasses (29ms)
	RebuildNativeTypeToScriptingClass (9ms)
	initialDomainReloadingComplete (27ms)
	LoadAllAssembliesAndSetupDomain (292ms)
		LoadAssemblies (265ms)
		RebuildTransferFunctionScriptingTraits (0ms)
		AnalyzeDomain (95ms)
			TypeCache.Refresh (4ms)
				TypeCache.ScanAssembly (0ms)
			BuildScriptInfoCaches (85ms)
			ResolveRequiredComponents (3ms)
	FinalizeReload (944ms)
		ReleaseScriptCaches (0ms)
		RebuildScriptCaches (0ms)
		SetupLoadedEditorAssemblies (740ms)
			LogAssemblyErrors (0ms)
			InitializePlatformSupportModulesInManaged (17ms)
			SetLoadedEditorAssemblies (2ms)
			BeforeProcessingInitializeOnLoad (39ms)
			ProcessInitializeOnLoadAttributes (524ms)
			ProcessInitializeOnLoadMethodAttributes (145ms)
			AfterProcessingInitializeOnLoad (13ms)
			EditorAssembliesLoaded (0ms)
		ExecutionOrderSort2 (0ms)
		AwakeInstancesAfterBackupRestoration (5ms)
Refreshing native plugins compatible for Editor in 15.99 ms, found 2 plugins.
Preloading 0 native plugins for Editor in 0.00 ms.
Unloading 13 Unused Serialized files (Serialized files now loaded: 0)
Unloading 3273 unused Assets / (2.4 MB). Loaded Objects now: 3829.
Memory consumption went from 115.5 MB to 113.1 MB.
Total: 20.272700 ms (FindLiveObjects: 0.959200 ms CreateObjectMapping: 0.737900 ms MarkObjects: 15.919500 ms  DeleteObjects: 2.654300 ms)

Prepare: number of updated asset objects reloaded= 0
========================================================================
Received Prepare
Begin MonoManager ReloadAssembly
Symbol file LoadedFromMemory is not a mono symbol file
- Loaded All Assemblies, in  0.602 seconds
Refreshing native plugins compatible for Editor in 8.34 ms, found 2 plugins.
Native extension for iOS target not found
Native extension for Android target not found
Native extension for WindowsStandalone target not found
GPGSUpgrader start
UnityEngine.Debug:ExtractStackTraceNoAlloc (byte*,int,string)
UnityEngine.StackTraceUtility:ExtractStackTrace ()
UnityEngine.DebugLogHandler:Internal_Log (UnityEngine.LogType,UnityEngine.LogOption,string,UnityEngine.Object)
UnityEngine.DebugLogHandler:LogFormat (UnityEngine.LogType,UnityEngine.Object,string,object[])
UnityEngine.Logger:Log (UnityEngine.LogType,object)
UnityEngine.Debug:Log (object)
GooglePlayGames.Editor.GPGSUpgrader:.cctor () (at Assets/GooglePlayGames/Editor/GPGSUpgrader.cs:38)
System.Runtime.CompilerServices.RuntimeHelpers:RunClassConstructor (System.RuntimeTypeHandle)
UnityEditor.EditorAssemblies:ProcessInitializeOnLoadAttributes (System.Type[])

(Filename: Assets/GooglePlayGames/Editor/GPGSUpgrader.cs Line: 38)

GPGSUpgrader done
UnityEngine.Debug:ExtractStackTraceNoAlloc (byte*,int,string)
UnityEngine.StackTraceUtility:ExtractStackTrace ()
UnityEngine.DebugLogHandler:Internal_Log (UnityEngine.LogType,UnityEngine.LogOption,string,UnityEngine.Object)
UnityEngine.DebugLogHandler:LogFormat (UnityEngine.LogType,UnityEngine.Object,string,object[])
UnityEngine.Logger:Log (UnityEngine.LogType,object)
UnityEngine.Debug:Log (object)
GooglePlayGames.Editor.GPGSUpgrader:.cctor () (at Assets/GooglePlayGames/Editor/GPGSUpgrader.cs:105)
System.Runtime.CompilerServices.RuntimeHelpers:RunClassConstructor (System.RuntimeTypeHandle)
UnityEditor.EditorAssemblies:ProcessInitializeOnLoadAttributes (System.Type[])

(Filename: Assets/GooglePlayGames/Editor/GPGSUpgrader.cs Line: 105)

Mono: successfully reloaded assembly
- Finished resetting the current domain, in  0.924 seconds
Domain Reload Profiling: 1521ms
	BeginReloadAssembly (169ms)
		ExecutionOrderSort (0ms)
		DisableScriptedObjects (7ms)
		BackupInstance (0ms)
		ReleaseScriptingObjects (0ms)
		CreateAndSetChildDomain (51ms)
	RebuildCommonClasses (49ms)
	RebuildNativeTypeToScriptingClass (14ms)
	initialDomainReloadingComplete (31ms)
	LoadAllAssembliesAndSetupDomain (334ms)
		LoadAssemblies (297ms)
		RebuildTransferFunctionScriptingTraits (0ms)
		AnalyzeDomain (103ms)
			TypeCache.Refresh (11ms)
				TypeCache.ScanAssembly (3ms)
			BuildScriptInfoCaches (87ms)
			ResolveRequiredComponents (3ms)
	FinalizeReload (924ms)
		ReleaseScriptCaches (0ms)
		RebuildScriptCaches (0ms)
		SetupLoadedEditorAssemblies (748ms)
			LogAssemblyErrors (0ms)
			InitializePlatformSupportModulesInManaged (19ms)
			SetLoadedEditorAssemblies (2ms)
			BeforeProcessingInitializeOnLoad (43ms)
			ProcessInitializeOnLoadAttributes (525ms)
			ProcessInitializeOnLoadMethodAttributes (146ms)
			AfterProcessingInitializeOnLoad (12ms)
			EditorAssembliesLoaded (0ms)
		ExecutionOrderSort2 (0ms)
		AwakeInstancesAfterBackupRestoration (4ms)
Refreshing native plugins compatible for Editor in 13.07 ms, found 2 plugins.
Preloading 0 native plugins for Editor in 0.00 ms.
Unloading 13 Unused Serialized files (Serialized files now loaded: 0)
Unloading 3247 unused Assets / (3.1 MB). Loaded Objects now: 3824.
Memory consumption went from 115.3 MB to 112.2 MB.
Total: 13.631700 ms (FindLiveObjects: 0.654000 ms CreateObjectMapping: 0.268400 ms MarkObjects: 9.971200 ms  DeleteObjects: 2.735800 ms)

Prepare: number of updated asset objects reloaded= 0
========================================================================
Received Prepare
Refreshing native plugins compatible for Editor in 13.14 ms, found 2 plugins.
Preloading 0 native plugins for Editor in 0.00 ms.
Unloading 13 Unused Serialized files (Serialized files now loaded: 0)
Unloading 3120 unused Assets / (2.8 MB). Loaded Objects now: 3759.
Memory consumption went from 115.0 MB to 112.1 MB.
Total: 17.443700 ms (FindLiveObjects: 0.599900 ms CreateObjectMapping: 0.259300 ms MarkObjects: 14.937100 ms  DeleteObjects: 1.646000 ms)

Prepare: number of updated asset objects reloaded= 0
========================================================================
Received Prepare
Refreshing native plugins compatible for Editor in 12.68 ms, found 2 plugins.
Preloading 0 native plugins for Editor in 0.00 ms.
Unloading 13 Unused Serialized files (Serialized files now loaded: 0)
Unloading 3120 unused Assets / (2.6 MB). Loaded Objects now: 3759.
Memory consumption went from 115.0 MB to 112.4 MB.
Total: 19.317500 ms (FindLiveObjects: 0.649400 ms CreateObjectMapping: 0.242800 ms MarkObjects: 16.170800 ms  DeleteObjects: 2.252800 ms)

Prepare: number of updated asset objects reloaded= 0
========================================================================
Received Prepare
Refreshing native plugins compatible for Editor in 13.51 ms, found 2 plugins.
Preloading 0 native plugins for Editor in 0.00 ms.
Unloading 13 Unused Serialized files (Serialized files now loaded: 0)
Unloading 3119 unused Assets / (3.0 MB). Loaded Objects now: 3758.
Memory consumption went from 115.0 MB to 111.9 MB.
Total: 17.378400 ms (FindLiveObjects: 0.759500 ms CreateObjectMapping: 0.270500 ms MarkObjects: 14.668600 ms  DeleteObjects: 1.678700 ms)

Prepare: number of updated asset objects reloaded= 0
========================================================================
Received Prepare
Begin MonoManager ReloadAssembly
Symbol file LoadedFromMemory is not a mono symbol file
- Loaded All Assemblies, in  0.660 seconds
Refreshing native plugins compatible for Editor in 8.54 ms, found 2 plugins.
Native extension for iOS target not found
Native extension for Android target not found
Native extension for WindowsStandalone target not found
GPGSUpgrader start
UnityEngine.Debug:ExtractStackTraceNoAlloc (byte*,int,string)
UnityEngine.StackTraceUtility:ExtractStackTrace ()
UnityEngine.DebugLogHandler:Internal_Log (UnityEngine.LogType,UnityEngine.LogOption,string,UnityEngine.Object)
UnityEngine.DebugLogHandler:LogFormat (UnityEngine.LogType,UnityEngine.Object,string,object[])
UnityEngine.Logger:Log (UnityEngine.LogType,object)
UnityEngine.Debug:Log (object)
GooglePlayGames.Editor.GPGSUpgrader:.cctor () (at Assets/GooglePlayGames/Editor/GPGSUpgrader.cs:38)
System.Runtime.CompilerServices.RuntimeHelpers:RunClassConstructor (System.RuntimeTypeHandle)
UnityEditor.EditorAssemblies:ProcessInitializeOnLoadAttributes (System.Type[])

(Filename: Assets/GooglePlayGames/Editor/GPGSUpgrader.cs Line: 38)

GPGSUpgrader done
UnityEngine.Debug:ExtractStackTraceNoAlloc (byte*,int,string)
UnityEngine.StackTraceUtility:ExtractStackTrace ()
UnityEngine.DebugLogHandler:Internal_Log (UnityEngine.LogType,UnityEngine.LogOption,string,UnityEngine.Object)
UnityEngine.DebugLogHandler:LogFormat (UnityEngine.LogType,UnityEngine.Object,string,object[])
UnityEngine.Logger:Log (UnityEngine.LogType,object)
UnityEngine.Debug:Log (object)
GooglePlayGames.Editor.GPGSUpgrader:.cctor () (at Assets/GooglePlayGames/Editor/GPGSUpgrader.cs:105)
System.Runtime.CompilerServices.RuntimeHelpers:RunClassConstructor (System.RuntimeTypeHandle)
UnityEditor.EditorAssemblies:ProcessInitializeOnLoadAttributes (System.Type[])

(Filename: Assets/GooglePlayGames/Editor/GPGSUpgrader.cs Line: 105)

Mono: successfully reloaded assembly
- Finished resetting the current domain, in  0.862 seconds
Domain Reload Profiling: 1518ms
	BeginReloadAssembly (164ms)
		ExecutionOrderSort (0ms)
		DisableScriptedObjects (6ms)
		BackupInstance (0ms)
		ReleaseScriptingObjects (0ms)
		CreateAndSetChildDomain (44ms)
	RebuildCommonClasses (45ms)
	RebuildNativeTypeToScriptingClass (16ms)
	initialDomainReloadingComplete (33ms)
	LoadAllAssembliesAndSetupDomain (398ms)
		LoadAssemblies (332ms)
		RebuildTransferFunctionScriptingTraits (0ms)
		AnalyzeDomain (141ms)
			TypeCache.Refresh (5ms)
				TypeCache.ScanAssembly (0ms)
			BuildScriptInfoCaches (127ms)
			ResolveRequiredComponents (5ms)
	FinalizeReload (863ms)
		ReleaseScriptCaches (0ms)
		RebuildScriptCaches (0ms)
		SetupLoadedEditorAssemblies (691ms)
			LogAssemblyErrors (0ms)
			InitializePlatformSupportModulesInManaged (19ms)
			SetLoadedEditorAssemblies (2ms)
			BeforeProcessingInitializeOnLoad (44ms)
			ProcessInitializeOnLoadAttributes (480ms)
			ProcessInitializeOnLoadMethodAttributes (133ms)
			AfterProcessingInitializeOnLoad (11ms)
			EditorAssembliesLoaded (0ms)
		ExecutionOrderSort2 (0ms)
		AwakeInstancesAfterBackupRestoration (5ms)
Refreshing native plugins compatible for Editor in 13.50 ms, found 2 plugins.
Preloading 0 native plugins for Editor in 0.00 ms.
Unloading 13 Unused Serialized files (Serialized files now loaded: 0)
Unloading 3247 unused Assets / (3.1 MB). Loaded Objects now: 3824.
Memory consumption went from 115.3 MB to 112.2 MB.
Total: 17.192000 ms (FindLiveObjects: 0.600900 ms CreateObjectMapping: 0.232000 ms MarkObjects: 14.605600 ms  DeleteObjects: 1.752000 ms)

Prepare: number of updated asset objects reloaded= 0
========================================================================
Received Prepare
Refreshing native plugins compatible for Editor in 40.04 ms, found 2 plugins.
Preloading 0 native plugins for Editor in 0.00 ms.
Unloading 13 Unused Serialized files (Serialized files now loaded: 0)
Unloading 3192 unused Assets / (1.8 MB). Loaded Objects now: 3827.
Memory consumption went from 115.2 MB to 113.3 MB.
Total: 26.952500 ms (FindLiveObjects: 0.585500 ms CreateObjectMapping: 0.244000 ms MarkObjects: 23.448100 ms  DeleteObjects: 2.672200 ms)

Prepare: number of updated asset objects reloaded= 0
========================================================================
Received Prepare
Refreshing native plugins compatible for Editor in 12.71 ms, found 2 plugins.
Preloading 0 native plugins for Editor in 0.00 ms.
Unloading 13 Unused Serialized files (Serialized files now loaded: 0)
Unloading 3192 unused Assets / (3.0 MB). Loaded Objects now: 3827.
Memory consumption went from 115.2 MB to 112.1 MB.
Total: 18.744100 ms (FindLiveObjects: 0.725300 ms CreateObjectMapping: 0.602200 ms MarkObjects: 15.568400 ms  DeleteObjects: 1.846900 ms)

Prepare: number of updated asset objects reloaded= 0
========================================================================
Received Prepare
Refreshing native plugins compatible for Editor in 12.57 ms, found 2 plugins.
Preloading 0 native plugins for Editor in 0.00 ms.
Unloading 13 Unused Serialized files (Serialized files now loaded: 0)
Unloading 3192 unused Assets / (2.4 MB). Loaded Objects now: 3827.
Memory consumption went from 115.2 MB to 112.7 MB.
Total: 17.045900 ms (FindLiveObjects: 0.613700 ms CreateObjectMapping: 0.233900 ms MarkObjects: 14.556400 ms  DeleteObjects: 1.640600 ms)

Prepare: number of updated asset objects reloaded= 0
========================================================================
Received Prepare
Refreshing native plugins compatible for Editor in 13.52 ms, found 2 plugins.
Preloading 0 native plugins for Editor in 0.00 ms.
Unloading 13 Unused Serialized files (Serialized files now loaded: 0)
Unloading 3192 unused Assets / (3.0 MB). Loaded Objects now: 3827.
Memory consumption went from 115.2 MB to 112.1 MB.
Total: 16.670600 ms (FindLiveObjects: 0.548300 ms CreateObjectMapping: 0.225400 ms MarkObjects: 14.267600 ms  DeleteObjects: 1.628100 ms)

Prepare: number of updated asset objects reloaded= 0
========================================================================
Received Prepare
Refreshing native plugins compatible for Editor in 11.96 ms, found 2 plugins.
Preloading 0 native plugins for Editor in 0.00 ms.
Unloading 13 Unused Serialized files (Serialized files now loaded: 0)
Unloading 3192 unused Assets / (3.1 MB). Loaded Objects now: 3827.
Memory consumption went from 115.2 MB to 112.1 MB.
Total: 17.578300 ms (FindLiveObjects: 0.563000 ms CreateObjectMapping: 0.248400 ms MarkObjects: 15.010700 ms  DeleteObjects: 1.754500 ms)

Prepare: number of updated asset objects reloaded= 0
========================================================================
Received Prepare
Refreshing native plugins compatible for Editor in 11.94 ms, found 2 plugins.
Preloading 0 native plugins for Editor in 0.00 ms.
Unloading 13 Unused Serialized files (Serialized files now loaded: 0)
Unloading 3192 unused Assets / (3.1 MB). Loaded Objects now: 3827.
Memory consumption went from 115.2 MB to 112.0 MB.
Total: 16.858500 ms (FindLiveObjects: 0.641500 ms CreateObjectMapping: 0.290400 ms MarkObjects: 14.148000 ms  DeleteObjects: 1.777100 ms)

Prepare: number of updated asset objects reloaded= 0
========================================================================
Received Prepare
Refreshing native plugins compatible for Editor in 12.66 ms, found 2 plugins.
Preloading 0 native plugins for Editor in 0.00 ms.
Unloading 13 Unused Serialized files (Serialized files now loaded: 0)
Unloading 3192 unused Assets / (3.0 MB). Loaded Objects now: 3827.
Memory consumption went from 115.2 MB to 112.1 MB.
Total: 16.991500 ms (FindLiveObjects: 0.667000 ms CreateObjectMapping: 0.328400 ms MarkObjects: 14.242700 ms  DeleteObjects: 1.752200 ms)

Prepare: number of updated asset objects reloaded= 0
========================================================================
Received Prepare
Refreshing native plugins compatible for Editor in 12.73 ms, found 2 plugins.
Preloading 0 native plugins for Editor in 0.00 ms.
Unloading 13 Unused Serialized files (Serialized files now loaded: 0)
Unloading 3192 unused Assets / (3.0 MB). Loaded Objects now: 3827.
Memory consumption went from 115.2 MB to 112.1 MB.
Total: 17.308900 ms (FindLiveObjects: 0.694500 ms CreateObjectMapping: 0.330900 ms MarkObjects: 14.314400 ms  DeleteObjects: 1.967900 ms)

Prepare: number of updated asset objects reloaded= 0
========================================================================
Received Prepare
Refreshing native plugins compatible for Editor in 11.21 ms, found 2 plugins.
Preloading 0 native plugins for Editor in 0.00 ms.
Unloading 13 Unused Serialized files (Serialized files now loaded: 0)
Unloading 3192 unused Assets / (3.0 MB). Loaded Objects now: 3827.
Memory consumption went from 115.2 MB to 112.1 MB.
Total: 17.910100 ms (FindLiveObjects: 0.641000 ms CreateObjectMapping: 0.350000 ms MarkObjects: 14.933900 ms  DeleteObjects: 1.983900 ms)

Prepare: number of updated asset objects reloaded= 0
========================================================================
Received Prepare
Refreshing native plugins compatible for Editor in 11.92 ms, found 2 plugins.
Preloading 0 native plugins for Editor in 0.00 ms.
Unloading 13 Unused Serialized files (Serialized files now loaded: 0)
Unloading 3192 unused Assets / (3.2 MB). Loaded Objects now: 3827.
Memory consumption went from 115.2 MB to 112.0 MB.
Total: 17.600500 ms (FindLiveObjects: 0.557000 ms CreateObjectMapping: 0.231100 ms MarkObjects: 14.947700 ms  DeleteObjects: 1.863600 ms)

Prepare: number of updated asset objects reloaded= 0
========================================================================
Received Prepare
Refreshing native plugins compatible for Editor in 13.08 ms, found 2 plugins.
Preloading 0 native plugins for Editor in 0.00 ms.
Unloading 13 Unused Serialized files (Serialized files now loaded: 0)
Unloading 3192 unused Assets / (2.7 MB). Loaded Objects now: 3827.
Memory consumption went from 115.2 MB to 112.5 MB.
Total: 18.136500 ms (FindLiveObjects: 0.629900 ms CreateObjectMapping: 0.282800 ms MarkObjects: 15.274000 ms  DeleteObjects: 1.948400 ms)

Prepare: number of updated asset objects reloaded= 0
========================================================================
Received Prepare
Refreshing native plugins compatible for Editor in 36.77 ms, found 2 plugins.
Preloading 0 native plugins for Editor in 0.00 ms.
Unloading 13 Unused Serialized files (Serialized files now loaded: 0)
Unloading 3192 unused Assets / (2.9 MB). Loaded Objects now: 3827.
Memory consumption went from 115.2 MB to 112.2 MB.
Total: 14.158800 ms (FindLiveObjects: 0.547100 ms CreateObjectMapping: 0.229400 ms MarkObjects: 12.184600 ms  DeleteObjects: 1.196400 ms)

Prepare: number of updated asset objects reloaded= 0
========================================================================
Received Prepare
Refreshing native plugins compatible for Editor in 12.63 ms, found 2 plugins.
Preloading 0 native plugins for Editor in 0.00 ms.
Unloading 13 Unused Serialized files (Serialized files now loaded: 0)
Unloading 3192 unused Assets / (2.7 MB). Loaded Objects now: 3827.
Memory consumption went from 115.2 MB to 112.5 MB.
Total: 17.964400 ms (FindLiveObjects: 0.641000 ms CreateObjectMapping: 0.234200 ms MarkObjects: 15.315100 ms  DeleteObjects: 1.772600 ms)

Prepare: number of updated asset objects reloaded= 0
========================================================================
Received Prepare
Refreshing native plugins compatible for Editor in 13.26 ms, found 2 plugins.
Preloading 0 native plugins for Editor in 0.00 ms.
Unloading 13 Unused Serialized files (Serialized files now loaded: 0)
Unloading 3192 unused Assets / (3.2 MB). Loaded Objects now: 3827.
Memory consumption went from 115.2 MB to 112.0 MB.
Total: 18.491000 ms (FindLiveObjects: 0.590400 ms CreateObjectMapping: 0.253800 ms MarkObjects: 15.709400 ms  DeleteObjects: 1.936000 ms)

Prepare: number of updated asset objects reloaded= 0
========================================================================
Received Prepare
Refreshing native plugins compatible for Editor in 12.71 ms, found 2 plugins.
Preloading 0 native plugins for Editor in 0.00 ms.
Unloading 13 Unused Serialized files (Serialized files now loaded: 0)
Unloading 3192 unused Assets / (2.8 MB). Loaded Objects now: 3827.
Memory consumption went from 115.2 MB to 112.4 MB.
Total: 16.938600 ms (FindLiveObjects: 0.573800 ms CreateObjectMapping: 0.277200 ms MarkObjects: 14.529100 ms  DeleteObjects: 1.557300 ms)

Prepare: number of updated asset objects reloaded= 0
========================================================================
Received Prepare
Refreshing native plugins compatible for Editor in 12.39 ms, found 2 plugins.
Preloading 0 native plugins for Editor in 0.00 ms.
Unloading 13 Unused Serialized files (Serialized files now loaded: 0)
Unloading 3192 unused Assets / (3.1 MB). Loaded Objects now: 3827.
Memory consumption went from 115.2 MB to 112.1 MB.
Total: 17.981800 ms (FindLiveObjects: 0.557500 ms CreateObjectMapping: 0.254100 ms MarkObjects: 15.326200 ms  DeleteObjects: 1.842800 ms)

Prepare: number of updated asset objects reloaded= 0
========================================================================
Received Prepare
Refreshing native plugins compatible for Editor in 12.93 ms, found 2 plugins.
Preloading 0 native plugins for Editor in 0.00 ms.
Unloading 13 Unused Serialized files (Serialized files now loaded: 0)
Unloading 3192 unused Assets / (2.9 MB). Loaded Objects now: 3827.
Memory consumption went from 115.2 MB to 112.2 MB.
Total: 23.550700 ms (FindLiveObjects: 0.597900 ms CreateObjectMapping: 0.496000 ms MarkObjects: 20.940700 ms  DeleteObjects: 1.514600 ms)

Prepare: number of updated asset objects reloaded= 0
========================================================================
Received Prepare
Refreshing native plugins compatible for Editor in 12.00 ms, found 2 plugins.
Preloading 0 native plugins for Editor in 0.00 ms.
Unloading 13 Unused Serialized files (Serialized files now loaded: 0)
Unloading 3192 unused Assets / (3.0 MB). Loaded Objects now: 3827.
Memory consumption went from 115.2 MB to 112.2 MB.
Total: 17.607800 ms (FindLiveObjects: 0.662200 ms CreateObjectMapping: 0.240600 ms MarkObjects: 15.018000 ms  DeleteObjects: 1.685800 ms)

Prepare: number of updated asset objects reloaded= 0
========================================================================
Received Prepare
Refreshing native plugins compatible for Editor in 13.72 ms, found 2 plugins.
Preloading 0 native plugins for Editor in 0.00 ms.
Unloading 13 Unused Serialized files (Serialized files now loaded: 0)
Unloading 3192 unused Assets / (3.0 MB). Loaded Objects now: 3827.
Memory consumption went from 115.2 MB to 112.2 MB.
Total: 16.880900 ms (FindLiveObjects: 0.641400 ms CreateObjectMapping: 0.286500 ms MarkObjects: 14.108700 ms  DeleteObjects: 1.842700 ms)

Prepare: number of updated asset objects reloaded= 0
========================================================================
Received Prepare
Refreshing native plugins compatible for Editor in 13.10 ms, found 2 plugins.
Preloading 0 native plugins for Editor in 0.00 ms.
Unloading 13 Unused Serialized files (Serialized files now loaded: 0)
Unloading 3192 unused Assets / (3.3 MB). Loaded Objects now: 3827.
Memory consumption went from 115.2 MB to 111.9 MB.
Total: 18.058000 ms (FindLiveObjects: 0.654600 ms CreateObjectMapping: 0.222600 ms MarkObjects: 14.339300 ms  DeleteObjects: 2.840000 ms)

Prepare: number of updated asset objects reloaded= 0
========================================================================
Received Prepare
Refreshing native plugins compatible for Editor in 13.03 ms, found 2 plugins.
Preloading 0 native plugins for Editor in 0.00 ms.
Unloading 13 Unused Serialized files (Serialized files now loaded: 0)
Unloading 3191 unused Assets / (2.6 MB). Loaded Objects now: 3827.
Memory consumption went from 115.2 MB to 112.5 MB.
Total: 16.274400 ms (FindLiveObjects: 0.620500 ms CreateObjectMapping: 0.576700 ms MarkObjects: 13.816500 ms  DeleteObjects: 1.258900 ms)

Prepare: number of updated asset objects reloaded= 0
========================================================================
Received Prepare
Refreshing native plugins compatible for Editor in 10.99 ms, found 2 plugins.
Preloading 0 native plugins for Editor in 0.00 ms.
Unloading 13 Unused Serialized files (Serialized files now loaded: 0)
Unloading 3190 unused Assets / (3.1 MB). Loaded Objects now: 3827.
Memory consumption went from 115.1 MB to 112.0 MB.
Total: 17.768600 ms (FindLiveObjects: 0.784100 ms CreateObjectMapping: 0.255600 ms MarkObjects: 14.922700 ms  DeleteObjects: 1.805200 ms)

Prepare: number of updated asset objects reloaded= 0
========================================================================
Received Prepare
Refreshing native plugins compatible for Editor in 12.28 ms, found 2 plugins.
Preloading 0 native plugins for Editor in 0.00 ms.
Unloading 13 Unused Serialized files (Serialized files now loaded: 0)
Unloading 3189 unused Assets / (3.2 MB). Loaded Objects now: 3827.
Memory consumption went from 115.1 MB to 111.9 MB.
Total: 16.529200 ms (FindLiveObjects: 0.580700 ms CreateObjectMapping: 0.253000 ms MarkObjects: 13.868800 ms  DeleteObjects: 1.825300 ms)

Prepare: number of updated asset objects reloaded= 0
========================================================================
Received Prepare
Refreshing native plugins compatible for Editor in 12.80 ms, found 2 plugins.
Preloading 0 native plugins for Editor in 0.00 ms.
Unloading 13 Unused Serialized files (Serialized files now loaded: 0)
Unloading 3188 unused Assets / (3.0 MB). Loaded Objects now: 3827.
Memory consumption went from 115.1 MB to 112.1 MB.
Total: 16.696200 ms (FindLiveObjects: 0.645900 ms CreateObjectMapping: 0.252200 ms MarkObjects: 14.181400 ms  DeleteObjects: 1.614600 ms)

Prepare: number of updated asset objects reloaded= 0
========================================================================
Received Prepare
Refreshing native plugins compatible for Editor in 14.45 ms, found 2 plugins.
Preloading 0 native plugins for Editor in 0.00 ms.
Unloading 13 Unused Serialized files (Serialized files now loaded: 0)
Unloading 3187 unused Assets / (3.2 MB). Loaded Objects now: 3826.
Memory consumption went from 115.1 MB to 111.9 MB.
Total: 17.282600 ms (FindLiveObjects: 0.562500 ms CreateObjectMapping: 0.224200 ms MarkObjects: 14.647800 ms  DeleteObjects: 1.846700 ms)

Prepare: number of updated asset objects reloaded= 0
========================================================================
Received Prepare
Refreshing native plugins compatible for Editor in 13.15 ms, found 2 plugins.
Preloading 0 native plugins for Editor in 0.00 ms.
Unloading 13 Unused Serialized files (Serialized files now loaded: 0)
Unloading 3186 unused Assets / (3.0 MB). Loaded Objects now: 3825.
Memory consumption went from 115.1 MB to 112.1 MB.
Total: 17.648800 ms (FindLiveObjects: 0.594000 ms CreateObjectMapping: 0.210600 ms MarkObjects: 15.202900 ms  DeleteObjects: 1.640000 ms)

Prepare: number of updated asset objects reloaded= 0
========================================================================
Received Prepare
Refreshing native plugins compatible for Editor in 13.28 ms, found 2 plugins.
Preloading 0 native plugins for Editor in 0.00 ms.
Unloading 13 Unused Serialized files (Serialized files now loaded: 0)
Unloading 3185 unused Assets / (3.0 MB). Loaded Objects now: 3824.
Memory consumption went from 115.1 MB to 112.1 MB.
Total: 17.020800 ms (FindLiveObjects: 0.548400 ms CreateObjectMapping: 0.240500 ms MarkObjects: 14.493400 ms  DeleteObjects: 1.737100 ms)

Prepare: number of updated asset objects reloaded= 0
========================================================================
Received Prepare
Refreshing native plugins compatible for Editor in 13.24 ms, found 2 plugins.
Preloading 0 native plugins for Editor in 0.00 ms.
Unloading 13 Unused Serialized files (Serialized files now loaded: 0)
Unloading 3184 unused Assets / (3.1 MB). Loaded Objects now: 3823.
Memory consumption went from 115.1 MB to 112.1 MB.
Total: 18.133000 ms (FindLiveObjects: 0.536500 ms CreateObjectMapping: 0.431900 ms MarkObjects: 15.334200 ms  DeleteObjects: 1.828700 ms)

Prepare: number of updated asset objects reloaded= 0
========================================================================
Received Prepare
Refreshing native plugins compatible for Editor in 12.90 ms, found 2 plugins.
Preloading 0 native plugins for Editor in 0.00 ms.
Unloading 13 Unused Serialized files (Serialized files now loaded: 0)
Unloading 3183 unused Assets / (2.5 MB). Loaded Objects now: 3822.
Memory consumption went from 115.1 MB to 112.6 MB.
Total: 16.239400 ms (FindLiveObjects: 0.710900 ms CreateObjectMapping: 0.242400 ms MarkObjects: 13.674100 ms  DeleteObjects: 1.611000 ms)

Prepare: number of updated asset objects reloaded= 0
========================================================================
Received Prepare
Refreshing native plugins compatible for Editor in 13.34 ms, found 2 plugins.
Preloading 0 native plugins for Editor in 0.00 ms.
Unloading 13 Unused Serialized files (Serialized files now loaded: 0)
Unloading 3182 unused Assets / (2.9 MB). Loaded Objects now: 3821.
Memory consumption went from 115.1 MB to 112.2 MB.
Total: 18.918400 ms (FindLiveObjects: 0.700100 ms CreateObjectMapping: 0.292300 ms MarkObjects: 16.039500 ms  DeleteObjects: 1.884800 ms)

Prepare: number of updated asset objects reloaded= 0
========================================================================
Received Prepare
Refreshing native plugins compatible for Editor in 12.30 ms, found 2 plugins.
Preloading 0 native plugins for Editor in 0.00 ms.
Unloading 13 Unused Serialized files (Serialized files now loaded: 0)
Unloading 3181 unused Assets / (3.1 MB). Loaded Objects now: 3820.
Memory consumption went from 115.1 MB to 112.1 MB.
Total: 17.713200 ms (FindLiveObjects: 0.652500 ms CreateObjectMapping: 0.277600 ms MarkObjects: 14.827700 ms  DeleteObjects: 1.953700 ms)

Prepare: number of updated asset objects reloaded= 0
========================================================================
Received Prepare
Refreshing native plugins compatible for Editor in 12.50 ms, found 2 plugins.
Preloading 0 native plugins for Editor in 0.00 ms.
Unloading 13 Unused Serialized files (Serialized files now loaded: 0)
Unloading 3180 unused Assets / (3.0 MB). Loaded Objects now: 3819.
Memory consumption went from 115.1 MB to 112.1 MB.
Total: 17.220800 ms (FindLiveObjects: 0.587200 ms CreateObjectMapping: 0.229600 ms MarkObjects: 14.486800 ms  DeleteObjects: 1.915900 ms)

Prepare: number of updated asset objects reloaded= 0
========================================================================
Received Prepare
Refreshing native plugins compatible for Editor in 12.18 ms, found 2 plugins.
Preloading 0 native plugins for Editor in 0.00 ms.
Unloading 13 Unused Serialized files (Serialized files now loaded: 0)
Unloading 3179 unused Assets / (3.0 MB). Loaded Objects now: 3818.
Memory consumption went from 115.1 MB to 112.1 MB.
Total: 16.857700 ms (FindLiveObjects: 0.570600 ms CreateObjectMapping: 0.240500 ms MarkObjects: 14.416600 ms  DeleteObjects: 1.628600 ms)

Prepare: number of updated asset objects reloaded= 0
========================================================================
Received Prepare
Refreshing native plugins compatible for Editor in 13.04 ms, found 2 plugins.
Preloading 0 native plugins for Editor in 0.00 ms.
Unloading 13 Unused Serialized files (Serialized files now loaded: 0)
Unloading 3178 unused Assets / (2.9 MB). Loaded Objects now: 3817.
Memory consumption went from 115.1 MB to 112.2 MB.
Total: 18.188400 ms (FindLiveObjects: 0.574400 ms CreateObjectMapping: 0.277600 ms MarkObjects: 15.534700 ms  DeleteObjects: 1.800300 ms)

Prepare: number of updated asset objects reloaded= 0
========================================================================
Received Prepare
Refreshing native plugins compatible for Editor in 12.39 ms, found 2 plugins.
Preloading 0 native plugins for Editor in 0.00 ms.
Unloading 13 Unused Serialized files (Serialized files now loaded: 0)
Unloading 3177 unused Assets / (3.0 MB). Loaded Objects now: 3816.
Memory consumption went from 115.1 MB to 112.1 MB.
Total: 17.903000 ms (FindLiveObjects: 0.657900 ms CreateObjectMapping: 0.277200 ms MarkObjects: 15.200700 ms  DeleteObjects: 1.766000 ms)

Prepare: number of updated asset objects reloaded= 0
========================================================================
Received Prepare
Refreshing native plugins compatible for Editor in 13.80 ms, found 2 plugins.
Preloading 0 native plugins for Editor in 0.00 ms.
Unloading 13 Unused Serialized files (Serialized files now loaded: 0)
Unloading 3176 unused Assets / (3.0 MB). Loaded Objects now: 3815.
Memory consumption went from 115.1 MB to 112.1 MB.
Total: 17.460500 ms (FindLiveObjects: 0.583100 ms CreateObjectMapping: 0.267800 ms MarkObjects: 14.733000 ms  DeleteObjects: 1.875300 ms)

Prepare: number of updated asset objects reloaded= 0
========================================================================
Received Prepare
Refreshing native plugins compatible for Editor in 12.48 ms, found 2 plugins.
Preloading 0 native plugins for Editor in 0.00 ms.
Unloading 13 Unused Serialized files (Serialized files now loaded: 0)
Unloading 3175 unused Assets / (3.0 MB). Loaded Objects now: 3814.
Memory consumption went from 115.1 MB to 112.1 MB.
Total: 19.000300 ms (FindLiveObjects: 0.841900 ms CreateObjectMapping: 0.304900 ms MarkObjects: 16.007300 ms  DeleteObjects: 1.844900 ms)

Prepare: number of updated asset objects reloaded= 0
========================================================================
Received Prepare
Refreshing native plugins compatible for Editor in 13.45 ms, found 2 plugins.
Preloading 0 native plugins for Editor in 0.00 ms.
Unloading 13 Unused Serialized files (Serialized files now loaded: 0)
Unloading 3174 unused Assets / (3.0 MB). Loaded Objects now: 3813.
Memory consumption went from 115.1 MB to 112.1 MB.
Total: 17.806000 ms (FindLiveObjects: 0.784300 ms CreateObjectMapping: 0.511200 ms MarkObjects: 14.473500 ms  DeleteObjects: 2.035600 ms)

Prepare: number of updated asset objects reloaded= 0
========================================================================
Received Prepare
Refreshing native plugins compatible for Editor in 13.89 ms, found 2 plugins.
Preloading 0 native plugins for Editor in 0.00 ms.
Unloading 13 Unused Serialized files (Serialized files now loaded: 0)
Unloading 3173 unused Assets / (3.0 MB). Loaded Objects now: 3812.
Memory consumption went from 115.1 MB to 112.1 MB.
Total: 18.546300 ms (FindLiveObjects: 0.568100 ms CreateObjectMapping: 0.236200 ms MarkObjects: 15.278500 ms  DeleteObjects: 2.460900 ms)

Prepare: number of updated asset objects reloaded= 0
========================================================================
Received Prepare
Refreshing native plugins compatible for Editor in 13.44 ms, found 2 plugins.
Preloading 0 native plugins for Editor in 0.00 ms.
Unloading 13 Unused Serialized files (Serialized files now loaded: 0)
Unloading 3172 unused Assets / (3.1 MB). Loaded Objects now: 3811.
Memory consumption went from 115.1 MB to 112.0 MB.
Total: 17.970300 ms (FindLiveObjects: 0.586200 ms CreateObjectMapping: 0.238900 ms MarkObjects: 15.211500 ms  DeleteObjects: 1.932100 ms)

Prepare: number of updated asset objects reloaded= 0
========================================================================
Received Prepare
Refreshing native plugins compatible for Editor in 13.14 ms, found 2 plugins.
Preloading 0 native plugins for Editor in 0.00 ms.
Unloading 13 Unused Serialized files (Serialized files now loaded: 0)
Unloading 3171 unused Assets / (2.9 MB). Loaded Objects now: 3810.
Memory consumption went from 115.1 MB to 112.2 MB.
Total: 17.233100 ms (FindLiveObjects: 0.688200 ms CreateObjectMapping: 0.238700 ms MarkObjects: 14.537300 ms  DeleteObjects: 1.766700 ms)

Prepare: number of updated asset objects reloaded= 0
========================================================================
Received Prepare
Refreshing native plugins compatible for Editor in 12.70 ms, found 2 plugins.
Preloading 0 native plugins for Editor in 0.00 ms.
Unloading 13 Unused Serialized files (Serialized files now loaded: 0)
Unloading 3170 unused Assets / (3.0 MB). Loaded Objects now: 3809.
Memory consumption went from 115.1 MB to 112.1 MB.
Total: 17.334400 ms (FindLiveObjects: 0.611200 ms CreateObjectMapping: 0.253300 ms MarkObjects: 14.853500 ms  DeleteObjects: 1.614500 ms)

Prepare: number of updated asset objects reloaded= 0
========================================================================
Received Prepare
Refreshing native plugins compatible for Editor in 12.44 ms, found 2 plugins.
Preloading 0 native plugins for Editor in 0.00 ms.
Unloading 13 Unused Serialized files (Serialized files now loaded: 0)
Unloading 3169 unused Assets / (2.6 MB). Loaded Objects now: 3808.
Memory consumption went from 115.1 MB to 112.4 MB.
Total: 16.554400 ms (FindLiveObjects: 0.620400 ms CreateObjectMapping: 0.267500 ms MarkObjects: 13.895300 ms  DeleteObjects: 1.769700 ms)

Prepare: number of updated asset objects reloaded= 0
========================================================================
Received Prepare
Refreshing native plugins compatible for Editor in 12.31 ms, found 2 plugins.
Preloading 0 native plugins for Editor in 0.00 ms.
Unloading 13 Unused Serialized files (Serialized files now loaded: 0)
Unloading 3168 unused Assets / (2.9 MB). Loaded Objects now: 3807.
Memory consumption went from 115.1 MB to 112.2 MB.
Total: 16.677000 ms (FindLiveObjects: 0.595800 ms CreateObjectMapping: 0.225200 ms MarkObjects: 14.390800 ms  DeleteObjects: 1.463900 ms)

Prepare: number of updated asset objects reloaded= 0
========================================================================
Received Prepare
Refreshing native plugins compatible for Editor in 14.19 ms, found 2 plugins.
Preloading 0 native plugins for Editor in 0.00 ms.
Unloading 13 Unused Serialized files (Serialized files now loaded: 0)
Unloading 3167 unused Assets / (3.0 MB). Loaded Objects now: 3806.
Memory consumption went from 115.1 MB to 112.1 MB.
Total: 17.878500 ms (FindLiveObjects: 0.656000 ms CreateObjectMapping: 0.266400 ms MarkObjects: 14.897900 ms  DeleteObjects: 2.056400 ms)

Prepare: number of updated asset objects reloaded= 0
========================================================================
Received Prepare
Refreshing native plugins compatible for Editor in 16.97 ms, found 2 plugins.
Preloading 0 native plugins for Editor in 0.00 ms.
Unloading 13 Unused Serialized files (Serialized files now loaded: 0)
Unloading 3166 unused Assets / (2.9 MB). Loaded Objects now: 3805.
Memory consumption went from 115.1 MB to 112.2 MB.
Total: 18.978500 ms (FindLiveObjects: 0.630000 ms CreateObjectMapping: 0.436100 ms MarkObjects: 15.883700 ms  DeleteObjects: 2.027300 ms)

Prepare: number of updated asset objects reloaded= 0
========================================================================
Received Prepare
Refreshing native plugins compatible for Editor in 13.89 ms, found 2 plugins.
Preloading 0 native plugins for Editor in 0.00 ms.
Unloading 13 Unused Serialized files (Serialized files now loaded: 0)
Unloading 3165 unused Assets / (2.6 MB). Loaded Objects now: 3804.
Memory consumption went from 115.1 MB to 112.5 MB.
Total: 17.032900 ms (FindLiveObjects: 0.631200 ms CreateObjectMapping: 0.258000 ms MarkObjects: 14.374800 ms  DeleteObjects: 1.767800 ms)

Prepare: number of updated asset objects reloaded= 0
========================================================================
Received Prepare
Refreshing native plugins compatible for Editor in 12.51 ms, found 2 plugins.
Preloading 0 native plugins for Editor in 0.00 ms.
Unloading 13 Unused Serialized files (Serialized files now loaded: 0)
Unloading 3164 unused Assets / (3.0 MB). Loaded Objects now: 3803.
Memory consumption went from 115.1 MB to 112.1 MB.
Total: 16.614400 ms (FindLiveObjects: 0.561600 ms CreateObjectMapping: 0.284800 ms MarkObjects: 13.839400 ms  DeleteObjects: 1.927300 ms)

Prepare: number of updated asset objects reloaded= 0
========================================================================
Received Prepare
Refreshing native plugins compatible for Editor in 13.00 ms, found 2 plugins.
Preloading 0 native plugins for Editor in 0.00 ms.
Unloading 13 Unused Serialized files (Serialized files now loaded: 0)
Unloading 3163 unused Assets / (3.1 MB). Loaded Objects now: 3802.
Memory consumption went from 115.1 MB to 112.0 MB.
Total: 17.554200 ms (FindLiveObjects: 0.640600 ms CreateObjectMapping: 0.238800 ms MarkObjects: 14.619200 ms  DeleteObjects: 2.054300 ms)

Prepare: number of updated asset objects reloaded= 0
========================================================================
Received Prepare
Refreshing native plugins compatible for Editor in 13.48 ms, found 2 plugins.
Preloading 0 native plugins for Editor in 0.00 ms.
Unloading 13 Unused Serialized files (Serialized files now loaded: 0)
Unloading 3162 unused Assets / (3.1 MB). Loaded Objects now: 3801.
Memory consumption went from 115.1 MB to 112.0 MB.
Total: 19.053200 ms (FindLiveObjects: 0.753200 ms CreateObjectMapping: 0.260300 ms MarkObjects: 16.128100 ms  DeleteObjects: 1.908500 ms)

Prepare: number of updated asset objects reloaded= 0
========================================================================
Received Prepare
Refreshing native plugins compatible for Editor in 12.89 ms, found 2 plugins.
Preloading 0 native plugins for Editor in 0.00 ms.
Unloading 13 Unused Serialized files (Serialized files now loaded: 0)
Unloading 3161 unused Assets / (2.9 MB). Loaded Objects now: 3800.
Memory consumption went from 115.1 MB to 112.1 MB.
Total: 16.436200 ms (FindLiveObjects: 0.615200 ms CreateObjectMapping: 0.223100 ms MarkObjects: 13.947300 ms  DeleteObjects: 1.648900 ms)

Prepare: number of updated asset objects reloaded= 0
========================================================================
Received Prepare
Refreshing native plugins compatible for Editor in 12.83 ms, found 2 plugins.
Preloading 0 native plugins for Editor in 0.00 ms.
Unloading 13 Unused Serialized files (Serialized files now loaded: 0)
Unloading 3160 unused Assets / (3.1 MB). Loaded Objects now: 3799.
Memory consumption went from 115.1 MB to 111.9 MB.
Total: 17.164600 ms (FindLiveObjects: 0.663300 ms CreateObjectMapping: 0.268600 ms MarkObjects: 14.500000 ms  DeleteObjects: 1.731400 ms)

Prepare: number of updated asset objects reloaded= 0
========================================================================
Received Prepare
Refreshing native plugins compatible for Editor in 14.04 ms, found 2 plugins.
Preloading 0 native plugins for Editor in 0.00 ms.
Unloading 13 Unused Serialized files (Serialized files now loaded: 0)
Unloading 3159 unused Assets / (3.1 MB). Loaded Objects now: 3798.
Memory consumption went from 115.1 MB to 112.0 MB.
Total: 18.240600 ms (FindLiveObjects: 0.621500 ms CreateObjectMapping: 0.241900 ms MarkObjects: 15.124600 ms  DeleteObjects: 2.250900 ms)

Prepare: number of updated asset objects reloaded= 0
========================================================================
Received Prepare
Refreshing native plugins compatible for Editor in 12.39 ms, found 2 plugins.
Preloading 0 native plugins for Editor in 0.00 ms.
Unloading 13 Unused Serialized files (Serialized files now loaded: 0)
Unloading 3158 unused Assets / (3.0 MB). Loaded Objects now: 3797.
Memory consumption went from 115.1 MB to 112.1 MB.
Total: 17.073400 ms (FindLiveObjects: 0.661500 ms CreateObjectMapping: 0.234800 ms MarkObjects: 14.479700 ms  DeleteObjects: 1.695700 ms)

Prepare: number of updated asset objects reloaded= 0
========================================================================
Received Prepare
Refreshing native plugins compatible for Editor in 13.04 ms, found 2 plugins.
Preloading 0 native plugins for Editor in 0.00 ms.
Unloading 13 Unused Serialized files (Serialized files now loaded: 0)
Unloading 3157 unused Assets / (3.0 MB). Loaded Objects now: 3796.
Memory consumption went from 115.1 MB to 112.0 MB.
Total: 19.190200 ms (FindLiveObjects: 0.551200 ms CreateObjectMapping: 0.205400 ms MarkObjects: 16.680800 ms  DeleteObjects: 1.751400 ms)

Prepare: number of updated asset objects reloaded= 0
========================================================================
Received Prepare
Refreshing native plugins compatible for Editor in 13.65 ms, found 2 plugins.
Preloading 0 native plugins for Editor in 0.00 ms.
Unloading 13 Unused Serialized files (Serialized files now loaded: 0)
Unloading 3156 unused Assets / (3.0 MB). Loaded Objects now: 3795.
Memory consumption went from 115.1 MB to 112.1 MB.
Total: 16.072800 ms (FindLiveObjects: 0.603100 ms CreateObjectMapping: 0.221400 ms MarkObjects: 13.569600 ms  DeleteObjects: 1.677400 ms)

Prepare: number of updated asset objects reloaded= 0
========================================================================
Received Prepare
Refreshing native plugins compatible for Editor in 12.26 ms, found 2 plugins.
Preloading 0 native plugins for Editor in 0.00 ms.
Unloading 13 Unused Serialized files (Serialized files now loaded: 0)
Unloading 3155 unused Assets / (3.0 MB). Loaded Objects now: 3794.
Memory consumption went from 115.1 MB to 112.1 MB.
Total: 17.482500 ms (FindLiveObjects: 0.572500 ms CreateObjectMapping: 0.239400 ms MarkObjects: 14.895700 ms  DeleteObjects: 1.773700 ms)

Prepare: number of updated asset objects reloaded= 0
========================================================================
Received Prepare
Refreshing native plugins compatible for Editor in 11.14 ms, found 2 plugins.
Preloading 0 native plugins for Editor in 0.00 ms.
Unloading 13 Unused Serialized files (Serialized files now loaded: 0)
Unloading 3154 unused Assets / (3.1 MB). Loaded Objects now: 3793.
Memory consumption went from 115.1 MB to 112.0 MB.
Total: 18.105600 ms (FindLiveObjects: 0.648900 ms CreateObjectMapping: 0.254200 ms MarkObjects: 15.132900 ms  DeleteObjects: 2.066600 ms)

Prepare: number of updated asset objects reloaded= 0
========================================================================
Received Prepare
Refreshing native plugins compatible for Editor in 15.32 ms, found 2 plugins.
Preloading 0 native plugins for Editor in 0.00 ms.
Unloading 13 Unused Serialized files (Serialized files now loaded: 0)
Unloading 3153 unused Assets / (3.2 MB). Loaded Objects now: 3792.
Memory consumption went from 115.1 MB to 111.9 MB.
Total: 19.285800 ms (FindLiveObjects: 0.676200 ms CreateObjectMapping: 0.701600 ms MarkObjects: 16.017200 ms  DeleteObjects: 1.889300 ms)

Prepare: number of updated asset objects reloaded= 0
========================================================================
Received Prepare
Refreshing native plugins compatible for Editor in 13.37 ms, found 2 plugins.
Preloading 0 native plugins for Editor in 0.00 ms.
Unloading 13 Unused Serialized files (Serialized files now loaded: 0)
Unloading 3152 unused Assets / (3.0 MB). Loaded Objects now: 3791.
Memory consumption went from 115.1 MB to 112.0 MB.
Total: 18.359000 ms (FindLiveObjects: 0.636900 ms CreateObjectMapping: 0.221200 ms MarkObjects: 15.434200 ms  DeleteObjects: 2.065300 ms)

Prepare: number of updated asset objects reloaded= 0
========================================================================
Received Prepare
Refreshing native plugins compatible for Editor in 12.25 ms, found 2 plugins.
Preloading 0 native plugins for Editor in 0.00 ms.
Unloading 13 Unused Serialized files (Serialized files now loaded: 0)
Unloading 3151 unused Assets / (3.0 MB). Loaded Objects now: 3790.
Memory consumption went from 115.1 MB to 112.0 MB.
Total: 17.844100 ms (FindLiveObjects: 0.621500 ms CreateObjectMapping: 0.246600 ms MarkObjects: 14.713000 ms  DeleteObjects: 2.261800 ms)

Prepare: number of updated asset objects reloaded= 0
========================================================================
Received Prepare
Refreshing native plugins compatible for Editor in 12.17 ms, found 2 plugins.
Preloading 0 native plugins for Editor in 0.00 ms.
Unloading 13 Unused Serialized files (Serialized files now loaded: 0)
Unloading 3150 unused Assets / (3.1 MB). Loaded Objects now: 3789.
Memory consumption went from 115.1 MB to 112.0 MB.
Total: 17.680000 ms (FindLiveObjects: 0.616800 ms CreateObjectMapping: 0.250000 ms MarkObjects: 14.994100 ms  DeleteObjects: 1.817200 ms)

Prepare: number of updated asset objects reloaded= 0
========================================================================
Received Prepare
Refreshing native plugins compatible for Editor in 13.02 ms, found 2 plugins.
Preloading 0 native plugins for Editor in 0.00 ms.
Unloading 13 Unused Serialized files (Serialized files now loaded: 0)
Unloading 3149 unused Assets / (2.9 MB). Loaded Objects now: 3788.
Memory consumption went from 115.0 MB to 112.1 MB.
Total: 18.005100 ms (FindLiveObjects: 0.580700 ms CreateObjectMapping: 0.275600 ms MarkObjects: 15.778100 ms  DeleteObjects: 1.369300 ms)

Prepare: number of updated asset objects reloaded= 0
========================================================================
Received Prepare
Refreshing native plugins compatible for Editor in 12.06 ms, found 2 plugins.
Preloading 0 native plugins for Editor in 0.00 ms.
Unloading 13 Unused Serialized files (Serialized files now loaded: 0)
Unloading 3148 unused Assets / (3.0 MB). Loaded Objects now: 3787.
Memory consumption went from 115.0 MB to 112.1 MB.
Total: 18.468500 ms (FindLiveObjects: 0.671600 ms CreateObjectMapping: 0.246700 ms MarkObjects: 15.844400 ms  DeleteObjects: 1.704500 ms)

Prepare: number of updated asset objects reloaded= 0
========================================================================
Received Prepare
Refreshing native plugins compatible for Editor in 12.64 ms, found 2 plugins.
Preloading 0 native plugins for Editor in 0.00 ms.
Unloading 13 Unused Serialized files (Serialized files now loaded: 0)
Unloading 3147 unused Assets / (3.1 MB). Loaded Objects now: 3786.
Memory consumption went from 115.0 MB to 111.9 MB.
Total: 19.245600 ms (FindLiveObjects: 0.691300 ms CreateObjectMapping: 0.257800 ms MarkObjects: 16.131300 ms  DeleteObjects: 2.163400 ms)

Prepare: number of updated asset objects reloaded= 0
========================================================================
Received Prepare
Refreshing native plugins compatible for Editor in 12.57 ms, found 2 plugins.
Preloading 0 native plugins for Editor in 0.00 ms.
Unloading 13 Unused Serialized files (Serialized files now loaded: 0)
Unloading 3146 unused Assets / (2.4 MB). Loaded Objects now: 3785.
Memory consumption went from 115.0 MB to 112.6 MB.
Total: 17.340100 ms (FindLiveObjects: 0.646300 ms CreateObjectMapping: 0.275000 ms MarkObjects: 14.711100 ms  DeleteObjects: 1.706600 ms)

Prepare: number of updated asset objects reloaded= 0
========================================================================
Received Prepare
Refreshing native plugins compatible for Editor in 13.08 ms, found 2 plugins.
Preloading 0 native plugins for Editor in 0.00 ms.
Unloading 13 Unused Serialized files (Serialized files now loaded: 0)
Unloading 3145 unused Assets / (3.0 MB). Loaded Objects now: 3784.
Memory consumption went from 115.0 MB to 112.1 MB.
Total: 18.070400 ms (FindLiveObjects: 0.664400 ms CreateObjectMapping: 0.296400 ms MarkObjects: 15.376100 ms  DeleteObjects: 1.732100 ms)

Prepare: number of updated asset objects reloaded= 0
========================================================================
Received Prepare
Refreshing native plugins compatible for Editor in 13.90 ms, found 2 plugins.
Preloading 0 native plugins for Editor in 0.00 ms.
Unloading 13 Unused Serialized files (Serialized files now loaded: 0)
Unloading 3144 unused Assets / (2.9 MB). Loaded Objects now: 3783.
Memory consumption went from 115.0 MB to 112.1 MB.
Total: 17.609000 ms (FindLiveObjects: 0.622900 ms CreateObjectMapping: 0.236800 ms MarkObjects: 14.789500 ms  DeleteObjects: 1.958700 ms)

Prepare: number of updated asset objects reloaded= 0
========================================================================
Received Prepare
Refreshing native plugins compatible for Editor in 14.10 ms, found 2 plugins.
Preloading 0 native plugins for Editor in 0.00 ms.
Unloading 13 Unused Serialized files (Serialized files now loaded: 0)
Unloading 3143 unused Assets / (3.2 MB). Loaded Objects now: 3782.
Memory consumption went from 115.0 MB to 111.9 MB.
Total: 17.766300 ms (FindLiveObjects: 0.637800 ms CreateObjectMapping: 0.614300 ms MarkObjects: 14.504500 ms  DeleteObjects: 2.008200 ms)

Prepare: number of updated asset objects reloaded= 0
========================================================================
Received Prepare
Refreshing native plugins compatible for Editor in 12.51 ms, found 2 plugins.
Preloading 0 native plugins for Editor in 0.00 ms.
Unloading 13 Unused Serialized files (Serialized files now loaded: 0)
Unloading 3142 unused Assets / (3.0 MB). Loaded Objects now: 3781.
Memory consumption went from 115.0 MB to 112.0 MB.
Total: 17.310400 ms (FindLiveObjects: 0.581500 ms CreateObjectMapping: 0.245600 ms MarkObjects: 14.663700 ms  DeleteObjects: 1.818300 ms)

Prepare: number of updated asset objects reloaded= 0
========================================================================
Received Prepare
Refreshing native plugins compatible for Editor in 18.17 ms, found 2 plugins.
Preloading 0 native plugins for Editor in 0.00 ms.
Unloading 13 Unused Serialized files (Serialized files now loaded: 0)
Unloading 3141 unused Assets / (2.2 MB). Loaded Objects now: 3780.
Memory consumption went from 115.0 MB to 112.8 MB.
Total: 21.451900 ms (FindLiveObjects: 0.605100 ms CreateObjectMapping: 0.213700 ms MarkObjects: 17.027200 ms  DeleteObjects: 3.604000 ms)

Prepare: number of updated asset objects reloaded= 0
========================================================================
Received Prepare
Refreshing native plugins compatible for Editor in 12.74 ms, found 2 plugins.
Preloading 0 native plugins for Editor in 0.00 ms.
Unloading 13 Unused Serialized files (Serialized files now loaded: 0)
Unloading 3140 unused Assets / (3.1 MB). Loaded Objects now: 3779.
Memory consumption went from 115.0 MB to 112.0 MB.
Total: 19.493000 ms (FindLiveObjects: 0.635500 ms CreateObjectMapping: 0.565500 ms MarkObjects: 16.287700 ms  DeleteObjects: 2.002900 ms)

Prepare: number of updated asset objects reloaded= 0
========================================================================
Received Prepare
Refreshing native plugins compatible for Editor in 11.93 ms, found 2 plugins.
Preloading 0 native plugins for Editor in 0.00 ms.
Unloading 13 Unused Serialized files (Serialized files now loaded: 0)
Unloading 3139 unused Assets / (3.1 MB). Loaded Objects now: 3778.
Memory consumption went from 115.0 MB to 111.9 MB.
Total: 17.294600 ms (FindLiveObjects: 0.714100 ms CreateObjectMapping: 0.252000 ms MarkObjects: 14.543800 ms  DeleteObjects: 1.782700 ms)

Prepare: number of updated asset objects reloaded= 0
========================================================================
Received Prepare
Refreshing native plugins compatible for Editor in 14.91 ms, found 2 plugins.
Preloading 0 native plugins for Editor in 0.00 ms.
Unloading 13 Unused Serialized files (Serialized files now loaded: 0)
Unloading 3138 unused Assets / (3.3 MB). Loaded Objects now: 3777.
Memory consumption went from 115.0 MB to 111.8 MB.
Total: 21.454100 ms (FindLiveObjects: 0.752100 ms CreateObjectMapping: 0.892600 ms MarkObjects: 17.274800 ms  DeleteObjects: 2.533100 ms)

Prepare: number of updated asset objects reloaded= 0
========================================================================
Received Prepare
Refreshing native plugins compatible for Editor in 13.25 ms, found 2 plugins.
Preloading 0 native plugins for Editor in 0.00 ms.
Unloading 13 Unused Serialized files (Serialized files now loaded: 0)
Unloading 3137 unused Assets / (3.2 MB). Loaded Objects now: 3776.
Memory consumption went from 115.0 MB to 111.9 MB.
Total: 17.374700 ms (FindLiveObjects: 0.628200 ms CreateObjectMapping: 0.268400 ms MarkObjects: 14.394300 ms  DeleteObjects: 2.082100 ms)

Prepare: number of updated asset objects reloaded= 0
========================================================================
Received Prepare
Refreshing native plugins compatible for Editor in 11.72 ms, found 2 plugins.
Preloading 0 native plugins for Editor in 0.00 ms.
Unloading 13 Unused Serialized files (Serialized files now loaded: 0)
Unloading 3136 unused Assets / (3.0 MB). Loaded Objects now: 3775.
Memory consumption went from 115.0 MB to 112.0 MB.
Total: 16.467100 ms (FindLiveObjects: 0.656900 ms CreateObjectMapping: 0.239300 ms MarkObjects: 13.841300 ms  DeleteObjects: 1.728400 ms)

Prepare: number of updated asset objects reloaded= 0
========================================================================
Received Prepare
Refreshing native plugins compatible for Editor in 12.20 ms, found 2 plugins.
Preloading 0 native plugins for Editor in 0.00 ms.
Unloading 13 Unused Serialized files (Serialized files now loaded: 0)
Unloading 3135 unused Assets / (3.1 MB). Loaded Objects now: 3774.
Memory consumption went from 115.0 MB to 112.0 MB.
Total: 17.845500 ms (FindLiveObjects: 0.596700 ms CreateObjectMapping: 0.234700 ms MarkObjects: 15.130700 ms  DeleteObjects: 1.881200 ms)

Prepare: number of updated asset objects reloaded= 0
========================================================================
Received Prepare
Refreshing native plugins compatible for Editor in 13.42 ms, found 2 plugins.
Preloading 0 native plugins for Editor in 0.00 ms.
Unloading 13 Unused Serialized files (Serialized files now loaded: 0)
Unloading 3134 unused Assets / (3.0 MB). Loaded Objects now: 3773.
Memory consumption went from 115.0 MB to 112.0 MB.
Total: 17.448800 ms (FindLiveObjects: 0.706600 ms CreateObjectMapping: 0.262200 ms MarkObjects: 14.305500 ms  DeleteObjects: 2.172300 ms)

Prepare: number of updated asset objects reloaded= 0
========================================================================
Received Prepare
Refreshing native plugins compatible for Editor in 12.75 ms, found 2 plugins.
Preloading 0 native plugins for Editor in 0.00 ms.
Unloading 13 Unused Serialized files (Serialized files now loaded: 0)
Unloading 3133 unused Assets / (3.0 MB). Loaded Objects now: 3772.
Memory consumption went from 115.0 MB to 112.0 MB.
Total: 17.821700 ms (FindLiveObjects: 0.573900 ms CreateObjectMapping: 0.279500 ms MarkObjects: 15.167000 ms  DeleteObjects: 1.799500 ms)

Prepare: number of updated asset objects reloaded= 0
========================================================================
Received Prepare
Refreshing native plugins compatible for Editor in 13.16 ms, found 2 plugins.
Preloading 0 native plugins for Editor in 0.00 ms.
Unloading 13 Unused Serialized files (Serialized files now loaded: 0)
Unloading 3132 unused Assets / (3.0 MB). Loaded Objects now: 3771.
Memory consumption went from 115.0 MB to 112.1 MB.
Total: 18.039200 ms (FindLiveObjects: 0.650200 ms CreateObjectMapping: 0.283000 ms MarkObjects: 15.403100 ms  DeleteObjects: 1.701200 ms)

Prepare: number of updated asset objects reloaded= 0
========================================================================
Received Prepare
Refreshing native plugins compatible for Editor in 19.57 ms, found 2 plugins.
Preloading 0 native plugins for Editor in 0.00 ms.
Unloading 13 Unused Serialized files (Serialized files now loaded: 0)
Unloading 3131 unused Assets / (2.6 MB). Loaded Objects now: 3770.
Memory consumption went from 115.0 MB to 112.4 MB.
Total: 22.388100 ms (FindLiveObjects: 0.791800 ms CreateObjectMapping: 0.270400 ms MarkObjects: 18.195100 ms  DeleteObjects: 3.129200 ms)

Prepare: number of updated asset objects reloaded= 0
========================================================================
Received Prepare
Refreshing native plugins compatible for Editor in 135.53 ms, found 2 plugins.
Preloading 0 native plugins for Editor in 0.00 ms.
Unloading 13 Unused Serialized files (Serialized files now loaded: 0)
Unloading 3130 unused Assets / (3.1 MB). Loaded Objects now: 3769.
Memory consumption went from 115.0 MB to 111.9 MB.
Total: 46.964600 ms (FindLiveObjects: 0.745200 ms CreateObjectMapping: 0.822500 ms MarkObjects: 18.535200 ms  DeleteObjects: 26.859600 ms)

Prepare: number of updated asset objects reloaded= 0
========================================================================
Received Prepare
Refreshing native plugins compatible for Editor in 12.31 ms, found 2 plugins.
Preloading 0 native plugins for Editor in 0.00 ms.
Unloading 13 Unused Serialized files (Serialized files now loaded: 0)
Unloading 3129 unused Assets / (3.0 MB). Loaded Objects now: 3768.
Memory consumption went from 115.0 MB to 112.0 MB.
Total: 19.230000 ms (FindLiveObjects: 1.181500 ms CreateObjectMapping: 0.436700 ms MarkObjects: 15.648300 ms  DeleteObjects: 1.961000 ms)

Prepare: number of updated asset objects reloaded= 0
========================================================================
Received Prepare
Refreshing native plugins compatible for Editor in 11.99 ms, found 2 plugins.
Preloading 0 native plugins for Editor in 0.00 ms.
Unloading 13 Unused Serialized files (Serialized files now loaded: 0)
Unloading 3128 unused Assets / (3.1 MB). Loaded Objects now: 3767.
Memory consumption went from 115.0 MB to 111.9 MB.
Total: 17.797700 ms (FindLiveObjects: 0.682700 ms CreateObjectMapping: 0.300600 ms MarkObjects: 14.787600 ms  DeleteObjects: 2.024900 ms)

Prepare: number of updated asset objects reloaded= 0
========================================================================
Received Prepare
Refreshing native plugins compatible for Editor in 13.71 ms, found 2 plugins.
Preloading 0 native plugins for Editor in 0.00 ms.
Unloading 13 Unused Serialized files (Serialized files now loaded: 0)
Unloading 3127 unused Assets / (3.0 MB). Loaded Objects now: 3766.
Memory consumption went from 115.0 MB to 112.0 MB.
Total: 23.695500 ms (FindLiveObjects: 1.559800 ms CreateObjectMapping: 0.450100 ms MarkObjects: 19.844400 ms  DeleteObjects: 1.839700 ms)

Prepare: number of updated asset objects reloaded= 0
========================================================================
Received Prepare
Refreshing native plugins compatible for Editor in 12.14 ms, found 2 plugins.
Preloading 0 native plugins for Editor in 0.00 ms.
Unloading 13 Unused Serialized files (Serialized files now loaded: 0)
Unloading 3126 unused Assets / (2.5 MB). Loaded Objects now: 3765.
Memory consumption went from 115.0 MB to 112.5 MB.
Total: 17.855900 ms (FindLiveObjects: 0.640000 ms CreateObjectMapping: 0.274200 ms MarkObjects: 14.857400 ms  DeleteObjects: 2.082900 ms)

Prepare: number of updated asset objects reloaded= 0
========================================================================
Received Prepare
Refreshing native plugins compatible for Editor in 14.99 ms, found 2 plugins.
Preloading 0 native plugins for Editor in 0.00 ms.
Unloading 13 Unused Serialized files (Serialized files now loaded: 0)
Unloading 3125 unused Assets / (3.0 MB). Loaded Objects now: 3764.
Memory consumption went from 115.0 MB to 112.0 MB.
Total: 21.615000 ms (FindLiveObjects: 1.363100 ms CreateObjectMapping: 0.478600 ms MarkObjects: 17.896500 ms  DeleteObjects: 1.875200 ms)

Prepare: number of updated asset objects reloaded= 0
========================================================================
Received Prepare
Refreshing native plugins compatible for Editor in 12.10 ms, found 2 plugins.
Preloading 0 native plugins for Editor in 0.00 ms.
Unloading 13 Unused Serialized files (Serialized files now loaded: 0)
Unloading 3124 unused Assets / (2.9 MB). Loaded Objects now: 3763.
Memory consumption went from 115.0 MB to 112.1 MB.
Total: 18.412800 ms (FindLiveObjects: 0.744700 ms CreateObjectMapping: 0.532200 ms MarkObjects: 15.212400 ms  DeleteObjects: 1.921800 ms)

Prepare: number of updated asset objects reloaded= 0
========================================================================
Received Prepare
Refreshing native plugins compatible for Editor in 12.54 ms, found 2 plugins.
Preloading 0 native plugins for Editor in 0.00 ms.
Unloading 13 Unused Serialized files (Serialized files now loaded: 0)
Unloading 3123 unused Assets / (2.9 MB). Loaded Objects now: 3762.
Memory consumption went from 115.0 MB to 112.1 MB.
Total: 17.768900 ms (FindLiveObjects: 0.663400 ms CreateObjectMapping: 0.288200 ms MarkObjects: 14.993900 ms  DeleteObjects: 1.821800 ms)

Prepare: number of updated asset objects reloaded= 0
========================================================================
Received Prepare
Begin MonoManager ReloadAssembly
Symbol file LoadedFromMemory is not a mono symbol file
- Loaded All Assemblies, in  0.512 seconds
Refreshing native plugins compatible for Editor in 9.25 ms, found 2 plugins.
Native extension for iOS target not found
Native extension for Android target not found
Native extension for WindowsStandalone target not found
GPGSUpgrader start
UnityEngine.Debug:ExtractStackTraceNoAlloc (byte*,int,string)
UnityEngine.StackTraceUtility:ExtractStackTrace ()
UnityEngine.DebugLogHandler:Internal_Log (UnityEngine.LogType,UnityEngine.LogOption,string,UnityEngine.Object)
UnityEngine.DebugLogHandler:LogFormat (UnityEngine.LogType,UnityEngine.Object,string,object[])
UnityEngine.Logger:Log (UnityEngine.LogType,object)
UnityEngine.Debug:Log (object)
GooglePlayGames.Editor.GPGSUpgrader:.cctor () (at Assets/GooglePlayGames/Editor/GPGSUpgrader.cs:38)
System.Runtime.CompilerServices.RuntimeHelpers:RunClassConstructor (System.RuntimeTypeHandle)
UnityEditor.EditorAssemblies:ProcessInitializeOnLoadAttributes (System.Type[])

(Filename: Assets/GooglePlayGames/Editor/GPGSUpgrader.cs Line: 38)

GPGSUpgrader done
UnityEngine.Debug:ExtractStackTraceNoAlloc (byte*,int,string)
UnityEngine.StackTraceUtility:ExtractStackTrace ()
UnityEngine.DebugLogHandler:Internal_Log (UnityEngine.LogType,UnityEngine.LogOption,string,UnityEngine.Object)
UnityEngine.DebugLogHandler:LogFormat (UnityEngine.LogType,UnityEngine.Object,string,object[])
UnityEngine.Logger:Log (UnityEngine.LogType,object)
UnityEngine.Debug:Log (object)
GooglePlayGames.Editor.GPGSUpgrader:.cctor () (at Assets/GooglePlayGames/Editor/GPGSUpgrader.cs:105)
System.Runtime.CompilerServices.RuntimeHelpers:RunClassConstructor (System.RuntimeTypeHandle)
UnityEditor.EditorAssemblies:ProcessInitializeOnLoadAttributes (System.Type[])

(Filename: Assets/GooglePlayGames/Editor/GPGSUpgrader.cs Line: 105)

Mono: successfully reloaded assembly
- Finished resetting the current domain, in  0.882 seconds
Domain Reload Profiling: 1388ms
	BeginReloadAssembly (145ms)
		ExecutionOrderSort (0ms)
		DisableScriptedObjects (5ms)
		BackupInstance (0ms)
		ReleaseScriptingObjects (0ms)
		CreateAndSetChildDomain (38ms)
	RebuildCommonClasses (30ms)
	RebuildNativeTypeToScriptingClass (10ms)
	initialDomainReloadingComplete (28ms)
	LoadAllAssembliesAndSetupDomain (293ms)
		LoadAssemblies (270ms)
		RebuildTransferFunctionScriptingTraits (0ms)
		AnalyzeDomain (90ms)
			TypeCache.Refresh (5ms)
				TypeCache.ScanAssembly (0ms)
			BuildScriptInfoCaches (80ms)
			ResolveRequiredComponents (3ms)
	FinalizeReload (882ms)
		ReleaseScriptCaches (0ms)
		RebuildScriptCaches (0ms)
		SetupLoadedEditorAssemblies (711ms)
			LogAssemblyErrors (0ms)
			InitializePlatformSupportModulesInManaged (27ms)
			SetLoadedEditorAssemblies (6ms)
			BeforeProcessingInitializeOnLoad (49ms)
			ProcessInitializeOnLoadAttributes (492ms)
			ProcessInitializeOnLoadMethodAttributes (122ms)
			AfterProcessingInitializeOnLoad (12ms)
			EditorAssembliesLoaded (0ms)
		ExecutionOrderSort2 (0ms)
		AwakeInstancesAfterBackupRestoration (5ms)
Refreshing native plugins compatible for Editor in 17.23 ms, found 2 plugins.
Preloading 0 native plugins for Editor in 0.00 ms.
Unloading 13 Unused Serialized files (Serialized files now loaded: 0)
Unloading 3247 unused Assets / (2.9 MB). Loaded Objects now: 3824.
Memory consumption went from 115.3 MB to 112.3 MB.
Total: 18.841400 ms (FindLiveObjects: 0.686900 ms CreateObjectMapping: 0.588300 ms MarkObjects: 15.449700 ms  DeleteObjects: 2.115100 ms)

Prepare: number of updated asset objects reloaded= 0
========================================================================
Received Prepare
Refreshing native plugins compatible for Editor in 12.98 ms, found 2 plugins.
Preloading 0 native plugins for Editor in 0.00 ms.
Unloading 13 Unused Serialized files (Serialized files now loaded: 0)
Unloading 3120 unused Assets / (2.8 MB). Loaded Objects now: 3759.
Memory consumption went from 115.0 MB to 112.2 MB.
Total: 17.522600 ms (FindLiveObjects: 0.668400 ms CreateObjectMapping: 0.261500 ms MarkObjects: 14.775000 ms  DeleteObjects: 1.816300 ms)

Prepare: number of updated asset objects reloaded= 0
========================================================================
Received Prepare
Refreshing native plugins compatible for Editor in 12.25 ms, found 2 plugins.
Preloading 0 native plugins for Editor in 0.00 ms.
Unloading 13 Unused Serialized files (Serialized files now loaded: 0)
Unloading 3120 unused Assets / (3.0 MB). Loaded Objects now: 3759.
Memory consumption went from 115.0 MB to 111.9 MB.
Total: 18.216300 ms (FindLiveObjects: 0.635400 ms CreateObjectMapping: 0.231400 ms MarkObjects: 15.471700 ms  DeleteObjects: 1.876300 ms)

Prepare: number of updated asset objects reloaded= 0
========================================================================
Received Prepare
Refreshing native plugins compatible for Editor in 12.21 ms, found 2 plugins.
Preloading 0 native plugins for Editor in 0.00 ms.
Unloading 13 Unused Serialized files (Serialized files now loaded: 0)
Unloading 3183 unused Assets / (3.0 MB). Loaded Objects now: 3818.
Memory consumption went from 115.1 MB to 112.1 MB.
Total: 17.734900 ms (FindLiveObjects: 0.659900 ms CreateObjectMapping: 0.275900 ms MarkObjects: 14.992200 ms  DeleteObjects: 1.805300 ms)

Prepare: number of updated asset objects reloaded= 0
========================================================================
Received Prepare
Refreshing native plugins compatible for Editor in 11.17 ms, found 2 plugins.
Preloading 0 native plugins for Editor in 0.00 ms.
Unloading 13 Unused Serialized files (Serialized files now loaded: 0)
Unloading 3183 unused Assets / (3.2 MB). Loaded Objects now: 3818.
Memory consumption went from 115.1 MB to 112.0 MB.
Total: 17.773800 ms (FindLiveObjects: 0.632500 ms CreateObjectMapping: 0.236000 ms MarkObjects: 14.895000 ms  DeleteObjects: 2.008900 ms)

Prepare: number of updated asset objects reloaded= 0
========================================================================
Received Prepare
Refreshing native plugins compatible for Editor in 12.82 ms, found 2 plugins.
Preloading 0 native plugins for Editor in 0.00 ms.
Unloading 13 Unused Serialized files (Serialized files now loaded: 0)
Unloading 3183 unused Assets / (3.1 MB). Loaded Objects now: 3818.
Memory consumption went from 115.1 MB to 112.0 MB.
Total: 17.709600 ms (FindLiveObjects: 0.694900 ms CreateObjectMapping: 0.348600 ms MarkObjects: 14.683700 ms  DeleteObjects: 1.981000 ms)

Prepare: number of updated asset objects reloaded= 0
========================================================================
Received Prepare
Refreshing native plugins compatible for Editor in 12.41 ms, found 2 plugins.
Preloading 0 native plugins for Editor in 0.00 ms.
Unloading 13 Unused Serialized files (Serialized files now loaded: 0)
Unloading 3183 unused Assets / (2.8 MB). Loaded Objects now: 3818.
Memory consumption went from 115.1 MB to 112.3 MB.
Total: 18.343800 ms (FindLiveObjects: 0.597100 ms CreateObjectMapping: 0.245300 ms MarkObjects: 15.327800 ms  DeleteObjects: 2.172300 ms)

Prepare: number of updated asset objects reloaded= 0
========================================================================
Received Prepare
Refreshing native plugins compatible for Editor in 13.15 ms, found 2 plugins.
Preloading 0 native plugins for Editor in 0.00 ms.
Unloading 13 Unused Serialized files (Serialized files now loaded: 0)
Unloading 3183 unused Assets / (3.4 MB). Loaded Objects now: 3818.
Memory consumption went from 115.1 MB to 111.7 MB.
Total: 17.678800 ms (FindLiveObjects: 0.637400 ms CreateObjectMapping: 0.321800 ms MarkObjects: 14.527500 ms  DeleteObjects: 2.190700 ms)

Prepare: number of updated asset objects reloaded= 0
========================================================================
Received Prepare
Refreshing native plugins compatible for Editor in 11.31 ms, found 2 plugins.
Preloading 0 native plugins for Editor in 0.00 ms.
Unloading 13 Unused Serialized files (Serialized files now loaded: 0)
Unloading 3183 unused Assets / (2.9 MB). Loaded Objects now: 3818.
Memory consumption went from 115.1 MB to 112.3 MB.
Total: 14.972600 ms (FindLiveObjects: 0.605600 ms CreateObjectMapping: 0.236800 ms MarkObjects: 12.942300 ms  DeleteObjects: 1.186400 ms)

Prepare: number of updated asset objects reloaded= 0
========================================================================
Received Prepare
Refreshing native plugins compatible for Editor in 12.46 ms, found 2 plugins.
Preloading 0 native plugins for Editor in 0.00 ms.
Unloading 13 Unused Serialized files (Serialized files now loaded: 0)
Unloading 3183 unused Assets / (3.1 MB). Loaded Objects now: 3818.
Memory consumption went from 115.1 MB to 112.1 MB.
Total: 18.107100 ms (FindLiveObjects: 0.737700 ms CreateObjectMapping: 0.281200 ms MarkObjects: 15.249200 ms  DeleteObjects: 1.837600 ms)

Prepare: number of updated asset objects reloaded= 0
========================================================================
Received Prepare
Refreshing native plugins compatible for Editor in 13.38 ms, found 2 plugins.
Preloading 0 native plugins for Editor in 0.00 ms.
Unloading 13 Unused Serialized files (Serialized files now loaded: 0)
Unloading 3183 unused Assets / (3.0 MB). Loaded Objects now: 3818.
Memory consumption went from 115.1 MB to 112.1 MB.
Total: 17.783000 ms (FindLiveObjects: 0.618500 ms CreateObjectMapping: 0.264200 ms MarkObjects: 14.966600 ms  DeleteObjects: 1.932400 ms)

Prepare: number of updated asset objects reloaded= 0
========================================================================
Received Prepare
Refreshing native plugins compatible for Editor in 11.78 ms, found 2 plugins.
Preloading 0 native plugins for Editor in 0.00 ms.
Unloading 13 Unused Serialized files (Serialized files now loaded: 0)
Unloading 3183 unused Assets / (3.1 MB). Loaded Objects now: 3818.
Memory consumption went from 115.1 MB to 112.0 MB.
Total: 17.976700 ms (FindLiveObjects: 0.622700 ms CreateObjectMapping: 0.315000 ms MarkObjects: 15.270900 ms  DeleteObjects: 1.766800 ms)

Prepare: number of updated asset objects reloaded= 0
========================================================================
Received Prepare
Refreshing native plugins compatible for Editor in 12.18 ms, found 2 plugins.
Preloading 0 native plugins for Editor in 0.00 ms.
Unloading 13 Unused Serialized files (Serialized files now loaded: 0)
Unloading 3183 unused Assets / (2.7 MB). Loaded Objects now: 3818.
Memory consumption went from 115.1 MB to 112.4 MB.
Total: 17.528500 ms (FindLiveObjects: 0.604100 ms CreateObjectMapping: 0.274500 ms MarkObjects: 14.758500 ms  DeleteObjects: 1.890100 ms)

Prepare: number of updated asset objects reloaded= 0
========================================================================
Received Prepare
Refreshing native plugins compatible for Editor in 12.13 ms, found 2 plugins.
Preloading 0 native plugins for Editor in 0.00 ms.
Unloading 13 Unused Serialized files (Serialized files now loaded: 0)
Unloading 3183 unused Assets / (3.1 MB). Loaded Objects now: 3818.
Memory consumption went from 115.1 MB to 112.0 MB.
Total: 17.644600 ms (FindLiveObjects: 0.649800 ms CreateObjectMapping: 0.244300 ms MarkObjects: 14.906000 ms  DeleteObjects: 1.842100 ms)

Prepare: number of updated asset objects reloaded= 0
========================================================================
Received Prepare
Refreshing native plugins compatible for Editor in 11.14 ms, found 2 plugins.
Preloading 0 native plugins for Editor in 0.00 ms.
Unloading 13 Unused Serialized files (Serialized files now loaded: 0)
Unloading 3183 unused Assets / (3.0 MB). Loaded Objects now: 3818.
Memory consumption went from 115.1 MB to 112.1 MB.
Total: 17.942600 ms (FindLiveObjects: 0.582400 ms CreateObjectMapping: 0.310900 ms MarkObjects: 14.928400 ms  DeleteObjects: 2.119300 ms)

Prepare: number of updated asset objects reloaded= 0
========================================================================
Received Prepare
Refreshing native plugins compatible for Editor in 12.11 ms, found 2 plugins.
Preloading 0 native plugins for Editor in 0.00 ms.
Unloading 13 Unused Serialized files (Serialized files now loaded: 0)
Unloading 3183 unused Assets / (2.7 MB). Loaded Objects now: 3818.
Memory consumption went from 115.1 MB to 112.5 MB.
Total: 17.663200 ms (FindLiveObjects: 0.838400 ms CreateObjectMapping: 0.260000 ms MarkObjects: 14.902400 ms  DeleteObjects: 1.661200 ms)

Prepare: number of updated asset objects reloaded= 0
========================================================================
Received Prepare
Refreshing native plugins compatible for Editor in 12.47 ms, found 2 plugins.
Preloading 0 native plugins for Editor in 0.00 ms.
Unloading 13 Unused Serialized files (Serialized files now loaded: 0)
Unloading 3183 unused Assets / (3.0 MB). Loaded Objects now: 3818.
Memory consumption went from 115.1 MB to 112.1 MB.
Total: 19.286100 ms (FindLiveObjects: 0.573200 ms CreateObjectMapping: 0.239800 ms MarkObjects: 15.248100 ms  DeleteObjects: 3.223300 ms)

Prepare: number of updated asset objects reloaded= 0
========================================================================
Received Prepare
Refreshing native plugins compatible for Editor in 11.96 ms, found 2 plugins.
Preloading 0 native plugins for Editor in 0.00 ms.
Unloading 13 Unused Serialized files (Serialized files now loaded: 0)
Unloading 3183 unused Assets / (3.0 MB). Loaded Objects now: 3818.
Memory consumption went from 115.1 MB to 112.1 MB.
Total: 17.627200 ms (FindLiveObjects: 0.831300 ms CreateObjectMapping: 0.299900 ms MarkObjects: 14.765500 ms  DeleteObjects: 1.728400 ms)

Prepare: number of updated asset objects reloaded= 0
========================================================================
Received Prepare
Refreshing native plugins compatible for Editor in 14.22 ms, found 2 plugins.
Preloading 0 native plugins for Editor in 0.00 ms.
Unloading 13 Unused Serialized files (Serialized files now loaded: 0)
Unloading 3183 unused Assets / (3.1 MB). Loaded Objects now: 3818.
Memory consumption went from 115.1 MB to 112.1 MB.
Total: 17.691800 ms (FindLiveObjects: 0.623100 ms CreateObjectMapping: 0.260200 ms MarkObjects: 14.860400 ms  DeleteObjects: 1.946900 ms)

Prepare: number of updated asset objects reloaded= 0
========================================================================
Received Prepare
Refreshing native plugins compatible for Editor in 12.53 ms, found 2 plugins.
Preloading 0 native plugins for Editor in 0.00 ms.
Unloading 13 Unused Serialized files (Serialized files now loaded: 0)
Unloading 3183 unused Assets / (3.0 MB). Loaded Objects now: 3818.
Memory consumption went from 115.1 MB to 112.1 MB.
Total: 16.547900 ms (FindLiveObjects: 0.599700 ms CreateObjectMapping: 0.235700 ms MarkObjects: 13.965300 ms  DeleteObjects: 1.745900 ms)

Prepare: number of updated asset objects reloaded= 0
========================================================================
Received Prepare
Refreshing native plugins compatible for Editor in 13.55 ms, found 2 plugins.
Preloading 0 native plugins for Editor in 0.00 ms.
Unloading 13 Unused Serialized files (Serialized files now loaded: 0)
Unloading 3183 unused Assets / (3.2 MB). Loaded Objects now: 3818.
Memory consumption went from 115.1 MB to 112.0 MB.
Total: 17.433400 ms (FindLiveObjects: 0.618900 ms CreateObjectMapping: 0.242300 ms MarkObjects: 14.581800 ms  DeleteObjects: 1.988900 ms)

Prepare: number of updated asset objects reloaded= 0
========================================================================
Received Prepare
Refreshing native plugins compatible for Editor in 12.38 ms, found 2 plugins.
Preloading 0 native plugins for Editor in 0.00 ms.
Unloading 13 Unused Serialized files (Serialized files now loaded: 0)
Unloading 3183 unused Assets / (3.0 MB). Loaded Objects now: 3818.
Memory consumption went from 115.1 MB to 112.1 MB.
Total: 18.362200 ms (FindLiveObjects: 0.632700 ms CreateObjectMapping: 0.311700 ms MarkObjects: 15.342300 ms  DeleteObjects: 2.073900 ms)

Prepare: number of updated asset objects reloaded= 0
========================================================================
Received Prepare
Refreshing native plugins compatible for Editor in 12.27 ms, found 2 plugins.
Preloading 0 native plugins for Editor in 0.00 ms.
Unloading 13 Unused Serialized files (Serialized files now loaded: 0)
Unloading 3183 unused Assets / (3.0 MB). Loaded Objects now: 3818.
Memory consumption went from 115.1 MB to 112.1 MB.
Total: 17.154100 ms (FindLiveObjects: 0.689300 ms CreateObjectMapping: 0.302600 ms MarkObjects: 14.794400 ms  DeleteObjects: 1.366100 ms)

Prepare: number of updated asset objects reloaded= 0
========================================================================
Received Prepare
Refreshing native plugins compatible for Editor in 12.76 ms, found 2 plugins.
Preloading 0 native plugins for Editor in 0.00 ms.
Unloading 13 Unused Serialized files (Serialized files now loaded: 0)
Unloading 3183 unused Assets / (3.0 MB). Loaded Objects now: 3818.
Memory consumption went from 115.1 MB to 112.1 MB.
Total: 17.738100 ms (FindLiveObjects: 0.618000 ms CreateObjectMapping: 0.240300 ms MarkObjects: 15.015800 ms  DeleteObjects: 1.858600 ms)

Prepare: number of updated asset objects reloaded= 0
========================================================================
Received Prepare
Refreshing native plugins compatible for Editor in 11.80 ms, found 2 plugins.
Preloading 0 native plugins for Editor in 0.00 ms.
Unloading 13 Unused Serialized files (Serialized files now loaded: 0)
Unloading 3182 unused Assets / (2.6 MB). Loaded Objects now: 3818.
Memory consumption went from 115.1 MB to 112.5 MB.
Total: 17.726900 ms (FindLiveObjects: 0.634900 ms CreateObjectMapping: 0.252300 ms MarkObjects: 15.450400 ms  DeleteObjects: 1.388100 ms)

Prepare: number of updated asset objects reloaded= 0
========================================================================
Received Prepare
Refreshing native plugins compatible for Editor in 12.39 ms, found 2 plugins.
Preloading 0 native plugins for Editor in 0.00 ms.
Unloading 13 Unused Serialized files (Serialized files now loaded: 0)
Unloading 3181 unused Assets / (3.0 MB). Loaded Objects now: 3818.
Memory consumption went from 115.1 MB to 112.1 MB.
Total: 17.363900 ms (FindLiveObjects: 0.592600 ms CreateObjectMapping: 0.223600 ms MarkObjects: 14.753900 ms  DeleteObjects: 1.792100 ms)

Prepare: number of updated asset objects reloaded= 0
========================================================================
Received Prepare
Refreshing native plugins compatible for Editor in 12.90 ms, found 2 plugins.
Preloading 0 native plugins for Editor in 0.00 ms.
Unloading 13 Unused Serialized files (Serialized files now loaded: 0)
Unloading 3180 unused Assets / (2.8 MB). Loaded Objects now: 3818.
Memory consumption went from 115.1 MB to 112.3 MB.
Total: 18.490600 ms (FindLiveObjects: 0.658700 ms CreateObjectMapping: 0.259300 ms MarkObjects: 15.062600 ms  DeleteObjects: 2.508300 ms)

Prepare: number of updated asset objects reloaded= 0
========================================================================
Received Prepare
Refreshing native plugins compatible for Editor in 12.52 ms, found 2 plugins.
Preloading 0 native plugins for Editor in 0.00 ms.
Unloading 13 Unused Serialized files (Serialized files now loaded: 0)
Unloading 3179 unused Assets / (2.9 MB). Loaded Objects now: 3818.
Memory consumption went from 115.1 MB to 112.2 MB.
Total: 17.444700 ms (FindLiveObjects: 0.637700 ms CreateObjectMapping: 0.296600 ms MarkObjects: 14.874300 ms  DeleteObjects: 1.635000 ms)

Prepare: number of updated asset objects reloaded= 0
========================================================================
Received Prepare
Refreshing native plugins compatible for Editor in 13.39 ms, found 2 plugins.
Preloading 0 native plugins for Editor in 0.00 ms.
Unloading 13 Unused Serialized files (Serialized files now loaded: 0)
Unloading 3179 unused Assets / (3.0 MB). Loaded Objects now: 3818.
Memory consumption went from 115.1 MB to 112.1 MB.
Total: 16.934400 ms (FindLiveObjects: 0.644200 ms CreateObjectMapping: 0.247900 ms MarkObjects: 14.326600 ms  DeleteObjects: 1.713900 ms)

Prepare: number of updated asset objects reloaded= 0
========================================================================
Received Prepare
Assembly with name 'Google.Play.Games.Editor' already exists (Assets/play-games-plugin-for-unity-2.1.0/Assets/Public/GooglePlayGames/com.google.play.games/Editor/Google.Play.Games.Editor.asmdef)
Assembly with name 'Google.Play.Games.Editor' already exists (Assets/GooglePlayGames/com.google.play.games/Editor/Google.Play.Games.Editor.asmdef)
Assembly with name 'Google.Play.Games' already exists (Assets/GooglePlayGames/com.google.play.games/Runtime/Google.Play.Games.asmdef)
Assembly with name 'Google.Play.Games' already exists (Assets/play-games-plugin-for-unity-2.1.0/Assets/Public/GooglePlayGames/com.google.play.games/Runtime/Google.Play.Games.asmdef)
Assembly with name 'Google.Play.Games.Editor' already exists (Assets/play-games-plugin-for-unity-2.1.0/Assets/Public/GooglePlayGames/com.google.play.games/Editor/Google.Play.Games.Editor.asmdef)
Assembly with name 'Google.Play.Games.Editor' already exists (Assets/GooglePlayGames/com.google.play.games/Editor/Google.Play.Games.Editor.asmdef)
Assembly with name 'Google.Play.Games' already exists (Assets/GooglePlayGames/com.google.play.games/Runtime/Google.Play.Games.asmdef)
Assembly with name 'Google.Play.Games' already exists (Assets/play-games-plugin-for-unity-2.1.0/Assets/Public/GooglePlayGames/com.google.play.games/Runtime/Google.Play.Games.asmdef)
Begin MonoManager ReloadAssembly
Symbol file LoadedFromMemory is not a mono symbol file
- Loaded All Assemblies, in  0.504 seconds
Assembly with name 'Google.Play.Games.Editor' already exists (Assets/play-games-plugin-for-unity-2.1.0/Assets/Public/GooglePlayGames/com.google.play.games/Editor/Google.Play.Games.Editor.asmdef)
Assembly with name 'Google.Play.Games.Editor' already exists (Assets/GooglePlayGames/com.google.play.games/Editor/Google.Play.Games.Editor.asmdef)
Assembly with name 'Google.Play.Games' already exists (Assets/GooglePlayGames/com.google.play.games/Runtime/Google.Play.Games.asmdef)
Assembly with name 'Google.Play.Games' already exists (Assets/play-games-plugin-for-unity-2.1.0/Assets/Public/GooglePlayGames/com.google.play.games/Runtime/Google.Play.Games.asmdef)
Refreshing native plugins compatible for Editor in 7.97 ms, found 2 plugins.
Assertion failed on expression: 'pred(*previous, *i)'
Assertion failed on expression: 'pred(*previous, *i)'
Assertion failed on expression: 'pred(*previous, *i)'
Native extension for iOS target not found
Native extension for Android target not found
Native extension for WindowsStandalone target not found
Assembly with name 'Google.Play.Games.Editor' already exists (Assets/play-games-plugin-for-unity-2.1.0/Assets/Public/GooglePlayGames/com.google.play.games/Editor/Google.Play.Games.Editor.asmdef)
Assembly with name 'Google.Play.Games.Editor' already exists (Assets/GooglePlayGames/com.google.play.games/Editor/Google.Play.Games.Editor.asmdef)
Assembly with name 'Google.Play.Games' already exists (Assets/GooglePlayGames/com.google.play.games/Runtime/Google.Play.Games.asmdef)
Assembly with name 'Google.Play.Games' already exists (Assets/play-games-plugin-for-unity-2.1.0/Assets/Public/GooglePlayGames/com.google.play.games/Runtime/Google.Play.Games.asmdef)
GPGSUpgrader start
UnityEngine.Debug:ExtractStackTraceNoAlloc (byte*,int,string)
UnityEngine.StackTraceUtility:ExtractStackTrace ()
UnityEngine.DebugLogHandler:Internal_Log (UnityEngine.LogType,UnityEngine.LogOption,string,UnityEngine.Object)
UnityEngine.DebugLogHandler:LogFormat (UnityEngine.LogType,UnityEngine.Object,string,object[])
UnityEngine.Logger:Log (UnityEngine.LogType,object)
UnityEngine.Debug:Log (object)
GooglePlayGames.Editor.GPGSUpgrader:.cctor () (at Assets/GooglePlayGames/com.google.play.games/Editor/GPGSUpgrader.cs:38)
System.Runtime.CompilerServices.RuntimeHelpers:RunClassConstructor (System.RuntimeTypeHandle)
UnityEditor.EditorAssemblies:ProcessInitializeOnLoadAttributes (System.Type[])

(Filename: Assets/GooglePlayGames/com.google.play.games/Editor/GPGSUpgrader.cs Line: 38)

GPGSUpgrader done
UnityEngine.Debug:ExtractStackTraceNoAlloc (byte*,int,string)
UnityEngine.StackTraceUtility:ExtractStackTrace ()
UnityEngine.DebugLogHandler:Internal_Log (UnityEngine.LogType,UnityEngine.LogOption,string,UnityEngine.Object)
UnityEngine.DebugLogHandler:LogFormat (UnityEngine.LogType,UnityEngine.Object,string,object[])
UnityEngine.Logger:Log (UnityEngine.LogType,object)
UnityEngine.Debug:Log (object)
GooglePlayGames.Editor.GPGSUpgrader:.cctor () (at Assets/GooglePlayGames/com.google.play.games/Editor/GPGSUpgrader.cs:57)
System.Runtime.CompilerServices.RuntimeHelpers:RunClassConstructor (System.RuntimeTypeHandle)
UnityEditor.EditorAssemblies:ProcessInitializeOnLoadAttributes (System.Type[])

(Filename: Assets/GooglePlayGames/com.google.play.games/Editor/GPGSUpgrader.cs Line: 57)

Mono: successfully reloaded assembly
- Finished resetting the current domain, in  0.775 seconds
Domain Reload Profiling: 1275ms
	BeginReloadAssembly (145ms)
		ExecutionOrderSort (0ms)
		DisableScriptedObjects (4ms)
		BackupInstance (0ms)
		ReleaseScriptingObjects (0ms)
		CreateAndSetChildDomain (38ms)
	RebuildCommonClasses (28ms)
	RebuildNativeTypeToScriptingClass (9ms)
	initialDomainReloadingComplete (26ms)
	LoadAllAssembliesAndSetupDomain (290ms)
		LoadAssemblies (248ms)
		RebuildTransferFunctionScriptingTraits (0ms)
		AnalyzeDomain (107ms)
			TypeCache.Refresh (37ms)
				TypeCache.ScanAssembly (29ms)
			BuildScriptInfoCaches (64ms)
			ResolveRequiredComponents (3ms)
	FinalizeReload (775ms)
		ReleaseScriptCaches (0ms)
		RebuildScriptCaches (0ms)
		SetupLoadedEditorAssemblies (608ms)
			LogAssemblyErrors (0ms)
			InitializePlatformSupportModulesInManaged (17ms)
			SetLoadedEditorAssemblies (2ms)
			BeforeProcessingInitializeOnLoad (38ms)
			ProcessInitializeOnLoadAttributes (428ms)
			ProcessInitializeOnLoadMethodAttributes (111ms)
			AfterProcessingInitializeOnLoad (11ms)
			EditorAssembliesLoaded (0ms)
		ExecutionOrderSort2 (0ms)
		AwakeInstancesAfterBackupRestoration (4ms)
Refreshing native plugins compatible for Editor in 12.38 ms, found 2 plugins.
Preloading 0 native plugins for Editor in 0.00 ms.
Unloading 13 Unused Serialized files (Serialized files now loaded: 0)
Unloading 3241 unused Assets / (3.1 MB). Loaded Objects now: 3818.
Memory consumption went from 115.3 MB to 112.3 MB.
Total: 17.433200 ms (FindLiveObjects: 0.692800 ms CreateObjectMapping: 0.353200 ms MarkObjects: 14.677100 ms  DeleteObjects: 1.709000 ms)

Prepare: number of updated asset objects reloaded= 0
