Using pre-set license
Built from '6000.0/staging' branch; Version is '6000.0.23f1 (1c4764c07fb4) revision 1853284'; Using compiler version '193933523'; Build Type 'Release'
OS: 'Windows 11  (10.0.22631) 64bit Professional' Language: 'en' Physical Memory: 32682 MB
BatchMode: 1, IsHumanControllingUs: 0, StartBugReporterOnCrash: 0, Is64bit: 1, IsPro: 1

COMMAND LINE ARGUMENTS:
C:\Program Files\Unity\Hub\Editor\6000.0.23f1\Editor\Unity.exe
-adb2
-batchMode
-noUpm
-name
AssetImportWorker0
-projectPath
D:/Instant Projects/Speed-Rush
-logFile
Logs/AssetImportWorker0.log
-srvPort
8278
-job-worker-count
5
-background-job-worker-count
8
-asset-garbage-collectors
1
Successfully changed project path to: D:/Instant Projects/Speed-Rush
D:/Instant Projects/Speed-Rush
[UnityMemory] Configuration Parameters - Can be set up in boot.config
    "memorysetup-bucket-allocator-granularity=16"
    "memorysetup-bucket-allocator-bucket-count=8"
    "memorysetup-bucket-allocator-block-size=33554432"
    "memorysetup-bucket-allocator-block-count=8"
    "memorysetup-main-allocator-block-size=16777216"
    "memorysetup-thread-allocator-block-size=16777216"
    "memorysetup-gfx-main-allocator-block-size=16777216"
    "memorysetup-gfx-thread-allocator-block-size=16777216"
    "memorysetup-cache-allocator-block-size=4194304"
    "memorysetup-typetree-allocator-block-size=2097152"
    "memorysetup-profiler-bucket-allocator-granularity=16"
    "memorysetup-profiler-bucket-allocator-bucket-count=8"
    "memorysetup-profiler-bucket-allocator-block-size=33554432"
    "memorysetup-profiler-bucket-allocator-block-count=8"
    "memorysetup-profiler-allocator-block-size=16777216"
    "memorysetup-profiler-editor-allocator-block-size=1048576"
    "memorysetup-temp-allocator-size-main=16777216"
    "memorysetup-job-temp-allocator-block-size=2097152"
    "memorysetup-job-temp-allocator-block-size-background=1048576"
    "memorysetup-job-temp-allocator-reduction-small-platforms=262144"
    "memorysetup-allocator-temp-initial-block-size-main=262144"
    "memorysetup-allocator-temp-initial-block-size-worker=262144"
    "memorysetup-temp-allocator-size-background-worker=32768"
    "memorysetup-temp-allocator-size-job-worker=262144"
    "memorysetup-temp-allocator-size-preload-manager=33554432"
    "memorysetup-temp-allocator-size-nav-mesh-worker=65536"
    "memorysetup-temp-allocator-size-audio-worker=65536"
    "memorysetup-temp-allocator-size-cloud-worker=32768"
    "memorysetup-temp-allocator-size-gi-baking-worker=262144"
    "memorysetup-temp-allocator-size-gi-baking-worker=262144"
    "memorysetup-temp-allocator-size-gi-baking-worker=262144"
    "memorysetup-temp-allocator-size-gi-baking-worker=262144"
    "memorysetup-temp-allocator-size-gi-baking-worker=262144"
    "memorysetup-temp-allocator-size-gfx=262144"
Player connection [59032]  Target information:

Player connection [59032]  * "[IP] 192.168.1.17 [Port] 0 [Flags] 2 [Guid] 3467099286 [EditorId] 3467099286 [Version] 1048832 [Id] WindowsEditor(7,Tanvir) [Debug] 1 [PackageName] WindowsEditor [ProjectName] Editor" 

Player connection [59032] Host joined multi-casting on [225.0.0.222:54997]...
Player connection [59032] Host joined alternative multi-casting on [225.0.0.222:34997]...
JobSystem: Creating JobQueue using job-worker-count value 5
[Physics::Module] Initialized fallback backend.
[Physics::Module] Id: 0xdecafbad
Library Redirect Path: Library/
[Physics::Module] Selected backend.
[Physics::Module] Name: PhysX
[Physics::Module] Id: 0xf2b8ea05
[Physics::Module] SDK Version: 4.1.2
[Physics::Module] Integration Version: 1.0.0
[Physics::Module] Threading Mode: Multi-Threaded
Refreshing native plugins compatible for Editor in 10.54 ms, found 2 plugins.
Preloading 0 native plugins for Editor in 0.00 ms.
Initialize engine version: 6000.0.23f1 (1c4764c07fb4)
[Subsystems] Discovering subsystems at path C:/Program Files/Unity/Hub/Editor/6000.0.23f1/Editor/Data/Resources/UnitySubsystems
[Subsystems] Discovering subsystems at path D:/Instant Projects/Speed-Rush/Assets
GfxDevice: creating device client; kGfxThreadingModeNonThreaded
Direct3D:
    Version:  Direct3D 11.0 [level 11.1]
    Renderer: NVIDIA GeForce GTX 1070 (ID=0x1b81)
    Vendor:   NVIDIA
    VRAM:     8067 MB
    Driver:   32.0.15.6603
Initialize mono
Mono path[0] = 'C:/Program Files/Unity/Hub/Editor/6000.0.23f1/Editor/Data/Managed'
Mono path[1] = 'C:/Program Files/Unity/Hub/Editor/6000.0.23f1/Editor/Data/MonoBleedingEdge/lib/mono/unityjit-win32'
Mono config path = 'C:/Program Files/Unity/Hub/Editor/6000.0.23f1/Editor/Data/MonoBleedingEdge/etc'
Using monoOptions --debugger-agent=transport=dt_socket,embedding=1,server=y,suspend=n,address=127.0.0.1:56944
Begin MonoManager ReloadAssembly
Registering precompiled unity dll's ...
Register platform support module: C:/Program Files/Unity/Hub/Editor/6000.0.23f1/Editor/Data/PlaybackEngines/WindowsStandaloneSupport/UnityEditor.WindowsStandalone.Extensions.dll
Register platform support module: C:/Program Files/Unity/Hub/Editor/6000.0.23f1/Editor/Data/PlaybackEngines/AndroidPlayer/UnityEditor.Android.Extensions.dll
Register platform support module: C:/Program Files/Unity/Hub/Editor/6000.0.23f1/Editor/Data/PlaybackEngines/iOSSupport/UnityEditor.iOS.Extensions.dll
Registered in 0.008777 seconds.
- Loaded All Assemblies, in  0.495 seconds
[usbmuxd] Start listen thread
[usbmuxd] Listen thread started
Native extension for iOS target not found
Native extension for Android target not found
Android Extension - Scanning For ADB Devices 729 ms
Native extension for WindowsStandalone target not found
Mono: successfully reloaded assembly
- Finished resetting the current domain, in  1.077 seconds
Domain Reload Profiling: 1567ms
	BeginReloadAssembly (165ms)
		ExecutionOrderSort (0ms)
		DisableScriptedObjects (0ms)
		BackupInstance (0ms)
		ReleaseScriptingObjects (0ms)
		CreateAndSetChildDomain (1ms)
	RebuildCommonClasses (47ms)
	RebuildNativeTypeToScriptingClass (10ms)
	initialDomainReloadingComplete (58ms)
	LoadAllAssembliesAndSetupDomain (210ms)
		LoadAssemblies (163ms)
		RebuildTransferFunctionScriptingTraits (0ms)
		AnalyzeDomain (203ms)
			TypeCache.Refresh (202ms)
				TypeCache.ScanAssembly (182ms)
			BuildScriptInfoCaches (0ms)
			ResolveRequiredComponents (0ms)
	FinalizeReload (1077ms)
		ReleaseScriptCaches (0ms)
		RebuildScriptCaches (0ms)
		SetupLoadedEditorAssemblies (1040ms)
			LogAssemblyErrors (0ms)
			InitializePlatformSupportModulesInManaged (820ms)
			SetLoadedEditorAssemblies (3ms)
			BeforeProcessingInitializeOnLoad (7ms)
			ProcessInitializeOnLoadAttributes (148ms)
			ProcessInitializeOnLoadMethodAttributes (59ms)
			AfterProcessingInitializeOnLoad (3ms)
			EditorAssembliesLoaded (0ms)
		ExecutionOrderSort2 (0ms)
		AwakeInstancesAfterBackupRestoration (0ms)
========================================================================
Worker process is ready to serve import requests
Import Worker Mode flag is 0x00
Begin MonoManager ReloadAssembly
Assembly 'Assets/ExternalDependencyManager/Editor/Google.IOSResolver_v1.2.162.dll' will not be loaded due to errors:
Assembly name 'Google.IOSResolver' does not match file name 'Google.IOSResolver_v1.2.162'
Assembly 'Assets/ExternalDependencyManager/Editor/Google.VersionHandlerImpl_v1.2.162.dll' will not be loaded due to errors:
Assembly name 'Google.VersionHandlerImpl' does not match file name 'Google.VersionHandlerImpl_v1.2.162'
Assembly 'Assets/ExternalDependencyManager/Editor/Google.PackageManagerResolver_v1.2.162.dll' will not be loaded due to errors:
Assembly name 'Google.PackageManagerResolver' does not match file name 'Google.PackageManagerResolver_v1.2.162'
Assembly 'Assets/ExternalDependencyManager/Editor/Google.JarResolver_v1.2.162.dll' will not be loaded due to errors:
Assembly name 'Google.JarResolver' does not match file name 'Google.JarResolver_v1.2.162'
Symbol file LoadedFromMemory is not a mono symbol file
- Loaded All Assemblies, in  0.890 seconds
Refreshing native plugins compatible for Editor in 6.33 ms, found 2 plugins.
Native extension for iOS target not found
Native extension for Android target not found
Native extension for WindowsStandalone target not found
GPGSUpgrader start
UnityEngine.Debug:ExtractStackTraceNoAlloc (byte*,int,string)
UnityEngine.StackTraceUtility:ExtractStackTrace ()
UnityEngine.DebugLogHandler:Internal_Log (UnityEngine.LogType,UnityEngine.LogOption,string,UnityEngine.Object)
UnityEngine.DebugLogHandler:LogFormat (UnityEngine.LogType,UnityEngine.Object,string,object[])
UnityEngine.Logger:Log (UnityEngine.LogType,object)
UnityEngine.Debug:Log (object)
GooglePlayGames.Editor.GPGSUpgrader:.cctor () (at Assets/GooglePlayGames/Editor/GPGSUpgrader.cs:38)
System.Runtime.CompilerServices.RuntimeHelpers:RunClassConstructor (System.RuntimeTypeHandle)
UnityEditor.EditorAssemblies:ProcessInitializeOnLoadAttributes (System.Type[])

(Filename: Assets/GooglePlayGames/Editor/GPGSUpgrader.cs Line: 38)

GPGSUpgrader done
UnityEngine.Debug:ExtractStackTraceNoAlloc (byte*,int,string)
UnityEngine.StackTraceUtility:ExtractStackTrace ()
UnityEngine.DebugLogHandler:Internal_Log (UnityEngine.LogType,UnityEngine.LogOption,string,UnityEngine.Object)
UnityEngine.DebugLogHandler:LogFormat (UnityEngine.LogType,UnityEngine.Object,string,object[])
UnityEngine.Logger:Log (UnityEngine.LogType,object)
UnityEngine.Debug:Log (object)
GooglePlayGames.Editor.GPGSUpgrader:.cctor () (at Assets/GooglePlayGames/Editor/GPGSUpgrader.cs:105)
System.Runtime.CompilerServices.RuntimeHelpers:RunClassConstructor (System.RuntimeTypeHandle)
UnityEditor.EditorAssemblies:ProcessInitializeOnLoadAttributes (System.Type[])

(Filename: Assets/GooglePlayGames/Editor/GPGSUpgrader.cs Line: 105)

Refreshing native plugins compatible for Editor in 8.10 ms, found 2 plugins.
Mono: successfully reloaded assembly
- Finished resetting the current domain, in  0.951 seconds
Domain Reload Profiling: 1836ms
	BeginReloadAssembly (393ms)
		ExecutionOrderSort (0ms)
		DisableScriptedObjects (7ms)
		BackupInstance (0ms)
		ReleaseScriptingObjects (0ms)
		CreateAndSetChildDomain (27ms)
	RebuildCommonClasses (29ms)
	RebuildNativeTypeToScriptingClass (9ms)
	initialDomainReloadingComplete (34ms)
	LoadAllAssembliesAndSetupDomain (419ms)
		LoadAssemblies (328ms)
		RebuildTransferFunctionScriptingTraits (0ms)
		AnalyzeDomain (152ms)
			TypeCache.Refresh (118ms)
				TypeCache.ScanAssembly (96ms)
			BuildScriptInfoCaches (29ms)
			ResolveRequiredComponents (3ms)
	FinalizeReload (952ms)
		ReleaseScriptCaches (0ms)
		RebuildScriptCaches (0ms)
		SetupLoadedEditorAssemblies (747ms)
			LogAssemblyErrors (0ms)
			InitializePlatformSupportModulesInManaged (18ms)
			SetLoadedEditorAssemblies (3ms)
			BeforeProcessingInitializeOnLoad (40ms)
			ProcessInitializeOnLoadAttributes (535ms)
			ProcessInitializeOnLoadMethodAttributes (136ms)
			AfterProcessingInitializeOnLoad (15ms)
			EditorAssembliesLoaded (0ms)
		ExecutionOrderSort2 (0ms)
		AwakeInstancesAfterBackupRestoration (4ms)
Launched and connected shader compiler UnityShaderCompiler.exe after 0.03 seconds
Refreshing native plugins compatible for Editor in 11.43 ms, found 2 plugins.
Preloading 0 native plugins for Editor in 0.00 ms.
Unloading 56 Unused Serialized files (Serialized files now loaded: 0)
Unloading 3253 unused Assets / (3.4 MB). Loaded Objects now: 3803.
Memory consumption went from 122.4 MB to 119.0 MB.
Total: 19.197800 ms (FindLiveObjects: 0.528900 ms CreateObjectMapping: 0.641400 ms MarkObjects: 16.071600 ms  DeleteObjects: 1.954500 ms)

========================================================================
Received Import Request.
  Time since last request: 610642.156639 seconds.
  path: Assets/Test game/GameScene.unity
  artifactKey: Guid(967cb5daff65bde46a0b3d11106cfad3) Importer(815301076,1909f56bfc062723c751e8b465ee728b)
Start importing Assets/Test game/GameScene.unity using Guid(967cb5daff65bde46a0b3d11106cfad3) Importer(815301076,1909f56bfc062723c751e8b465ee728b) (PreviewImporter) -> (artifact id: 'fba0de058c095d15d48454f8be9be1b2') in 0.0044048 seconds
Number of updated asset objects reloaded before import = 0Number of asset objects unloaded after import = 0

========================================================================
Received Import Request.
  Time since last request: 21.140694 seconds.
  path: Assets/ExternalDependencyManager
  artifactKey: Guid(a249073053635233590efd0c65bf3dc2) Importer(815301076,1909f56bfc062723c751e8b465ee728b)
Start importing Assets/ExternalDependencyManager using Guid(a249073053635233590efd0c65bf3dc2) Importer(815301076,1909f56bfc062723c751e8b465ee728b) (PreviewImporter) -> (artifact id: 'd317c12ec6b475db4d67a829ac1bee7a') in 0.0004608 seconds
Number of updated asset objects reloaded before import = 0Number of asset objects unloaded after import = 0

========================================================================
Received Prepare
Refreshing native plugins compatible for Editor in 6.69 ms, found 2 plugins.
Preloading 0 native plugins for Editor in 0.00 ms.
Unloading 13 Unused Serialized files (Serialized files now loaded: 0)
Unloading 3180 unused Assets / (3.1 MB). Loaded Objects now: 3805.
Memory consumption went from 110.8 MB to 107.7 MB.
Total: 10.503900 ms (FindLiveObjects: 0.299700 ms CreateObjectMapping: 0.346600 ms MarkObjects: 8.582400 ms  DeleteObjects: 1.274400 ms)

Prepare: number of updated asset objects reloaded= 0
========================================================================
Received Prepare
Begin MonoManager ReloadAssembly
Symbol file LoadedFromMemory is not a mono symbol file
- Loaded All Assemblies, in  0.520 seconds
Refreshing native plugins compatible for Editor in 6.46 ms, found 2 plugins.
Native extension for iOS target not found
Native extension for Android target not found
Native extension for WindowsStandalone target not found
GPGSUpgrader start
UnityEngine.Debug:ExtractStackTraceNoAlloc (byte*,int,string)
UnityEngine.StackTraceUtility:ExtractStackTrace ()
UnityEngine.DebugLogHandler:Internal_Log (UnityEngine.LogType,UnityEngine.LogOption,string,UnityEngine.Object)
UnityEngine.DebugLogHandler:LogFormat (UnityEngine.LogType,UnityEngine.Object,string,object[])
UnityEngine.Logger:Log (UnityEngine.LogType,object)
UnityEngine.Debug:Log (object)
GooglePlayGames.Editor.GPGSUpgrader:.cctor () (at Assets/GooglePlayGames/Editor/GPGSUpgrader.cs:38)
System.Runtime.CompilerServices.RuntimeHelpers:RunClassConstructor (System.RuntimeTypeHandle)
UnityEditor.EditorAssemblies:ProcessInitializeOnLoadAttributes (System.Type[])

(Filename: Assets/GooglePlayGames/Editor/GPGSUpgrader.cs Line: 38)

System.IO.IOException: Sharing violation on path D:\Instant Projects\Speed-Rush\ProjectSettings\GooglePlayGameSettings.txt
  at System.IO.FileStream..ctor (System.String path, System.IO.FileMode mode, System.IO.FileAccess access, System.IO.FileShare share, System.Int32 bufferSize, System.Boolean anonymous, System.IO.FileOptions options) [0x0019e] in <321eb2db7c6d43ea8fc39b54eaca3452>:0 
  at System.IO.FileStream..ctor (System.String path, System.IO.FileMode mode, System.IO.FileAccess access, System.IO.FileShare share, System.Int32 bufferSize, System.IO.FileOptions options) [0x00000] in <321eb2db7c6d43ea8fc39b54eaca3452>:0 
  at (wrapper remoting-invoke-with-check) System.IO.FileStream..ctor(string,System.IO.FileMode,System.IO.FileAccess,System.IO.FileShare,int,System.IO.FileOptions)
  at System.IO.StreamWriter..ctor (System.String path, System.Boolean append, System.Text.Encoding encoding, System.Int32 bufferSize) [0x00055] in <321eb2db7c6d43ea8fc39b54eaca3452>:0 
  at System.IO.StreamWriter..ctor (System.String path, System.Boolean append) [0x00008] in <321eb2db7c6d43ea8fc39b54eaca3452>:0 
  at (wrapper remoting-invoke-with-check) System.IO.StreamWriter..ctor(string,bool)
  at GooglePlayGames.Editor.GPGSProjectSettings.Save () [0x00035] in D:\Instant Projects\Speed-Rush\Assets\GooglePlayGames\Editor\GPGSProjectSettings.cs:182 
  at GooglePlayGames.Editor.GPGSUpgrader..cctor () [0x000d0] in D:\Instant Projects\Speed-Rush\Assets\GooglePlayGames\Editor\GPGSUpgrader.cs:67 
UnityEngine.Debug:ExtractStackTraceNoAlloc (byte*,int,string)
UnityEngine.StackTraceUtility:ExtractStackTrace ()
UnityEngine.DebugLogHandler:Internal_Log (UnityEngine.LogType,UnityEngine.LogOption,string,UnityEngine.Object)
UnityEngine.DebugLogHandler:LogFormat (UnityEngine.LogType,UnityEngine.Object,string,object[])
UnityEngine.Logger:Log (UnityEngine.LogType,object)
UnityEngine.Debug:LogError (object)
UnityEditor.EditorAssemblies:ProcessInitializeOnLoadAttributes (System.Type[])

Mono: successfully reloaded assembly
- Finished resetting the current domain, in  0.842 seconds
Domain Reload Profiling: 1358ms
	BeginReloadAssembly (154ms)
		ExecutionOrderSort (0ms)
		DisableScriptedObjects (5ms)
		BackupInstance (0ms)
		ReleaseScriptingObjects (0ms)
		CreateAndSetChildDomain (48ms)
	RebuildCommonClasses (35ms)
	RebuildNativeTypeToScriptingClass (14ms)
	initialDomainReloadingComplete (24ms)
	LoadAllAssembliesAndSetupDomain (288ms)
		LoadAssemblies (243ms)
		RebuildTransferFunctionScriptingTraits (0ms)
		AnalyzeDomain (110ms)
			TypeCache.Refresh (43ms)
				TypeCache.ScanAssembly (36ms)
			BuildScriptInfoCaches (62ms)
			ResolveRequiredComponents (3ms)
	FinalizeReload (843ms)
		ReleaseScriptCaches (0ms)
		RebuildScriptCaches (0ms)
		SetupLoadedEditorAssemblies (672ms)
			LogAssemblyErrors (0ms)
			InitializePlatformSupportModulesInManaged (18ms)
			SetLoadedEditorAssemblies (2ms)
			BeforeProcessingInitializeOnLoad (45ms)
			ProcessInitializeOnLoadAttributes (472ms)
			ProcessInitializeOnLoadMethodAttributes (125ms)
			AfterProcessingInitializeOnLoad (10ms)
			EditorAssembliesLoaded (0ms)
		ExecutionOrderSort2 (0ms)
		AwakeInstancesAfterBackupRestoration (4ms)
Refreshing native plugins compatible for Editor in 7.40 ms, found 2 plugins.
Preloading 0 native plugins for Editor in 0.00 ms.
Unloading 13 Unused Serialized files (Serialized files now loaded: 0)
Unloading 3247 unused Assets / (2.8 MB). Loaded Objects now: 3805.
Memory consumption went from 112.5 MB to 109.7 MB.
Total: 8.863200 ms (FindLiveObjects: 0.299600 ms CreateObjectMapping: 0.134700 ms MarkObjects: 7.415600 ms  DeleteObjects: 1.012700 ms)

Prepare: number of updated asset objects reloaded= 0
========================================================================
Received Import Request.
  Time since last request: 1405.033471 seconds.
  path: Assets/ExternalDependencyManager/Editor/external-dependency-manager_version-1.2.183_manifest.txt
  artifactKey: Guid(98518d47e8b1473f8055106d5eb931c7) Importer(815301076,1909f56bfc062723c751e8b465ee728b)
Start importing Assets/ExternalDependencyManager/Editor/external-dependency-manager_version-1.2.183_manifest.txt using Guid(98518d47e8b1473f8055106d5eb931c7) Importer(815301076,1909f56bfc062723c751e8b465ee728b) (PreviewImporter) -> (artifact id: '5292522df93864a74f734cc0f9fb8d72') in 0.0140386 seconds
Number of updated asset objects reloaded before import = 0Number of asset objects unloaded after import = 1

========================================================================
Received Prepare
Begin MonoManager ReloadAssembly
Symbol file LoadedFromMemory is not a mono symbol file
- Loaded All Assemblies, in  0.489 seconds
Refreshing native plugins compatible for Editor in 7.15 ms, found 2 plugins.
Native extension for iOS target not found
Native extension for Android target not found
Native extension for WindowsStandalone target not found
GPGSUpgrader start
UnityEngine.Debug:ExtractStackTraceNoAlloc (byte*,int,string)
UnityEngine.StackTraceUtility:ExtractStackTrace ()
UnityEngine.DebugLogHandler:Internal_Log (UnityEngine.LogType,UnityEngine.LogOption,string,UnityEngine.Object)
UnityEngine.DebugLogHandler:LogFormat (UnityEngine.LogType,UnityEngine.Object,string,object[])
UnityEngine.Logger:Log (UnityEngine.LogType,object)
UnityEngine.Debug:Log (object)
GooglePlayGames.Editor.GPGSUpgrader:.cctor () (at Assets/GooglePlayGames/Editor/GPGSUpgrader.cs:38)
System.Runtime.CompilerServices.RuntimeHelpers:RunClassConstructor (System.RuntimeTypeHandle)
UnityEditor.EditorAssemblies:ProcessInitializeOnLoadAttributes (System.Type[])

(Filename: Assets/GooglePlayGames/Editor/GPGSUpgrader.cs Line: 38)

GPGSUpgrader done
UnityEngine.Debug:ExtractStackTraceNoAlloc (byte*,int,string)
UnityEngine.StackTraceUtility:ExtractStackTrace ()
UnityEngine.DebugLogHandler:Internal_Log (UnityEngine.LogType,UnityEngine.LogOption,string,UnityEngine.Object)
UnityEngine.DebugLogHandler:LogFormat (UnityEngine.LogType,UnityEngine.Object,string,object[])
UnityEngine.Logger:Log (UnityEngine.LogType,object)
UnityEngine.Debug:Log (object)
GooglePlayGames.Editor.GPGSUpgrader:.cctor () (at Assets/GooglePlayGames/Editor/GPGSUpgrader.cs:105)
System.Runtime.CompilerServices.RuntimeHelpers:RunClassConstructor (System.RuntimeTypeHandle)
UnityEditor.EditorAssemblies:ProcessInitializeOnLoadAttributes (System.Type[])

(Filename: Assets/GooglePlayGames/Editor/GPGSUpgrader.cs Line: 105)

Mono: successfully reloaded assembly
- Finished resetting the current domain, in  1.014 seconds
Domain Reload Profiling: 1499ms
	BeginReloadAssembly (151ms)
		ExecutionOrderSort (0ms)
		DisableScriptedObjects (8ms)
		BackupInstance (0ms)
		ReleaseScriptingObjects (0ms)
		CreateAndSetChildDomain (43ms)
	RebuildCommonClasses (29ms)
	RebuildNativeTypeToScriptingClass (9ms)
	initialDomainReloadingComplete (25ms)
	LoadAllAssembliesAndSetupDomain (271ms)
		LoadAssemblies (251ms)
		RebuildTransferFunctionScriptingTraits (0ms)
		AnalyzeDomain (84ms)
			TypeCache.Refresh (4ms)
				TypeCache.ScanAssembly (0ms)
			BuildScriptInfoCaches (75ms)
			ResolveRequiredComponents (3ms)
	FinalizeReload (1014ms)
		ReleaseScriptCaches (0ms)
		RebuildScriptCaches (0ms)
		SetupLoadedEditorAssemblies (826ms)
			LogAssemblyErrors (0ms)
			InitializePlatformSupportModulesInManaged (16ms)
			SetLoadedEditorAssemblies (2ms)
			BeforeProcessingInitializeOnLoad (44ms)
			ProcessInitializeOnLoadAttributes (597ms)
			ProcessInitializeOnLoadMethodAttributes (155ms)
			AfterProcessingInitializeOnLoad (11ms)
			EditorAssembliesLoaded (0ms)
		ExecutionOrderSort2 (0ms)
		AwakeInstancesAfterBackupRestoration (5ms)
Refreshing native plugins compatible for Editor in 7.39 ms, found 2 plugins.
Preloading 0 native plugins for Editor in 0.00 ms.
Unloading 13 Unused Serialized files (Serialized files now loaded: 0)
Unloading 3247 unused Assets / (2.9 MB). Loaded Objects now: 3806.
Memory consumption went from 112.5 MB to 109.6 MB.
Total: 11.076500 ms (FindLiveObjects: 0.310400 ms CreateObjectMapping: 0.235900 ms MarkObjects: 9.514100 ms  DeleteObjects: 1.015200 ms)

Prepare: number of updated asset objects reloaded= 0
========================================================================
Received Import Request.
  Time since last request: 163.390642 seconds.
  path: Assets/GPGSIds.cs
  artifactKey: Guid(b8e0a648afaaf6e40a5bd49dad11d8bf) Importer(2089858483,192608db42251d675da83286b1cce702)
Start importing Assets/GPGSIds.cs using Guid(b8e0a648afaaf6e40a5bd49dad11d8bf) Importer(2089858483,192608db42251d675da83286b1cce702) (ScriptedImporter) -> (artifact id: '891acfbface66d8a3ddf47ba86f8669e') in 0.0778942 seconds
Number of updated asset objects reloaded before import = 0Number of asset objects unloaded after import = 0

========================================================================
Received Import Request.
  Time since last request: 0.000015 seconds.
  path: Assets/GoogleMobileAds/Common/IMobileAdsClient.cs
  artifactKey: Guid(574593b9659a74b2289baf1760b0a016) Importer(2089858483,192608db42251d675da83286b1cce702)
Start importing Assets/GoogleMobileAds/Common/IMobileAdsClient.cs using Guid(574593b9659a74b2289baf1760b0a016) Importer(2089858483,192608db42251d675da83286b1cce702) (ScriptedImporter) -> (artifact id: 'b661a31ad23a87e3f6409c08d454d5c0') in 0.0048904 seconds
Number of updated asset objects reloaded before import = 0Number of asset objects unloaded after import = 0

========================================================================
Received Import Request.
  Time since last request: 0.000057 seconds.
  path: Assets/GoogleMobileAds/Common/MobileAdsEventExecutor.cs
  artifactKey: Guid(47051d8b7ddc740e0b6b0810061c8872) Importer(2089858483,192608db42251d675da83286b1cce702)
Start importing Assets/GoogleMobileAds/Common/MobileAdsEventExecutor.cs using Guid(47051d8b7ddc740e0b6b0810061c8872) Importer(2089858483,192608db42251d675da83286b1cce702) (ScriptedImporter) -> (artifact id: '43899e96dc435779642e2addaf8d5897') in 0.0060359 seconds
Number of updated asset objects reloaded before import = 0Number of asset objects unloaded after import = 0

========================================================================
Received Import Request.
  Time since last request: 0.000068 seconds.
  path: Assets/GoogleMobileAds/Common/CustomNativeClientEventArgs.cs
  artifactKey: Guid(36a75d9e4f2914453a9c483fb88525ed) Importer(2089858483,192608db42251d675da83286b1cce702)
Start importing Assets/GoogleMobileAds/Common/CustomNativeClientEventArgs.cs using Guid(36a75d9e4f2914453a9c483fb88525ed) Importer(2089858483,192608db42251d675da83286b1cce702) (ScriptedImporter) -> (artifact id: '7386fb76f274ab5223f3020d8ae1e703') in 0.0055788 seconds
Number of updated asset objects reloaded before import = 0Number of asset objects unloaded after import = 0

========================================================================
Received Import Request.
  Time since last request: 0.000054 seconds.
  path: Assets/GoogleMobileAds/GoogleMobileAds.asmdef
  artifactKey: Guid(a037b9f808b8c43ae91c527caf71d031) Importer(2089858483,192608db42251d675da83286b1cce702)
Start importing Assets/GoogleMobileAds/GoogleMobileAds.asmdef using Guid(a037b9f808b8c43ae91c527caf71d031) Importer(2089858483,192608db42251d675da83286b1cce702) (ScriptedImporter) -> (artifact id: 'd496e35e4c8378b3ff598e6545d129f4') in 0.0067882 seconds
Number of updated asset objects reloaded before import = 0Number of asset objects unloaded after import = 1

========================================================================
Received Import Request.
  Time since last request: 0.000030 seconds.
  path: Assets/Spiral.prefab
  artifactKey: Guid(aed6110fbdfcc854cb74528655f0d7fc) Importer(2089858483,192608db42251d675da83286b1cce702)
Start importing Assets/Spiral.prefab using Guid(aed6110fbdfcc854cb74528655f0d7fc) Importer(2089858483,192608db42251d675da83286b1cce702) (ScriptedImporter) -> (artifact id: 'c9bae7043e9743fbaa81263419509f1a') in 0.088984 seconds
Number of updated asset objects reloaded before import = 0Number of asset objects unloaded after import = 7

========================================================================
Received Import Request.
  Time since last request: 0.000016 seconds.
  path: Assets/GooglePlayGames/Editor/template-AndroidManifest.txt
  artifactKey: Guid(0e1f3c150256848b1ba98702cfb71220) Importer(2089858483,192608db42251d675da83286b1cce702)
Start importing Assets/GooglePlayGames/Editor/template-AndroidManifest.txt using Guid(0e1f3c150256848b1ba98702cfb71220) Importer(2089858483,192608db42251d675da83286b1cce702) (ScriptedImporter) -> (artifact id: 'd2cd1e847a387e46aa24eaec8541178b') in 0.0063468 seconds
Number of updated asset objects reloaded before import = 0Number of asset objects unloaded after import = 1

========================================================================
Received Import Request.
  Time since last request: 0.000057 seconds.
  path: Assets/GooglePlayGames/BasicApi/DummyClient.cs
  artifactKey: Guid(2c600182c9892457e92f885549bd838a) Importer(2089858483,192608db42251d675da83286b1cce702)
Start importing Assets/GooglePlayGames/BasicApi/DummyClient.cs using Guid(2c600182c9892457e92f885549bd838a) Importer(2089858483,192608db42251d675da83286b1cce702) (ScriptedImporter) -> (artifact id: 'c48a5360fdfb0ba46a1631cf7dede987') in 0.0046096 seconds
Number of updated asset objects reloaded before import = 0Number of asset objects unloaded after import = 0

========================================================================
Received Import Request.
  Time since last request: 0.000072 seconds.
  path: Assets/GooglePlayGames/BasicApi/SignInHelper.cs
  artifactKey: Guid(8744c480ac5e8cd90ab8d15a58a92396) Importer(2089858483,192608db42251d675da83286b1cce702)
Start importing Assets/GooglePlayGames/BasicApi/SignInHelper.cs using Guid(8744c480ac5e8cd90ab8d15a58a92396) Importer(2089858483,192608db42251d675da83286b1cce702) (ScriptedImporter) -> (artifact id: '81ca1460736f0563497ff5acbb7410f1') in 0.0049956 seconds
Number of updated asset objects reloaded before import = 0Number of asset objects unloaded after import = 0

========================================================================
Received Import Request.
  Time since last request: 0.000043 seconds.
  path: Assets/GoogleMobileAds/Common/IRewardedAdClient.cs
  artifactKey: Guid(6ba29432847f54fcbbe79dc97f4818c8) Importer(2089858483,192608db42251d675da83286b1cce702)
Start importing Assets/GoogleMobileAds/Common/IRewardedAdClient.cs using Guid(6ba29432847f54fcbbe79dc97f4818c8) Importer(2089858483,192608db42251d675da83286b1cce702) (ScriptedImporter) -> (artifact id: 'a9e68c2cacbb9dfd8699df0d103dc53f') in 0.0049845 seconds
Number of updated asset objects reloaded before import = 0Number of asset objects unloaded after import = 0

========================================================================
Received Import Request.
  Time since last request: 0.000055 seconds.
  path: Assets/GoogleMobileAds/Editor/GoogleMobileAdsDependencies.xml
  artifactKey: Guid(2c9357ed17521401bb7b6733145ebcd9) Importer(2089858483,192608db42251d675da83286b1cce702)
Start importing Assets/GoogleMobileAds/Editor/GoogleMobileAdsDependencies.xml using Guid(2c9357ed17521401bb7b6733145ebcd9) Importer(2089858483,192608db42251d675da83286b1cce702) (ScriptedImporter) -> (artifact id: 'f25c97e0d2586e725f59dc63b509bfe9') in 0.0121804 seconds
Number of updated asset objects reloaded before import = 0Number of asset objects unloaded after import = 1

========================================================================
Received Import Request.
  Time since last request: 0.000031 seconds.
  path: Assets/GoogleMobileAds/Editor/GoogleMobileAdsSKAdNetworkItems.xml
  artifactKey: Guid(1b220ee54ad7045739e3375f260c2f07) Importer(2089858483,192608db42251d675da83286b1cce702)
Start importing Assets/GoogleMobileAds/Editor/GoogleMobileAdsSKAdNetworkItems.xml using Guid(1b220ee54ad7045739e3375f260c2f07) Importer(2089858483,192608db42251d675da83286b1cce702) (ScriptedImporter) -> (artifact id: '078832e302e1124c6d8d157799905c45') in 0.0066154 seconds
Number of updated asset objects reloaded before import = 0Number of asset objects unloaded after import = 1

========================================================================
Received Import Request.
  Time since last request: 0.000041 seconds.
  path: Assets/GoogleMobileAds/Common/RewardedInterstitialAdDummyClient.cs
  artifactKey: Guid(a2ff28e12d3364122a25e78227bad932) Importer(2089858483,192608db42251d675da83286b1cce702)
Start importing Assets/GoogleMobileAds/Common/RewardedInterstitialAdDummyClient.cs using Guid(a2ff28e12d3364122a25e78227bad932) Importer(2089858483,192608db42251d675da83286b1cce702) (ScriptedImporter) -> (artifact id: 'c4ab6ddcf12041d3407e9ddc275894fb') in 0.0049434 seconds
Number of updated asset objects reloaded before import = 0Number of asset objects unloaded after import = 0

========================================================================
Received Import Request.
  Time since last request: 0.000054 seconds.
  path: Assets/GooglePlayGames/PluginVersion.cs
  artifactKey: Guid(4539142948daf4a26bf9cd6870ffa0b2) Importer(2089858483,192608db42251d675da83286b1cce702)
Start importing Assets/GooglePlayGames/PluginVersion.cs using Guid(4539142948daf4a26bf9cd6870ffa0b2) Importer(2089858483,192608db42251d675da83286b1cce702) (ScriptedImporter) -> (artifact id: 'd951a2f8948520988057281c45d54e31') in 0.0062836 seconds
Number of updated asset objects reloaded before import = 0Number of asset objects unloaded after import = 0

========================================================================
Received Import Request.
  Time since last request: 0.000042 seconds.
  path: Assets/GooglePlayGames/ISocialPlatform/PlayGamesUserProfile.cs
  artifactKey: Guid(ab1b90315f37e498a849765260dd436c) Importer(2089858483,192608db42251d675da83286b1cce702)
Start importing Assets/GooglePlayGames/ISocialPlatform/PlayGamesUserProfile.cs using Guid(ab1b90315f37e498a849765260dd436c) Importer(2089858483,192608db42251d675da83286b1cce702) (ScriptedImporter) -> (artifact id: 'c3dc130da3dd15f8eda0c0809b4dd38b') in 0.0058014 seconds
Number of updated asset objects reloaded before import = 0Number of asset objects unloaded after import = 0

========================================================================
Received Import Request.
  Time since last request: 0.000032 seconds.
  path: Assets/GoogleMobileAds/Common/RewardedAdDummyClient.cs
  artifactKey: Guid(7748bc3cf16474e3e95f851b697660da) Importer(2089858483,192608db42251d675da83286b1cce702)
Start importing Assets/GoogleMobileAds/Common/RewardedAdDummyClient.cs using Guid(7748bc3cf16474e3e95f851b697660da) Importer(2089858483,192608db42251d675da83286b1cce702) (ScriptedImporter) -> (artifact id: 'de8187f960e68df79605c9ffe5809ad6') in 0.0054579 seconds
Number of updated asset objects reloaded before import = 0Number of asset objects unloaded after import = 0

========================================================================
Received Import Request.
  Time since last request: 0.000041 seconds.
  path: Assets/GoogleMobileAds/Resources/GoogleMobileAdsSettings.asset
  artifactKey: Guid(7b3ca5dee6c594d45b926819ac87796f) Importer(2089858483,192608db42251d675da83286b1cce702)
Start importing Assets/GoogleMobileAds/Resources/GoogleMobileAdsSettings.asset using Guid(7b3ca5dee6c594d45b926819ac87796f) Importer(2089858483,192608db42251d675da83286b1cce702) (ScriptedImporter) -> (artifact id: 'dad459a87653661bb088cd42f6ba65fd') in 0.0199396 seconds
Number of updated asset objects reloaded before import = 0Number of asset objects unloaded after import = 1

========================================================================
Received Import Request.
  Time since last request: 0.000013 seconds.
  path: Assets/GooglePlayGames/BasicApi/PlayerProfile.cs
  artifactKey: Guid(e50b969d6753d1af88669611e3ea3673) Importer(2089858483,192608db42251d675da83286b1cce702)
Start importing Assets/GooglePlayGames/BasicApi/PlayerProfile.cs using Guid(e50b969d6753d1af88669611e3ea3673) Importer(2089858483,192608db42251d675da83286b1cce702) (ScriptedImporter) -> (artifact id: 'd9139678ee9583198fb1735e284e67ec') in 0.0048427 seconds
Number of updated asset objects reloaded before import = 0Number of asset objects unloaded after import = 0

========================================================================
Received Import Request.
  Time since last request: 0.000083 seconds.
  path: Assets/GooglePlayGames/OurUtils/Logger.cs
  artifactKey: Guid(cde7cfd197b4a47edac2efe305e22e78) Importer(2089858483,192608db42251d675da83286b1cce702)
Start importing Assets/GooglePlayGames/OurUtils/Logger.cs using Guid(cde7cfd197b4a47edac2efe305e22e78) Importer(2089858483,192608db42251d675da83286b1cce702) (ScriptedImporter) -> (artifact id: '5193694e3f54eaa90441c52aab452eda') in 0.0041773 seconds
Number of updated asset objects reloaded before import = 0Number of asset objects unloaded after import = 0

========================================================================
Received Import Request.
  Time since last request: 0.000053 seconds.
  path: Assets/GooglePlayGames/Editor/GPGSProjectSettings.cs
  artifactKey: Guid(cf234a050ba25433f9386e20578ccf19) Importer(2089858483,192608db42251d675da83286b1cce702)
Start importing Assets/GooglePlayGames/Editor/GPGSProjectSettings.cs using Guid(cf234a050ba25433f9386e20578ccf19) Importer(2089858483,192608db42251d675da83286b1cce702) (ScriptedImporter) -> (artifact id: '24a4be25917ac595bfb1f75b32dbe336') in 0.0104487 seconds
Number of updated asset objects reloaded before import = 0Number of asset objects unloaded after import = 0

========================================================================
Received Import Request.
  Time since last request: 0.000052 seconds.
  path: Assets/Audio/Synthwave Game Boy by Infraction [No Copyright Music] Cassette.mp3
  artifactKey: Guid(a7a530a0a12a4ab46a778970e8a3971b) Importer(2089858483,192608db42251d675da83286b1cce702)
Start importing Assets/Audio/Synthwave Game Boy by Infraction [No Copyright Music] Cassette.mp3 using Guid(a7a530a0a12a4ab46a778970e8a3971b) Importer(2089858483,192608db42251d675da83286b1cce702) (ScriptedImporter) -> (artifact id: 'ffc31f36677a2e563327c0485b64e84f') in 0.0291263 seconds
Number of updated asset objects reloaded before import = 0Number of asset objects unloaded after import = 1

========================================================================
Received Import Request.
  Time since last request: 0.000033 seconds.
  path: Assets/GoogleMobileAds/Api/RewardedInterstitialAd.cs
  artifactKey: Guid(37c897026b4a9499c8ff9ff6aa726d67) Importer(2089858483,192608db42251d675da83286b1cce702)
Start importing Assets/GoogleMobileAds/Api/RewardedInterstitialAd.cs using Guid(37c897026b4a9499c8ff9ff6aa726d67) Importer(2089858483,192608db42251d675da83286b1cce702) (ScriptedImporter) -> (artifact id: '7adcae7654279051e9437ccf048a782b') in 0.0054156 seconds
Number of updated asset objects reloaded before import = 0Number of asset objects unloaded after import = 0

========================================================================
Received Import Request.
  Time since last request: 0.000055 seconds.
  path: Assets/GooglePlayGames/Editor/template-Constants.txt
  artifactKey: Guid(7f2719cb8be514661b7b6aa9986bfe5f) Importer(2089858483,192608db42251d675da83286b1cce702)
Start importing Assets/GooglePlayGames/Editor/template-Constants.txt using Guid(7f2719cb8be514661b7b6aa9986bfe5f) Importer(2089858483,192608db42251d675da83286b1cce702) (ScriptedImporter) -> (artifact id: '6d0aeef498f933a11f83ba3be073ac41') in 0.0144916 seconds
Number of updated asset objects reloaded before import = 0Number of asset objects unloaded after import = 1

========================================================================
Received Import Request.
  Time since last request: 0.000036 seconds.
  path: Assets/GoogleMobileAds/Common/Utils.cs
  artifactKey: Guid(39482316a80234c968714f1959838123) Importer(2089858483,192608db42251d675da83286b1cce702)
Start importing Assets/GoogleMobileAds/Common/Utils.cs using Guid(39482316a80234c968714f1959838123) Importer(2089858483,192608db42251d675da83286b1cce702) (ScriptedImporter) -> (artifact id: '9d359f9f8ef59e73be50ae3f9ce2b844') in 0.0046233 seconds
Number of updated asset objects reloaded before import = 0Number of asset objects unloaded after import = 0

========================================================================
Received Import Request.
  Time since last request: 0.000061 seconds.
  path: Assets/GooglePlayGames/BasicApi/Player.cs
  artifactKey: Guid(c24e2000cc9a91eeea3a68edd3e0d5ec) Importer(2089858483,192608db42251d675da83286b1cce702)
Start importing Assets/GooglePlayGames/BasicApi/Player.cs using Guid(c24e2000cc9a91eeea3a68edd3e0d5ec) Importer(2089858483,192608db42251d675da83286b1cce702) (ScriptedImporter) -> (artifact id: 'af141442e548c4db037cb7d86a1e4ec5') in 0.0043274 seconds
Number of updated asset objects reloaded before import = 0Number of asset objects unloaded after import = 0

========================================================================
Received Import Request.
  Time since last request: 0.000043 seconds.
  path: Assets/GoogleMobileAds/Api/InitializationStatus.cs
  artifactKey: Guid(7a51fabfaa838494da2f6a212c6b42d1) Importer(2089858483,192608db42251d675da83286b1cce702)
Start importing Assets/GoogleMobileAds/Api/InitializationStatus.cs using Guid(7a51fabfaa838494da2f6a212c6b42d1) Importer(2089858483,192608db42251d675da83286b1cce702) (ScriptedImporter) -> (artifact id: '9bc327adc16d5aa4c235f8ff6eab7477') in 0.0051544 seconds
Number of updated asset objects reloaded before import = 0Number of asset objects unloaded after import = 0

========================================================================
Received Import Request.
  Time since last request: 0.000056 seconds.
  path: Assets/GoogleMobileAds/Editor/ManifestProcessor.cs
  artifactKey: Guid(c9ee5d47594eb43a19e795c834fdc044) Importer(2089858483,192608db42251d675da83286b1cce702)
Start importing Assets/GoogleMobileAds/Editor/ManifestProcessor.cs using Guid(c9ee5d47594eb43a19e795c834fdc044) Importer(2089858483,192608db42251d675da83286b1cce702) (ScriptedImporter) -> (artifact id: '0b698d44fabdf21911e4bc35c16a5594') in 0.0040594 seconds
Number of updated asset objects reloaded before import = 0Number of asset objects unloaded after import = 0

========================================================================
Received Import Request.
  Time since last request: 0.000053 seconds.
  path: Assets/Game GUI Vol1/PreviewScenes/PlayfulPreview.unity
  artifactKey: Guid(abd155de39a854f9a91903a1130caa6e) Importer(2089858483,192608db42251d675da83286b1cce702)
Start importing Assets/Game GUI Vol1/PreviewScenes/PlayfulPreview.unity using Guid(abd155de39a854f9a91903a1130caa6e) Importer(2089858483,192608db42251d675da83286b1cce702) (ScriptedImporter) -> (artifact id: '311ff1ddfb656cbb42731c754ec785a2') in 0.0105563 seconds
Number of updated asset objects reloaded before import = 0Number of asset objects unloaded after import = 1

========================================================================
Received Import Request.
  Time since last request: 0.000013 seconds.
  path: Assets/Sprite/Button.psd
  artifactKey: Guid(3b4dd8f036519e544a0c013fefaecb53) Importer(2089858483,192608db42251d675da83286b1cce702)
Start importing Assets/Sprite/Button.psd using Guid(3b4dd8f036519e544a0c013fefaecb53) Importer(2089858483,192608db42251d675da83286b1cce702) (ScriptedImporter) -> (artifact id: '7b246baaf54c611d05366df90bd0a76d') in 0.0454698 seconds
Number of updated asset objects reloaded before import = 0Number of asset objects unloaded after import = 3

========================================================================
Received Import Request.
  Time since last request: 0.000019 seconds.
  path: Assets/GooglePlayGames/Editor/GooglePlayGamesPluginDependencies.xml
  artifactKey: Guid(cc30c13ac5429b0b5ab4cbae29a1480c) Importer(2089858483,192608db42251d675da83286b1cce702)
Start importing Assets/GooglePlayGames/Editor/GooglePlayGamesPluginDependencies.xml using Guid(cc30c13ac5429b0b5ab4cbae29a1480c) Importer(2089858483,192608db42251d675da83286b1cce702) (ScriptedImporter) -> (artifact id: 'a4ea88f2685e10b2073710ac5e61e6a7') in 0.0065052 seconds
Number of updated asset objects reloaded before import = 0Number of asset objects unloaded after import = 1

========================================================================
Received Import Request.
  Time since last request: 0.000036 seconds.
  path: Assets/GoogleMobileAds/Api/CustomNativeEventArgs.cs
  artifactKey: Guid(5188b1fa1a1b148ce8e88835595e660d) Importer(2089858483,192608db42251d675da83286b1cce702)
Start importing Assets/GoogleMobileAds/Api/CustomNativeEventArgs.cs using Guid(5188b1fa1a1b148ce8e88835595e660d) Importer(2089858483,192608db42251d675da83286b1cce702) (ScriptedImporter) -> (artifact id: 'd50951679aa3eeeb0d4d65717c75556a') in 0.0055048 seconds
Number of updated asset objects reloaded before import = 0Number of asset objects unloaded after import = 0

========================================================================
Received Import Request.
  Time since last request: 0.000052 seconds.
  path: Assets/GooglePlayGames/ISocialPlatform/PlayGamesPlatform.cs
  artifactKey: Guid(c1de7754a6e7f4fb08b76780a184b3ca) Importer(2089858483,192608db42251d675da83286b1cce702)
Start importing Assets/GooglePlayGames/ISocialPlatform/PlayGamesPlatform.cs using Guid(c1de7754a6e7f4fb08b76780a184b3ca) Importer(2089858483,192608db42251d675da83286b1cce702) (ScriptedImporter) -> (artifact id: 'f0e58673e161152bf9edded88d83bc63') in 0.0117683 seconds
Number of updated asset objects reloaded before import = 0Number of asset objects unloaded after import = 0

========================================================================
Received Import Request.
  Time since last request: 0.000057 seconds.
  path: Assets/Sprite/Rate Button.png
  artifactKey: Guid(50ae8cf4e9a3a244e8d425d63b359eae) Importer(2089858483,192608db42251d675da83286b1cce702)
Start importing Assets/Sprite/Rate Button.png using Guid(50ae8cf4e9a3a244e8d425d63b359eae) Importer(2089858483,192608db42251d675da83286b1cce702) (ScriptedImporter) -> (artifact id: '7b6c579895858f63727109b016479f11') in 0.0121041 seconds
Number of updated asset objects reloaded before import = 0Number of asset objects unloaded after import = 3

========================================================================
Received Import Request.
  Time since last request: 0.000014 seconds.
  path: Assets/GoogleMobileAds/Api/ResponseInfo.cs
  artifactKey: Guid(75061876a7e1a4191bd6cb0db503f946) Importer(2089858483,192608db42251d675da83286b1cce702)
Start importing Assets/GoogleMobileAds/Api/ResponseInfo.cs using Guid(75061876a7e1a4191bd6cb0db503f946) Importer(2089858483,192608db42251d675da83286b1cce702) (ScriptedImporter) -> (artifact id: '833e00f0118dd7968df9fe0a88e626cd') in 0.0045149 seconds
Number of updated asset objects reloaded before import = 0Number of asset objects unloaded after import = 0

========================================================================
Received Import Request.
  Time since last request: 0.000059 seconds.
  path: Assets/Resources/BillingMode.json
  artifactKey: Guid(ce8d068e4f8e2574ebca69314aab9c7e) Importer(2089858483,192608db42251d675da83286b1cce702)
Start importing Assets/Resources/BillingMode.json using Guid(ce8d068e4f8e2574ebca69314aab9c7e) Importer(2089858483,192608db42251d675da83286b1cce702) (ScriptedImporter) -> (artifact id: 'd86a44a9267fc99a73883bae0ca343c2') in 0.006173 seconds
Number of updated asset objects reloaded before import = 0Number of asset objects unloaded after import = 1

========================================================================
Received Import Request.
  Time since last request: 0.000052 seconds.
  path: Assets/GoogleMobileAds/Editor/GoogleMobileAds.Editor.asmdef
  artifactKey: Guid(cbb42e4cfd9484f52972c8f05e1c3252) Importer(2089858483,192608db42251d675da83286b1cce702)
Start importing Assets/GoogleMobileAds/Editor/GoogleMobileAds.Editor.asmdef using Guid(cbb42e4cfd9484f52972c8f05e1c3252) Importer(2089858483,192608db42251d675da83286b1cce702) (ScriptedImporter) -> (artifact id: '4332cf3c4f88ae43a18329043dd037e0') in 0.0046237 seconds
Number of updated asset objects reloaded before import = 0Number of asset objects unloaded after import = 1

========================================================================
Received Import Request.
  Time since last request: 0.000015 seconds.
  path: Assets/GoogleMobileAds/Common/IResponseInfoClient.cs
  artifactKey: Guid(d90afa50b1cc44cd0b996273d527f2fc) Importer(2089858483,192608db42251d675da83286b1cce702)
Start importing Assets/GoogleMobileAds/Common/IResponseInfoClient.cs using Guid(d90afa50b1cc44cd0b996273d527f2fc) Importer(2089858483,192608db42251d675da83286b1cce702) (ScriptedImporter) -> (artifact id: '0a18e7f9db2c6f2318ab5d9546b2d2b2') in 0.0047682 seconds
Number of updated asset objects reloaded before import = 0Number of asset objects unloaded after import = 0

========================================================================
Received Import Request.
  Time since last request: 0.000038 seconds.
  path: Assets/Audio/HARD Trap Beat FREE (Non-Copyright) Rap Instrumental.mp3
  artifactKey: Guid(c41cc4914c090e6419a8659dc214c197) Importer(2089858483,192608db42251d675da83286b1cce702)
Start importing Assets/Audio/HARD Trap Beat FREE (Non-Copyright) Rap Instrumental.mp3 using Guid(c41cc4914c090e6419a8659dc214c197) Importer(2089858483,192608db42251d675da83286b1cce702) (ScriptedImporter) -> (artifact id: '04c5eb3203bf8f0a075ea94ffaa5db59') in 0.0307373 seconds
Number of updated asset objects reloaded before import = 0Number of asset objects unloaded after import = 1

========================================================================
Received Import Request.
  Time since last request: 0.000012 seconds.
  path: Assets/GoogleMobileAds/Common/IInitializationStatusClient.cs
  artifactKey: Guid(5aae28a33c3ec489ba986effbf758dcd) Importer(2089858483,192608db42251d675da83286b1cce702)
Start importing Assets/GoogleMobileAds/Common/IInitializationStatusClient.cs using Guid(5aae28a33c3ec489ba986effbf758dcd) Importer(2089858483,192608db42251d675da83286b1cce702) (ScriptedImporter) -> (artifact id: 'df96a6efb96a707178911e3451ccedb5') in 0.0044751 seconds
Number of updated asset objects reloaded before import = 0Number of asset objects unloaded after import = 0

========================================================================
Received Import Request.
  Time since last request: 0.000037 seconds.
  path: Assets/GoogleMobileAds/Editor/AndroidBuildPostProcessor.cs
  artifactKey: Guid(9a8467f2e458e4cc2a3e74b8fc87260e) Importer(2089858483,192608db42251d675da83286b1cce702)
Start importing Assets/GoogleMobileAds/Editor/AndroidBuildPostProcessor.cs using Guid(9a8467f2e458e4cc2a3e74b8fc87260e) Importer(2089858483,192608db42251d675da83286b1cce702) (ScriptedImporter) -> (artifact id: '3962462ec595a9f761a8a1e93b949dac') in 0.0049991 seconds
Number of updated asset objects reloaded before import = 0Number of asset objects unloaded after import = 0

========================================================================
Received Import Request.
  Time since last request: 0.000058 seconds.
  path: Assets/GoogleMobileAds/Api/BannerView.cs
  artifactKey: Guid(5c1fdac85e0d64c298684a5ee009e19e) Importer(2089858483,192608db42251d675da83286b1cce702)
Start importing Assets/GoogleMobileAds/Api/BannerView.cs using Guid(5c1fdac85e0d64c298684a5ee009e19e) Importer(2089858483,192608db42251d675da83286b1cce702) (ScriptedImporter) -> (artifact id: '3e64a5f90d7399ebcf1c0cb23c9b8310') in 0.004864 seconds
Number of updated asset objects reloaded before import = 0Number of asset objects unloaded after import = 0

========================================================================
Received Import Request.
  Time since last request: 0.000051 seconds.
  path: Assets/Game GUI Vol1/Readme/Readme.pdf
  artifactKey: Guid(cc6794fbc4f514833839d7cba3973e4a) Importer(2089858483,192608db42251d675da83286b1cce702)
Start importing Assets/Game GUI Vol1/Readme/Readme.pdf using Guid(cc6794fbc4f514833839d7cba3973e4a) Importer(2089858483,192608db42251d675da83286b1cce702) (ScriptedImporter) -> (artifact id: '545d32549a4684296866f04f2e02afd6') in 0.0040213 seconds
Number of updated asset objects reloaded before import = 0Number of asset objects unloaded after import = 1

========================================================================
Received Import Request.
  Time since last request: 0.000080 seconds.
  path: Assets/GooglePlayGames/ISocialPlatform/PlayGamesAchievement.cs
  artifactKey: Guid(e5354c32a5dc64372ba5102f7f787adf) Importer(2089858483,192608db42251d675da83286b1cce702)
Start importing Assets/GooglePlayGames/ISocialPlatform/PlayGamesAchievement.cs using Guid(e5354c32a5dc64372ba5102f7f787adf) Importer(2089858483,192608db42251d675da83286b1cce702) (ScriptedImporter) -> (artifact id: '2dd19961ef9c9cb0b5ef45ee8819be13') in 0.0050293 seconds
Number of updated asset objects reloaded before import = 0Number of asset objects unloaded after import = 0

========================================================================
Received Import Request.
  Time since last request: 0.000061 seconds.
  path: Assets/GoogleMobileAds/Editor/PListProcessor.cs
  artifactKey: Guid(d1d26b084dc244c8c818f67662e51f6c) Importer(2089858483,192608db42251d675da83286b1cce702)
Start importing Assets/GoogleMobileAds/Editor/PListProcessor.cs using Guid(d1d26b084dc244c8c818f67662e51f6c) Importer(2089858483,192608db42251d675da83286b1cce702) (ScriptedImporter) -> (artifact id: '94a7630ca1262d5452cf640eac79a66f') in 0.0043745 seconds
Number of updated asset objects reloaded before import = 0Number of asset objects unloaded after import = 0

========================================================================
Received Import Request.
  Time since last request: 0.219411 seconds.
  path: Assets/GooglePlayGames/OurUtils/NearbyHelperObject.cs
  artifactKey: Guid(b66cca4a5a1f4a5092a280c452185308) Importer(2089858483,192608db42251d675da83286b1cce702)
Start importing Assets/GooglePlayGames/OurUtils/NearbyHelperObject.cs using Guid(b66cca4a5a1f4a5092a280c452185308) Importer(2089858483,192608db42251d675da83286b1cce702) (ScriptedImporter) -> (artifact id: '7f848de8c3dfc45103cddd906b6dc85e') in 0.0054288 seconds
Number of updated asset objects reloaded before import = 0Number of asset objects unloaded after import = 0

========================================================================
Received Import Request.
  Time since last request: 0.000056 seconds.
  path: Assets/Plugins/iOS/GADUInterstitial.m
  artifactKey: Guid(00393715fb7d749588e102029094c161) Importer(2089858483,192608db42251d675da83286b1cce702)
Start importing Assets/Plugins/iOS/GADUInterstitial.m using Guid(00393715fb7d749588e102029094c161) Importer(2089858483,192608db42251d675da83286b1cce702) (ScriptedImporter) -> (artifact id: 'f721d6d26f35e0abc1036f91cb1b73e9') in 0.0131748 seconds
Number of updated asset objects reloaded before import = 0Number of asset objects unloaded after import = 0

========================================================================
Received Import Request.
  Time since last request: 0.000065 seconds.
  path: Assets/GooglePlayGames/Platforms/NearbyConnectionClientFactory.cs
  artifactKey: Guid(ff1201bd0205943ba9c881e50e38156b) Importer(2089858483,192608db42251d675da83286b1cce702)
Start importing Assets/GooglePlayGames/Platforms/NearbyConnectionClientFactory.cs using Guid(ff1201bd0205943ba9c881e50e38156b) Importer(2089858483,192608db42251d675da83286b1cce702) (ScriptedImporter) -> (artifact id: '33dbcda5ebc8c8afec3ee6269ad523a0') in 0.0046018 seconds
Number of updated asset objects reloaded before import = 0Number of asset objects unloaded after import = 0

========================================================================
Received Import Request.
  Time since last request: 0.000034 seconds.
  path: Assets/GooglePlayGames/Platforms/TokenClient.cs
  artifactKey: Guid(8c9a946582bf14116914768969f58fc3) Importer(2089858483,192608db42251d675da83286b1cce702)
Start importing Assets/GooglePlayGames/Platforms/TokenClient.cs using Guid(8c9a946582bf14116914768969f58fc3) Importer(2089858483,192608db42251d675da83286b1cce702) (ScriptedImporter) -> (artifact id: 'bff44baad9d5e62f66ce08535b383254') in 0.0045658 seconds
Number of updated asset objects reloaded before import = 0Number of asset objects unloaded after import = 0

========================================================================
Received Import Request.
  Time since last request: 0.000039 seconds.
  path: Assets/Plugins/iOS/GADUObjectCache.h
  artifactKey: Guid(88964b788d5bd418486d4b5e89ae640d) Importer(2089858483,192608db42251d675da83286b1cce702)
Start importing Assets/Plugins/iOS/GADUObjectCache.h using Guid(88964b788d5bd418486d4b5e89ae640d) Importer(2089858483,192608db42251d675da83286b1cce702) (ScriptedImporter) -> (artifact id: '28e98d787dcd91e54fb6c27b2a24ad2f') in 0.0053591 seconds
Number of updated asset objects reloaded before import = 0Number of asset objects unloaded after import = 0

========================================================================
Received Import Request.
  Time since last request: 0.000045 seconds.
  path: Assets/SimpleFX/_Demo/Demo.unity
  artifactKey: Guid(dbe9743d9065a2445a22fa67fa9fdbb5) Importer(2089858483,192608db42251d675da83286b1cce702)
Start importing Assets/SimpleFX/_Demo/Demo.unity using Guid(dbe9743d9065a2445a22fa67fa9fdbb5) Importer(2089858483,192608db42251d675da83286b1cce702) (ScriptedImporter) -> (artifact id: 'c99273fc599b9a12777d6cfd1c968b4e') in 0.0209937 seconds
Number of updated asset objects reloaded before import = 0Number of asset objects unloaded after import = 1

========================================================================
Received Import Request.
  Time since last request: 0.000053 seconds.
  path: Assets/Plugins/iOS/GADURewardedAd.h
  artifactKey: Guid(798e92a9b07924b04b85c44b69ad2633) Importer(2089858483,192608db42251d675da83286b1cce702)
Start importing Assets/Plugins/iOS/GADURewardedAd.h using Guid(798e92a9b07924b04b85c44b69ad2633) Importer(2089858483,192608db42251d675da83286b1cce702) (ScriptedImporter) -> (artifact id: '8bf61314bb2ca5e71f8e841c9ee99f24') in 0.0054655 seconds
Number of updated asset objects reloaded before import = 0Number of asset objects unloaded after import = 0

========================================================================
Received Import Request.
  Time since last request: 0.000206 seconds.
  path: Assets/SimpleFX/Prefabs/FX_FlameThrower.prefab
  artifactKey: Guid(5cd5599e01f32bd418f20a3b9eac1c57) Importer(2089858483,192608db42251d675da83286b1cce702)
Start importing Assets/SimpleFX/Prefabs/FX_FlameThrower.prefab using Guid(5cd5599e01f32bd418f20a3b9eac1c57) Importer(2089858483,192608db42251d675da83286b1cce702) (ScriptedImporter) -> (artifact id: '9e2a3d6b0abd4c9840060938d0c696d4') in 0.0368947 seconds
Number of updated asset objects reloaded before import = 0Number of asset objects unloaded after import = 6

========================================================================
Received Import Request.
  Time since last request: 0.000018 seconds.
  path: Assets/Test game/Fonts/Roboto-Light.ttf
  artifactKey: Guid(8c740fb154a0e534aa1c489395c538fb) Importer(2089858483,192608db42251d675da83286b1cce702)
Start importing Assets/Test game/Fonts/Roboto-Light.ttf using Guid(8c740fb154a0e534aa1c489395c538fb) Importer(2089858483,192608db42251d675da83286b1cce702) (ScriptedImporter) -> (artifact id: '20f1cf6d543963606966e442f9059bf6') in 0.0109804 seconds
Number of updated asset objects reloaded before import = 0Number of asset objects unloaded after import = 3

========================================================================
Received Import Request.
  Time since last request: 0.000023 seconds.
  path: Assets/OrdosFX/PortalsPackage#2/PostEffectsMobile.asset
  artifactKey: Guid(b6a581314552bdf4889931ec3ab20d27) Importer(2089858483,192608db42251d675da83286b1cce702)
Start importing Assets/OrdosFX/PortalsPackage#2/PostEffectsMobile.asset using Guid(b6a581314552bdf4889931ec3ab20d27) Importer(2089858483,192608db42251d675da83286b1cce702) (ScriptedImporter) -> (artifact id: '085bdbff28b2acae40010f418e190354') in 0.0116034 seconds
Number of updated asset objects reloaded before import = 0Number of asset objects unloaded after import = 1

========================================================================
Received Import Request.
  Time since last request: 0.000012 seconds.
  path: Assets/Plugins/iOS/GADUInterstitial.h
  artifactKey: Guid(397c937b2fe194765a1e307cad73972d) Importer(2089858483,192608db42251d675da83286b1cce702)
Start importing Assets/Plugins/iOS/GADUInterstitial.h using Guid(397c937b2fe194765a1e307cad73972d) Importer(2089858483,192608db42251d675da83286b1cce702) (ScriptedImporter) -> (artifact id: 'a507a924b4f48c06c04eab3a7d525eff') in 0.0050666 seconds
Number of updated asset objects reloaded before import = 0Number of asset objects unloaded after import = 0

========================================================================
Received Import Request.
  Time since last request: 0.000070 seconds.
  path: Assets/Plugins/iOS/GADUAdLoader.h
  artifactKey: Guid(ef8604326544f43fcb2c7453539c61db) Importer(2089858483,192608db42251d675da83286b1cce702)
Start importing Assets/Plugins/iOS/GADUAdLoader.h using Guid(ef8604326544f43fcb2c7453539c61db) Importer(2089858483,192608db42251d675da83286b1cce702) (ScriptedImporter) -> (artifact id: '0647f79d143b35c0c6f524c09d0ffb2b') in 0.0049555 seconds
Number of updated asset objects reloaded before import = 0Number of asset objects unloaded after import = 0

========================================================================
Received Import Request.
  Time since last request: 0.000053 seconds.
  path: Assets/SimpleFX/Prefabs/FX_Lightray.prefab
  artifactKey: Guid(e7aa3eba36ce5d04c84a01925e585932) Importer(2089858483,192608db42251d675da83286b1cce702)
Start importing Assets/SimpleFX/Prefabs/FX_Lightray.prefab using Guid(e7aa3eba36ce5d04c84a01925e585932) Importer(2089858483,192608db42251d675da83286b1cce702) (ScriptedImporter) -> (artifact id: '3bd3f31a417c2e7dbab3671c52815cd7') in 0.0096498 seconds
Number of updated asset objects reloaded before import = 0Number of asset objects unloaded after import = 7

========================================================================
Received Import Request.
  Time since last request: 0.000013 seconds.
  path: Assets/OrdosFX/PortalsPackage#2/PostEffects.asset
  artifactKey: Guid(c382878acc9a1934ab9db8b97a42c583) Importer(2089858483,192608db42251d675da83286b1cce702)
Start importing Assets/OrdosFX/PortalsPackage#2/PostEffects.asset using Guid(c382878acc9a1934ab9db8b97a42c583) Importer(2089858483,192608db42251d675da83286b1cce702) (ScriptedImporter) -> (artifact id: 'b9b46ef88114c55c30f88a8c1316f24f') in 0.004959 seconds
Number of updated asset objects reloaded before import = 0Number of asset objects unloaded after import = 1

========================================================================
Received Import Request.
  Time since last request: 0.000015 seconds.
  path: Assets/GooglePlayGames/OurUtils/PlayGamesHelperObject.cs
  artifactKey: Guid(7dd6f93ee6cb54945aea72a87542f720) Importer(2089858483,192608db42251d675da83286b1cce702)
Start importing Assets/GooglePlayGames/OurUtils/PlayGamesHelperObject.cs using Guid(7dd6f93ee6cb54945aea72a87542f720) Importer(2089858483,192608db42251d675da83286b1cce702) (ScriptedImporter) -> (artifact id: '50c8b9e3560535d1b5bb4949e4a3c040') in 0.0056079 seconds
Number of updated asset objects reloaded before import = 0Number of asset objects unloaded after import = 0

========================================================================
Received Import Request.
  Time since last request: 0.000052 seconds.
  path: Assets/GooglePlayGames/Platforms/PlayGamesClientFactory.cs
  artifactKey: Guid(435fc2d0dc0ba475e9c8b0796303d6dd) Importer(2089858483,192608db42251d675da83286b1cce702)
Start importing Assets/GooglePlayGames/Platforms/PlayGamesClientFactory.cs using Guid(435fc2d0dc0ba475e9c8b0796303d6dd) Importer(2089858483,192608db42251d675da83286b1cce702) (ScriptedImporter) -> (artifact id: '9ac63f0bbce5779490f576378f2e7fe9') in 0.004462 seconds
Number of updated asset objects reloaded before import = 0Number of asset objects unloaded after import = 0

========================================================================
Received Import Request.
  Time since last request: 0.000028 seconds.
  path: Assets/Test game/Materials/plyer.mat
  artifactKey: Guid(2287aaa361184204e96c1910132eaaf1) Importer(2089858483,192608db42251d675da83286b1cce702)
Start importing Assets/Test game/Materials/plyer.mat using Guid(2287aaa361184204e96c1910132eaaf1) Importer(2089858483,192608db42251d675da83286b1cce702) (ScriptedImporter) -> (artifact id: 'f48fa35be38a8ef370b86243a203dfb5') in 0.0121537 seconds
Number of updated asset objects reloaded before import = 0Number of asset objects unloaded after import = 2

========================================================================
Received Import Request.
  Time since last request: 0.000013 seconds.
  path: Assets/Plugins/iOS/GADURequestConfiguration.h
  artifactKey: Guid(1fd8b165c6e7e421c85bcee0dd0e603d) Importer(2089858483,192608db42251d675da83286b1cce702)
Start importing Assets/Plugins/iOS/GADURequestConfiguration.h using Guid(1fd8b165c6e7e421c85bcee0dd0e603d) Importer(2089858483,192608db42251d675da83286b1cce702) (ScriptedImporter) -> (artifact id: 'd3478931a68115ba076ac9aec10d0fac') in 0.0051401 seconds
Number of updated asset objects reloaded before import = 0Number of asset objects unloaded after import = 0

========================================================================
Received Import Request.
  Time since last request: 0.000064 seconds.
  path: Assets/Plugins/Android/gradleTemplate.properties
  artifactKey: Guid(afd0b56d5d1ad411092f0d28467ecaf5) Importer(2089858483,192608db42251d675da83286b1cce702)
Start importing Assets/Plugins/Android/gradleTemplate.properties using Guid(afd0b56d5d1ad411092f0d28467ecaf5) Importer(2089858483,192608db42251d675da83286b1cce702) (ScriptedImporter) -> (artifact id: '2ed56c8b265a85ffd9540e241b51f320') in 0.0044334 seconds
Number of updated asset objects reloaded before import = 0Number of asset objects unloaded after import = 1

========================================================================
Received Import Request.
  Time since last request: 0.000037 seconds.
  path: Assets/Plugins/iOS/GADUInterface.m
  artifactKey: Guid(2dd120519e6ed4a58ad36ac1eb1f2053) Importer(2089858483,192608db42251d675da83286b1cce702)
Start importing Assets/Plugins/iOS/GADUInterface.m using Guid(2dd120519e6ed4a58ad36ac1eb1f2053) Importer(2089858483,192608db42251d675da83286b1cce702) (ScriptedImporter) -> (artifact id: 'e9c229b45a68ba6d0c71ddd59a512e86') in 0.0044683 seconds
Number of updated asset objects reloaded before import = 0Number of asset objects unloaded after import = 0

========================================================================
Received Import Request.
  Time since last request: 0.000071 seconds.
  path: Assets/Test game/Fonts/Roboto-Black.ttf
  artifactKey: Guid(edf3e7e4758434d4c897e06e8548fbf0) Importer(2089858483,192608db42251d675da83286b1cce702)
Start importing Assets/Test game/Fonts/Roboto-Black.ttf using Guid(edf3e7e4758434d4c897e06e8548fbf0) Importer(2089858483,192608db42251d675da83286b1cce702) (ScriptedImporter) -> (artifact id: '16815461ece551246532e36c38a3f904') in 0.0135416 seconds
Number of updated asset objects reloaded before import = 0Number of asset objects unloaded after import = 3

========================================================================
Received Import Request.
  Time since last request: 0.000013 seconds.
  path: Assets/PlayServicesResolver/Editor/play-services-resolver_v1.2.137.0.txt
  artifactKey: Guid(ba6f911c6f9d4d9ea269756e9dafb641) Importer(2089858483,192608db42251d675da83286b1cce702)
Start importing Assets/PlayServicesResolver/Editor/play-services-resolver_v1.2.137.0.txt using Guid(ba6f911c6f9d4d9ea269756e9dafb641) Importer(2089858483,192608db42251d675da83286b1cce702) (ScriptedImporter) -> (artifact id: '07f242478061415b3a7c544928d7cede') in 0.0059662 seconds
Number of updated asset objects reloaded before import = 0Number of asset objects unloaded after import = 1

========================================================================
Received Import Request.
  Time since last request: 0.000050 seconds.
  path: Assets/Test game/Materials/Floor.mat
  artifactKey: Guid(18f5f240023a67d42b98fc74173c21a5) Importer(2089858483,192608db42251d675da83286b1cce702)
Start importing Assets/Test game/Materials/Floor.mat using Guid(18f5f240023a67d42b98fc74173c21a5) Importer(2089858483,192608db42251d675da83286b1cce702) (ScriptedImporter) -> (artifact id: 'a7f78619cd736a4368ddc2d7e0585d2c') in 0.0354963 seconds
Number of updated asset objects reloaded before import = 0Number of asset objects unloaded after import = 2

========================================================================
Received Import Request.
  Time since last request: 0.000015 seconds.
  path: Assets/OrdosFX/PortalsPackage#2/ReadMe.pdf
  artifactKey: Guid(9bb4ce8cab7e0784c82bcdb754679580) Importer(2089858483,192608db42251d675da83286b1cce702)
Start importing Assets/OrdosFX/PortalsPackage#2/ReadMe.pdf using Guid(9bb4ce8cab7e0784c82bcdb754679580) Importer(2089858483,192608db42251d675da83286b1cce702) (ScriptedImporter) -> (artifact id: '052675e53496c1beb0f6184cd1b7bd32') in 0.0044401 seconds
Number of updated asset objects reloaded before import = 0Number of asset objects unloaded after import = 1

========================================================================
Received Import Request.
  Time since last request: 0.000017 seconds.
  path: Assets/Test game/Fonts/Roboto-Regular.ttf
  artifactKey: Guid(1ab4740f034baf2488e984a82e190cb3) Importer(2089858483,192608db42251d675da83286b1cce702)
Start importing Assets/Test game/Fonts/Roboto-Regular.ttf using Guid(1ab4740f034baf2488e984a82e190cb3) Importer(2089858483,192608db42251d675da83286b1cce702) (ScriptedImporter) -> (artifact id: 'c8918d6da4d8a446ae67b654f2ecdd48') in 0.0093109 seconds
Number of updated asset objects reloaded before import = 0Number of asset objects unloaded after import = 3

========================================================================
Received Import Request.
  Time since last request: 0.000012 seconds.
  path: Assets/SimpleFX/Prefabs/FX_PoolSplash_03.prefab
  artifactKey: Guid(b147df4880cd0df449352ee652f14686) Importer(2089858483,192608db42251d675da83286b1cce702)
Start importing Assets/SimpleFX/Prefabs/FX_PoolSplash_03.prefab using Guid(b147df4880cd0df449352ee652f14686) Importer(2089858483,192608db42251d675da83286b1cce702) (ScriptedImporter) -> (artifact id: '6b2237a70c866febc4c220f7ebf30f3d') in 0.0104802 seconds
Number of updated asset objects reloaded before import = 0Number of asset objects unloaded after import = 7

========================================================================
Received Import Request.
  Time since last request: 0.000015 seconds.
  path: Assets/SimpleFX/Models/FX_PoolSplash_03.fbx
  artifactKey: Guid(104d9f0364dc5e8438f4350ff7e726dd) Importer(2089858483,192608db42251d675da83286b1cce702)
Start importing Assets/SimpleFX/Models/FX_PoolSplash_03.fbx using Guid(104d9f0364dc5e8438f4350ff7e726dd) Importer(2089858483,192608db42251d675da83286b1cce702) (ScriptedImporter) -> (artifact id: '7dbb7748bcd651e661ea9b4037b994b0') in 0.0360458 seconds
Number of updated asset objects reloaded before import = 0Number of asset objects unloaded after import = 7

========================================================================
Received Import Request.
  Time since last request: 0.000015 seconds.
  path: Assets/SimpleFX/Prefabs/FX_Fire.prefab
  artifactKey: Guid(756d99540142b5e4a8d174e18a6310d9) Importer(2089858483,192608db42251d675da83286b1cce702)
Start importing Assets/SimpleFX/Prefabs/FX_Fire.prefab using Guid(756d99540142b5e4a8d174e18a6310d9) Importer(2089858483,192608db42251d675da83286b1cce702) (ScriptedImporter) -> (artifact id: 'aef8e79f8d776ea93eacd4a5290e6438') in 0.0332791 seconds
Number of updated asset objects reloaded before import = 0Number of asset objects unloaded after import = 6

========================================================================
Received Import Request.
  Time since last request: 0.000015 seconds.
  path: Assets/Test game/Prefab/Auto generated floor.prefab
  artifactKey: Guid(e7942f3b6a22c904c991a8c0cc5b77e5) Importer(2089858483,192608db42251d675da83286b1cce702)
Start importing Assets/Test game/Prefab/Auto generated floor.prefab using Guid(e7942f3b6a22c904c991a8c0cc5b77e5) Importer(2089858483,192608db42251d675da83286b1cce702) (ScriptedImporter) -> (artifact id: '9e33b3668bd0b4685dc1aa3d2d87ef41') in 0.0131314 seconds
Number of updated asset objects reloaded before import = 0Number of asset objects unloaded after import = 87

========================================================================
Received Import Request.
  Time since last request: 0.000022 seconds.
  path: Assets/Plugins/iOS/GADUAdNetworkExtras.h
  artifactKey: Guid(e7cbd1b708df24e94b31acb5ea98735b) Importer(2089858483,192608db42251d675da83286b1cce702)
Start importing Assets/Plugins/iOS/GADUAdNetworkExtras.h using Guid(e7cbd1b708df24e94b31acb5ea98735b) Importer(2089858483,192608db42251d675da83286b1cce702) (ScriptedImporter) -> (artifact id: '0a1e327637d9b49d3ad997afebfb5926') in 0.0048847 seconds
Number of updated asset objects reloaded before import = 0Number of asset objects unloaded after import = 0

========================================================================
Received Import Request.
  Time since last request: 0.000049 seconds.
  path: Assets/SimpleFX/Prefabs/FX_WaterSplatter.prefab
  artifactKey: Guid(263867d4955e3644f9a1dfa779ab7d1e) Importer(2089858483,192608db42251d675da83286b1cce702)
Start importing Assets/SimpleFX/Prefabs/FX_WaterSplatter.prefab using Guid(263867d4955e3644f9a1dfa779ab7d1e) Importer(2089858483,192608db42251d675da83286b1cce702) (ScriptedImporter) -> (artifact id: '92387536a17384b7584afc1c25cc101a') in 0.0364116 seconds
Number of updated asset objects reloaded before import = 0Number of asset objects unloaded after import = 6

========================================================================
Received Import Request.
  Time since last request: 0.000017 seconds.
  path: Assets/Test game/Materials/Enemy 2 Moveable.mat
  artifactKey: Guid(fe48218a647adf6478316a1e4d3d3442) Importer(2089858483,192608db42251d675da83286b1cce702)
Start importing Assets/Test game/Materials/Enemy 2 Moveable.mat using Guid(fe48218a647adf6478316a1e4d3d3442) Importer(2089858483,192608db42251d675da83286b1cce702) (ScriptedImporter) -> (artifact id: '4599df3d88f9cbdc92b7f488e16344da') in 0.0067444 seconds
Number of updated asset objects reloaded before import = 0Number of asset objects unloaded after import = 2

========================================================================
Received Import Request.
  Time since last request: 0.000012 seconds.
  path: Assets/Test game/Icon/Icon.png
  artifactKey: Guid(697f48e90da7c6c49bede7b609b6418a) Importer(2089858483,192608db42251d675da83286b1cce702)
Start importing Assets/Test game/Icon/Icon.png using Guid(697f48e90da7c6c49bede7b609b6418a) Importer(2089858483,192608db42251d675da83286b1cce702) (ScriptedImporter) -> (artifact id: 'd2035810d5e43896c786d5edd532630e') in 0.0155533 seconds
Number of updated asset objects reloaded before import = 0Number of asset objects unloaded after import = 1

========================================================================
Received Import Request.
  Time since last request: 0.000032 seconds.
  path: Assets/SimpleFX/Prefabs/FX_Fireworks_Green_Small.prefab
  artifactKey: Guid(cd4d7020429cde74db076ffa72495419) Importer(2089858483,192608db42251d675da83286b1cce702)
Start importing Assets/SimpleFX/Prefabs/FX_Fireworks_Green_Small.prefab using Guid(cd4d7020429cde74db076ffa72495419) Importer(2089858483,192608db42251d675da83286b1cce702) (ScriptedImporter) -> (artifact id: '386d9475ceb6994d70d8bd3292e90cbb') in 0.0339777 seconds
Number of updated asset objects reloaded before import = 0Number of asset objects unloaded after import = 6

========================================================================
Received Import Request.
  Time since last request: 0.000035 seconds.
  path: Assets/Plugins/iOS/GADURewardedInterstitialAd.m
  artifactKey: Guid(a3cd25e77fded47d8b649a29a53be62d) Importer(2089858483,192608db42251d675da83286b1cce702)
Start importing Assets/Plugins/iOS/GADURewardedInterstitialAd.m using Guid(a3cd25e77fded47d8b649a29a53be62d) Importer(2089858483,192608db42251d675da83286b1cce702) (ScriptedImporter) -> (artifact id: '09be183388150c43a62c1cd9e89e283d') in 0.0058619 seconds
Number of updated asset objects reloaded before import = 0Number of asset objects unloaded after import = 0

========================================================================
Received Import Request.
  Time since last request: 0.000075 seconds.
  path: Assets/OrdosFX/PortalsPackage#2/Demo.unity
  artifactKey: Guid(096967d751660144abe89964807391b8) Importer(2089858483,192608db42251d675da83286b1cce702)
Start importing Assets/OrdosFX/PortalsPackage#2/Demo.unity using Guid(096967d751660144abe89964807391b8) Importer(2089858483,192608db42251d675da83286b1cce702) (ScriptedImporter) -> (artifact id: '116168389a006173360c679d02f33f17') in 0.0085968 seconds
Number of updated asset objects reloaded before import = 0Number of asset objects unloaded after import = 1

========================================================================
Received Import Request.
  Time since last request: 0.000035 seconds.
  path: Assets/Plugins/iOS/GADURewardedAd.m
  artifactKey: Guid(f00b719a0eb194b638f357b9c9359929) Importer(2089858483,192608db42251d675da83286b1cce702)
Start importing Assets/Plugins/iOS/GADURewardedAd.m using Guid(f00b719a0eb194b638f357b9c9359929) Importer(2089858483,192608db42251d675da83286b1cce702) (ScriptedImporter) -> (artifact id: 'a54c34d7c58d1f04af1458e956c9445e') in 0.0128795 seconds
Number of updated asset objects reloaded before import = 0Number of asset objects unloaded after import = 0

========================================================================
Received Import Request.
  Time since last request: 0.000074 seconds.
  path: Assets/Test game/Materials/Mat.mat
  artifactKey: Guid(c540b5e9e5cb9ff46b1cb829a7ebd530) Importer(2089858483,192608db42251d675da83286b1cce702)
Start importing Assets/Test game/Materials/Mat.mat using Guid(c540b5e9e5cb9ff46b1cb829a7ebd530) Importer(2089858483,192608db42251d675da83286b1cce702) (ScriptedImporter) -> (artifact id: 'f046ac356b25a03920bac3cdf1488964') in 0.010137 seconds
Number of updated asset objects reloaded before import = 0Number of asset objects unloaded after import = 2

========================================================================
Received Import Request.
  Time since last request: 0.000012 seconds.
  path: Assets/Plugins/iOS/GADUObjectCache.m
  artifactKey: Guid(c38d12d9149e2479bbdb408898c21d48) Importer(2089858483,192608db42251d675da83286b1cce702)
Start importing Assets/Plugins/iOS/GADUObjectCache.m using Guid(c38d12d9149e2479bbdb408898c21d48) Importer(2089858483,192608db42251d675da83286b1cce702) (ScriptedImporter) -> (artifact id: '29a41ef56706016c017b889e8aa5cce4') in 0.0044022 seconds
Number of updated asset objects reloaded before import = 0Number of asset objects unloaded after import = 0

========================================================================
Received Import Request.
  Time since last request: 0.000049 seconds.
  path: Assets/SimpleFX/Models/FX_Lightray.fbx
  artifactKey: Guid(e27c39df43b866b469e491273c885c51) Importer(2089858483,192608db42251d675da83286b1cce702)
Start importing Assets/SimpleFX/Models/FX_Lightray.fbx using Guid(e27c39df43b866b469e491273c885c51) Importer(2089858483,192608db42251d675da83286b1cce702) (ScriptedImporter) -> (artifact id: 'd6a060df405d2e908e54aa750fbe1786') in 0.0172015 seconds
Number of updated asset objects reloaded before import = 0Number of asset objects unloaded after import = 7

========================================================================
Received Import Request.
  Time since last request: 0.000012 seconds.
  path: Assets/SimpleFX/Prefabs/FX_BloodSplatter.prefab
  artifactKey: Guid(8c27aeead6d968e4ba986702d6b84335) Importer(2089858483,192608db42251d675da83286b1cce702)
Start importing Assets/SimpleFX/Prefabs/FX_BloodSplatter.prefab using Guid(8c27aeead6d968e4ba986702d6b84335) Importer(2089858483,192608db42251d675da83286b1cce702) (ScriptedImporter) -> (artifact id: 'ba74ecd1829bec3fc0e1f866c04a91cb') in 0.0384734 seconds
Number of updated asset objects reloaded before import = 0Number of asset objects unloaded after import = 6

========================================================================
Received Import Request.
  Time since last request: 0.000071 seconds.
  path: Assets/SimpleFX/Prefabs/FX_Fireworks_Blue_Large.prefab
  artifactKey: Guid(5702e2a6fea804b45b49b70d8feaf7ae) Importer(2089858483,192608db42251d675da83286b1cce702)
Start importing Assets/SimpleFX/Prefabs/FX_Fireworks_Blue_Large.prefab using Guid(5702e2a6fea804b45b49b70d8feaf7ae) Importer(2089858483,192608db42251d675da83286b1cce702) (ScriptedImporter) -> (artifact id: '2f708f2a0d2a49e76823f320181ef67c') in 0.0317038 seconds
Number of updated asset objects reloaded before import = 0Number of asset objects unloaded after import = 6

========================================================================
Received Import Request.
  Time since last request: 0.000024 seconds.
  path: Assets/SimpleFX/Prefabs/FX_Dust_Prefab_03.prefab
  artifactKey: Guid(1570b78163aaedc44bfd35cf13a9f13f) Importer(2089858483,192608db42251d675da83286b1cce702)
Start importing Assets/SimpleFX/Prefabs/FX_Dust_Prefab_03.prefab using Guid(1570b78163aaedc44bfd35cf13a9f13f) Importer(2089858483,192608db42251d675da83286b1cce702) (ScriptedImporter) -> (artifact id: '105118971f7e405cd41b423370f3742b') in 0.0287449 seconds
Number of updated asset objects reloaded before import = 0Number of asset objects unloaded after import = 6

========================================================================
Received Import Request.
  Time since last request: 0.000013 seconds.
  path: Assets/Plugins/iOS/GADUAdLoader.m
  artifactKey: Guid(aebd0acb4a17040a692950c294cd2cbe) Importer(2089858483,192608db42251d675da83286b1cce702)
Start importing Assets/Plugins/iOS/GADUAdLoader.m using Guid(aebd0acb4a17040a692950c294cd2cbe) Importer(2089858483,192608db42251d675da83286b1cce702) (ScriptedImporter) -> (artifact id: '84afd440c9768f525832def6c641b47d') in 0.0051144 seconds
Number of updated asset objects reloaded before import = 0Number of asset objects unloaded after import = 0

========================================================================
Received Import Request.
  Time since last request: 0.000059 seconds.
  path: Assets/Plugins/Android/mainTemplate.gradle
  artifactKey: Guid(13b13755baec045bc886df6f56ec5097) Importer(2089858483,192608db42251d675da83286b1cce702)
Start importing Assets/Plugins/Android/mainTemplate.gradle using Guid(13b13755baec045bc886df6f56ec5097) Importer(2089858483,192608db42251d675da83286b1cce702) (ScriptedImporter) -> (artifact id: 'b0c49ad12e826c7863bf24de98df9d64') in 0.0041657 seconds
Number of updated asset objects reloaded before import = 0Number of asset objects unloaded after import = 1

========================================================================
Received Import Request.
  Time since last request: 0.000047 seconds.
  path: Assets/SimpleFX/Prefabs/FX_Explosion_Rubble.prefab
  artifactKey: Guid(079954accd64b32419ec069129c81273) Importer(2089858483,192608db42251d675da83286b1cce702)
Start importing Assets/SimpleFX/Prefabs/FX_Explosion_Rubble.prefab using Guid(079954accd64b32419ec069129c81273) Importer(2089858483,192608db42251d675da83286b1cce702) (ScriptedImporter) -> (artifact id: '718fb76c510975dfa839335a854eea94') in 0.0341939 seconds
Number of updated asset objects reloaded before import = 0Number of asset objects unloaded after import = 15

========================================================================
Received Import Request.
  Time since last request: 0.000013 seconds.
  path: Assets/Plugins/iOS/GADUBanner.h
  artifactKey: Guid(12bff3b69fa05404fafd4c26d3935fef) Importer(2089858483,192608db42251d675da83286b1cce702)
Start importing Assets/Plugins/iOS/GADUBanner.h using Guid(12bff3b69fa05404fafd4c26d3935fef) Importer(2089858483,192608db42251d675da83286b1cce702) (ScriptedImporter) -> (artifact id: '6be7a45c0653d4a374a519912fc8bba8') in 0.0046127 seconds
Number of updated asset objects reloaded before import = 0Number of asset objects unloaded after import = 0

========================================================================
Received Import Request.
  Time since last request: 0.000053 seconds.
  path: Assets/Test game/Materials/Plane Mat 1.mat
  artifactKey: Guid(977812ebcf17e414f944b3a7da72d7b6) Importer(2089858483,192608db42251d675da83286b1cce702)
Start importing Assets/Test game/Materials/Plane Mat 1.mat using Guid(977812ebcf17e414f944b3a7da72d7b6) Importer(2089858483,192608db42251d675da83286b1cce702) (ScriptedImporter) -> (artifact id: '58551f93bdf7ff1156e95823a564d4e0') in 0.1000491 seconds
Number of updated asset objects reloaded before import = 0Number of asset objects unloaded after import = 1

========================================================================
Received Import Request.
  Time since last request: 0.000017 seconds.
  path: Assets/Animation/UI/Game Over UI/Game Over Menu_ Idle.anim
  artifactKey: Guid(42d8b01d13a1ae9449f4c0307dbfb87f) Importer(2089858483,192608db42251d675da83286b1cce702)
Start importing Assets/Animation/UI/Game Over UI/Game Over Menu_ Idle.anim using Guid(42d8b01d13a1ae9449f4c0307dbfb87f) Importer(2089858483,192608db42251d675da83286b1cce702) (ScriptedImporter) -> (artifact id: 'fd9a3280a987455b85e6357f6dbaa67e') in 0.0229184 seconds
Number of updated asset objects reloaded before import = 0Number of asset objects unloaded after import = 1

========================================================================
Received Import Request.
  Time since last request: 0.000050 seconds.
  path: Assets/Animation/UI/Pause Panel/PausePanel_idel.anim
  artifactKey: Guid(ca8e189c2edbb5a4785cbd5472ae0315) Importer(2089858483,192608db42251d675da83286b1cce702)
Start importing Assets/Animation/UI/Pause Panel/PausePanel_idel.anim using Guid(ca8e189c2edbb5a4785cbd5472ae0315) Importer(2089858483,192608db42251d675da83286b1cce702) (ScriptedImporter) -> (artifact id: '7af769b468d709ab28c187801026b81b') in 0.0064273 seconds
Number of updated asset objects reloaded before import = 0Number of asset objects unloaded after import = 1

========================================================================
Received Import Request.
  Time since last request: 0.000048 seconds.
  path: Assets/Game GUI Vol1/Playful/PNG/GooglePlus.png
  artifactKey: Guid(f81d16fc976584825bd3c0de731a9bbe) Importer(2089858483,192608db42251d675da83286b1cce702)
Start importing Assets/Game GUI Vol1/Playful/PNG/GooglePlus.png using Guid(f81d16fc976584825bd3c0de731a9bbe) Importer(2089858483,192608db42251d675da83286b1cce702) (ScriptedImporter) -> (artifact id: '656fafacd189a41454bf9370aa4a6ae1') in 0.0141618 seconds
Number of updated asset objects reloaded before import = 0Number of asset objects unloaded after import = 3

========================================================================
Received Import Request.
  Time since last request: 0.000013 seconds.
  path: Assets/Game GUI Vol1/LazyDay/PNG/RightArrow2.png
  artifactKey: Guid(158d9e70551a94b70b0ef8b0ff7e3183) Importer(2089858483,192608db42251d675da83286b1cce702)
Start importing Assets/Game GUI Vol1/LazyDay/PNG/RightArrow2.png using Guid(158d9e70551a94b70b0ef8b0ff7e3183) Importer(2089858483,192608db42251d675da83286b1cce702) (ScriptedImporter) -> (artifact id: 'ebf8e2f6031ea9155d8a9ed7ce973f6a') in 0.0133457 seconds
Number of updated asset objects reloaded before import = 0Number of asset objects unloaded after import = 3

========================================================================
Received Import Request.
  Time since last request: 0.000011 seconds.
  path: Assets/Game GUI Vol1/PurpleRock/PNG/SoundON.png
  artifactKey: Guid(aebe8973df4444fb096d979f24b536bf) Importer(2089858483,192608db42251d675da83286b1cce702)
Start importing Assets/Game GUI Vol1/PurpleRock/PNG/SoundON.png using Guid(aebe8973df4444fb096d979f24b536bf) Importer(2089858483,192608db42251d675da83286b1cce702) (ScriptedImporter) -> (artifact id: 'd07dcc4490f6ca46b809378314888250') in 0.0198791 seconds
Number of updated asset objects reloaded before import = 0Number of asset objects unloaded after import = 3

========================================================================
Received Import Request.
  Time since last request: 0.000013 seconds.
  path: Assets/Test game/Updated Game/ReflectionProbe-0.exr
  artifactKey: Guid(d0c92fc1a2cf1294aa094ef2b11110c9) Importer(2089858483,192608db42251d675da83286b1cce702)
Start importing Assets/Test game/Updated Game/ReflectionProbe-0.exr using Guid(d0c92fc1a2cf1294aa094ef2b11110c9) Importer(2089858483,192608db42251d675da83286b1cce702) (ScriptedImporter) -> (artifact id: '8d457444ea66b30925c28c9001242918') in 0.0132958 seconds
Number of updated asset objects reloaded before import = 0Number of asset objects unloaded after import = 1

========================================================================
Received Import Request.
  Time since last request: 0.000039 seconds.
  path: Assets/SimpleFX/Prefabs/FX_Rubble.prefab
  artifactKey: Guid(7904355fdf7fdcb4ebc3dca81eb5890e) Importer(2089858483,192608db42251d675da83286b1cce702)
Start importing Assets/SimpleFX/Prefabs/FX_Rubble.prefab using Guid(7904355fdf7fdcb4ebc3dca81eb5890e) Importer(2089858483,192608db42251d675da83286b1cce702) (ScriptedImporter) -> (artifact id: '059b85ec04cd01f4abe3ae8c1f803ccb') in 0.0092846 seconds
Number of updated asset objects reloaded before import = 0Number of asset objects unloaded after import = 7

========================================================================
Received Import Request.
  Time since last request: 0.000014 seconds.
  path: Assets/Game GUI Vol1/Playful/PNG/Facebook.png
  artifactKey: Guid(6e750fd74c75647a6ad4084d7ca478ee) Importer(2089858483,192608db42251d675da83286b1cce702)
Start importing Assets/Game GUI Vol1/Playful/PNG/Facebook.png using Guid(6e750fd74c75647a6ad4084d7ca478ee) Importer(2089858483,192608db42251d675da83286b1cce702) (ScriptedImporter) -> (artifact id: '47d05077803185cec57f2446e4e191b9') in 0.0141675 seconds
Number of updated asset objects reloaded before import = 0Number of asset objects unloaded after import = 3

========================================================================
Received Import Request.
  Time since last request: 0.000013 seconds.
  path: Assets/Game GUI Vol1/PurpleRock/Sprites/PurpleRockBG-resized.png
  artifactKey: Guid(3fb580970ae8c48e7befdc608b11eacc) Importer(2089858483,192608db42251d675da83286b1cce702)
Start importing Assets/Game GUI Vol1/PurpleRock/Sprites/PurpleRockBG-resized.png using Guid(3fb580970ae8c48e7befdc608b11eacc) Importer(2089858483,192608db42251d675da83286b1cce702) (ScriptedImporter) -> (artifact id: '8a2843772eb82aa991c55030f9dab7cd') in 0.0194619 seconds
Number of updated asset objects reloaded before import = 0Number of asset objects unloaded after import = 3

========================================================================
Received Import Request.
  Time since last request: 0.000015 seconds.
  path: Assets/Game GUI Vol1/Playful/PNG/Setting.png
  artifactKey: Guid(be8cca1b5f8a141d5a739368332d1278) Importer(2089858483,192608db42251d675da83286b1cce702)
Start importing Assets/Game GUI Vol1/Playful/PNG/Setting.png using Guid(be8cca1b5f8a141d5a739368332d1278) Importer(2089858483,192608db42251d675da83286b1cce702) (ScriptedImporter) -> (artifact id: 'dab999d791ce2cbecfd70079fd1092af') in 0.0126958 seconds
Number of updated asset objects reloaded before import = 0Number of asset objects unloaded after import = 3

========================================================================
Received Import Request.
  Time since last request: 0.000023 seconds.
  path: Assets/Unity Utility/Collision/CollisionScene.unity
  artifactKey: Guid(a65a75189748ad34480485d709412e44) Importer(2089858483,192608db42251d675da83286b1cce702)
Start importing Assets/Unity Utility/Collision/CollisionScene.unity using Guid(a65a75189748ad34480485d709412e44) Importer(2089858483,192608db42251d675da83286b1cce702) (ScriptedImporter) -> (artifact id: '557778d0a8ba6fffcf465e0d7c87b9fe') in 0.0048631 seconds
Number of updated asset objects reloaded before import = 0Number of asset objects unloaded after import = 1

========================================================================
Received Import Request.
  Time since last request: 0.000041 seconds.
  path: Assets/Game GUI Vol1/Playful/PNG/RightArrow2.png
  artifactKey: Guid(6f83ff1cec9b44582825b4e3893abc1b) Importer(2089858483,192608db42251d675da83286b1cce702)
Start importing Assets/Game GUI Vol1/Playful/PNG/RightArrow2.png using Guid(6f83ff1cec9b44582825b4e3893abc1b) Importer(2089858483,192608db42251d675da83286b1cce702) (ScriptedImporter) -> (artifact id: 'deccd901d30762cc50eb0d756d8cbb81') in 0.0111361 seconds
Number of updated asset objects reloaded before import = 0Number of asset objects unloaded after import = 3

========================================================================
Received Import Request.
  Time since last request: 0.000012 seconds.
  path: Assets/Game GUI Vol1/Playful/PNG/Shop.png
  artifactKey: Guid(d7dc60134e8aa4c7cb98c0c2c539e948) Importer(2089858483,192608db42251d675da83286b1cce702)
Start importing Assets/Game GUI Vol1/Playful/PNG/Shop.png using Guid(d7dc60134e8aa4c7cb98c0c2c539e948) Importer(2089858483,192608db42251d675da83286b1cce702) (ScriptedImporter) -> (artifact id: '358dac44af8a71f16e15d2243c171e45') in 0.0201002 seconds
Number of updated asset objects reloaded before import = 0Number of asset objects unloaded after import = 3

========================================================================
Received Import Request.
  Time since last request: 0.000013 seconds.
  path: Assets/Game GUI Vol1/Playful/PNG/QuestionMark.png
  artifactKey: Guid(4897c39ed1db34fcc81eca6e13612f56) Importer(2089858483,192608db42251d675da83286b1cce702)
Start importing Assets/Game GUI Vol1/Playful/PNG/QuestionMark.png using Guid(4897c39ed1db34fcc81eca6e13612f56) Importer(2089858483,192608db42251d675da83286b1cce702) (ScriptedImporter) -> (artifact id: 'c0bfd7395d8f766a3d2ea1d16298dad3') in 0.0135237 seconds
Number of updated asset objects reloaded before import = 0Number of asset objects unloaded after import = 3

========================================================================
Received Import Request.
  Time since last request: 0.000015 seconds.
  path: Assets/Test game/Prefab/FlyerGate.prefab
  artifactKey: Guid(0abe1818c486a3141885c3d0ceff02cf) Importer(2089858483,192608db42251d675da83286b1cce702)
Start importing Assets/Test game/Prefab/FlyerGate.prefab using Guid(0abe1818c486a3141885c3d0ceff02cf) Importer(2089858483,192608db42251d675da83286b1cce702) (ScriptedImporter) -> (artifact id: 'dc51678d6d414196ac273346735e49f5') in 0.017035 seconds
Number of updated asset objects reloaded before import = 0Number of asset objects unloaded after import = 26

========================================================================
Received Import Request.
  Time since last request: 0.000016 seconds.
  path: Assets/Game GUI Vol1/LazyDay/PNG/Trophy.png
  artifactKey: Guid(0589d3eb4e6ef4d269663222f1a92efa) Importer(2089858483,192608db42251d675da83286b1cce702)
Start importing Assets/Game GUI Vol1/LazyDay/PNG/Trophy.png using Guid(0589d3eb4e6ef4d269663222f1a92efa) Importer(2089858483,192608db42251d675da83286b1cce702) (ScriptedImporter) -> (artifact id: '8ad3408ed02199e66889d7b3ce117343') in 0.0110557 seconds
Number of updated asset objects reloaded before import = 0Number of asset objects unloaded after import = 3

========================================================================
Received Import Request.
  Time since last request: 0.000012 seconds.
  path: Assets/Game GUI Vol1/PurpleRock/PNG/RightArrow.png
  artifactKey: Guid(77078911f297f4bd5a569ec4570fb357) Importer(2089858483,192608db42251d675da83286b1cce702)
Start importing Assets/Game GUI Vol1/PurpleRock/PNG/RightArrow.png using Guid(77078911f297f4bd5a569ec4570fb357) Importer(2089858483,192608db42251d675da83286b1cce702) (ScriptedImporter) -> (artifact id: 'de78172fadec4e8f92b599747716fb71') in 0.0225739 seconds
Number of updated asset objects reloaded before import = 0Number of asset objects unloaded after import = 3

========================================================================
Received Import Request.
  Time since last request: 0.000014 seconds.
  path: Assets/Game GUI Vol1/LazyDay/PNG/LeftArrow.png
  artifactKey: Guid(ce35983827a13452393a9e18298f9474) Importer(2089858483,192608db42251d675da83286b1cce702)
Start importing Assets/Game GUI Vol1/LazyDay/PNG/LeftArrow.png using Guid(ce35983827a13452393a9e18298f9474) Importer(2089858483,192608db42251d675da83286b1cce702) (ScriptedImporter) -> (artifact id: '171c41404d988ad9b15feef0ec0b1a01') in 0.0138004 seconds
Number of updated asset objects reloaded before import = 0Number of asset objects unloaded after import = 3

========================================================================
Received Import Request.
  Time since last request: 0.000027 seconds.
  path: Assets/Test game/Prefab/Enemy 3 Cross rotator.prefab
  artifactKey: Guid(d27dea562bad2a841b257fd6e158374f) Importer(2089858483,192608db42251d675da83286b1cce702)
Start importing Assets/Test game/Prefab/Enemy 3 Cross rotator.prefab using Guid(d27dea562bad2a841b257fd6e158374f) Importer(2089858483,192608db42251d675da83286b1cce702) (ScriptedImporter) -> (artifact id: '26161c8f4a3a1d8fcd9cdf527bd3d3b4') in 0.0140767 seconds
Number of updated asset objects reloaded before import = 0Number of asset objects unloaded after import = 27

========================================================================
Received Import Request.
  Time since last request: 0.000017 seconds.
  path: Assets/Unity Utility/Timer/Timer.cs
  artifactKey: Guid(1551c9b1287ecbc4a8fac5f7462378fb) Importer(2089858483,192608db42251d675da83286b1cce702)
Start importing Assets/Unity Utility/Timer/Timer.cs using Guid(1551c9b1287ecbc4a8fac5f7462378fb) Importer(2089858483,192608db42251d675da83286b1cce702) (ScriptedImporter) -> (artifact id: 'e1c51b76d4545587f734c74538682f90') in 0.0051588 seconds
Number of updated asset objects reloaded before import = 0Number of asset objects unloaded after import = 0

========================================================================
Received Import Request.
  Time since last request: 0.000049 seconds.
  path: Assets/Test game/Prefab/Enemy 3 rotator.prefab
  artifactKey: Guid(8eddb7d524619c44992ff64fccbd2ff0) Importer(2089858483,192608db42251d675da83286b1cce702)
Start importing Assets/Test game/Prefab/Enemy 3 rotator.prefab using Guid(8eddb7d524619c44992ff64fccbd2ff0) Importer(2089858483,192608db42251d675da83286b1cce702) (ScriptedImporter) -> (artifact id: '2f11575a42735003739ad2e7c7c85498') in 0.0204445 seconds
Number of updated asset objects reloaded before import = 0Number of asset objects unloaded after import = 23

========================================================================
Received Import Request.
  Time since last request: 0.000015 seconds.
  path: Assets/Game GUI Vol1/Playful/PNG/Email.png
  artifactKey: Guid(01c62efadfd454a479ee0bd73c4b2018) Importer(2089858483,192608db42251d675da83286b1cce702)
Start importing Assets/Game GUI Vol1/Playful/PNG/Email.png using Guid(01c62efadfd454a479ee0bd73c4b2018) Importer(2089858483,192608db42251d675da83286b1cce702) (ScriptedImporter) -> (artifact id: '450e0148b9752cff4195845c3aa7a6c4') in 0.0145117 seconds
Number of updated asset objects reloaded before import = 0Number of asset objects unloaded after import = 3

========================================================================
Received Import Request.
  Time since last request: 0.000015 seconds.
  path: Assets/Game GUI Vol1/LazyDay/PNG/GooglePlus.png
  artifactKey: Guid(b05742cfb10a34ccb8bfd16f85676a04) Importer(2089858483,192608db42251d675da83286b1cce702)
Start importing Assets/Game GUI Vol1/LazyDay/PNG/GooglePlus.png using Guid(b05742cfb10a34ccb8bfd16f85676a04) Importer(2089858483,192608db42251d675da83286b1cce702) (ScriptedImporter) -> (artifact id: '02744684f16f23a594f817486a9e66be') in 0.0144817 seconds
Number of updated asset objects reloaded before import = 0Number of asset objects unloaded after import = 3

========================================================================
Received Import Request.
  Time since last request: 0.000012 seconds.
  path: Assets/Game GUI Vol1/LazyDay/PNG/QuestionMark.png
  artifactKey: Guid(30f5dccc2573c4d85a74ad0aa5c40f20) Importer(2089858483,192608db42251d675da83286b1cce702)
Start importing Assets/Game GUI Vol1/LazyDay/PNG/QuestionMark.png using Guid(30f5dccc2573c4d85a74ad0aa5c40f20) Importer(2089858483,192608db42251d675da83286b1cce702) (ScriptedImporter) -> (artifact id: '572035ab556db325fdaa2c622868fcd4') in 0.0209131 seconds
Number of updated asset objects reloaded before import = 0Number of asset objects unloaded after import = 3

========================================================================
Received Import Request.
  Time since last request: 0.000015 seconds.
  path: Assets/Animation/UI/Start Game Panel/StartMenu_Idle.anim
  artifactKey: Guid(df7fe0a90c8e4d242baec75e1405aa1f) Importer(2089858483,192608db42251d675da83286b1cce702)
Start importing Assets/Animation/UI/Start Game Panel/StartMenu_Idle.anim using Guid(df7fe0a90c8e4d242baec75e1405aa1f) Importer(2089858483,192608db42251d675da83286b1cce702) (ScriptedImporter) -> (artifact id: '25b1e945cfd8c278157da860f285720c') in 0.0071137 seconds
Number of updated asset objects reloaded before import = 0Number of asset objects unloaded after import = 1

========================================================================
Received Import Request.
  Time since last request: 0.000023 seconds.
  path: Assets/Game GUI Vol1/PurpleRock/PNG/Plus.png
  artifactKey: Guid(95f2deec6adc349d593041107b4f54dd) Importer(2089858483,192608db42251d675da83286b1cce702)
Start importing Assets/Game GUI Vol1/PurpleRock/PNG/Plus.png using Guid(95f2deec6adc349d593041107b4f54dd) Importer(2089858483,192608db42251d675da83286b1cce702) (ScriptedImporter) -> (artifact id: '4bace2a8dc1a5d6119ef1e62157125dc') in 0.0134617 seconds
Number of updated asset objects reloaded before import = 0Number of asset objects unloaded after import = 3

========================================================================
Received Import Request.
  Time since last request: 0.000014 seconds.
  path: Assets/Game GUI Vol1/PurpleRock/PNG/Pause.png
  artifactKey: Guid(ff8821736c16349d4b3c8dc2f5ccedcf) Importer(2089858483,192608db42251d675da83286b1cce702)
Start importing Assets/Game GUI Vol1/PurpleRock/PNG/Pause.png using Guid(ff8821736c16349d4b3c8dc2f5ccedcf) Importer(2089858483,192608db42251d675da83286b1cce702) (ScriptedImporter) -> (artifact id: 'b628ae04e20461f2cd63125f615ca97a') in 0.0148462 seconds
Number of updated asset objects reloaded before import = 0Number of asset objects unloaded after import = 3

========================================================================
Received Import Request.
  Time since last request: 0.000013 seconds.
  path: Assets/Animation/UI/Game Over UI/Game Over Menu Appearing.anim
  artifactKey: Guid(7a8564d4ade058c4e9179c857d261691) Importer(2089858483,192608db42251d675da83286b1cce702)
Start importing Assets/Animation/UI/Game Over UI/Game Over Menu Appearing.anim using Guid(7a8564d4ade058c4e9179c857d261691) Importer(2089858483,192608db42251d675da83286b1cce702) (ScriptedImporter) -> (artifact id: 'b9dcb7d5dc39d5341d765a632f87630a') in 0.0059072 seconds
Number of updated asset objects reloaded before import = 0Number of asset objects unloaded after import = 1

========================================================================
Received Import Request.
  Time since last request: 0.000035 seconds.
  path: Assets/Game GUI Vol1/LazyDay/PNG/Home.png
  artifactKey: Guid(f7b138e135c0a45f18d51a95098940e6) Importer(2089858483,192608db42251d675da83286b1cce702)
Start importing Assets/Game GUI Vol1/LazyDay/PNG/Home.png using Guid(f7b138e135c0a45f18d51a95098940e6) Importer(2089858483,192608db42251d675da83286b1cce702) (ScriptedImporter) -> (artifact id: '78f3f678f153266e2e5dfbf4b77b9722') in 0.0181008 seconds
Number of updated asset objects reloaded before import = 0Number of asset objects unloaded after import = 3

========================================================================
Received Import Request.
  Time since last request: 0.000013 seconds.
  path: Assets/Game GUI Vol1/PurpleRock/PNG/UpArrow.png
  artifactKey: Guid(9d38a27b414cd4aa8a1b03f38b9ddcb0) Importer(2089858483,192608db42251d675da83286b1cce702)
Start importing Assets/Game GUI Vol1/PurpleRock/PNG/UpArrow.png using Guid(9d38a27b414cd4aa8a1b03f38b9ddcb0) Importer(2089858483,192608db42251d675da83286b1cce702) (ScriptedImporter) -> (artifact id: 'a0ffd7e7bb07b2f6d03c56fb8f6e4611') in 0.013712 seconds
Number of updated asset objects reloaded before import = 0Number of asset objects unloaded after import = 3

========================================================================
Received Import Request.
  Time since last request: 0.000013 seconds.
  path: Assets/Game GUI Vol1/LazyDay/PNG/Facebook.png
  artifactKey: Guid(f8fbcce33e10b4672b9cf19e5310a455) Importer(2089858483,192608db42251d675da83286b1cce702)
Start importing Assets/Game GUI Vol1/LazyDay/PNG/Facebook.png using Guid(f8fbcce33e10b4672b9cf19e5310a455) Importer(2089858483,192608db42251d675da83286b1cce702) (ScriptedImporter) -> (artifact id: 'b86d40be54109db142f1b4a0e956d3bd') in 0.0121163 seconds
Number of updated asset objects reloaded before import = 0Number of asset objects unloaded after import = 3

========================================================================
Received Import Request.
  Time since last request: 0.000012 seconds.
  path: Assets/Test game/Prefab/Player.prefab
  artifactKey: Guid(24ff2df24c5c381488943ec951a584cc) Importer(2089858483,192608db42251d675da83286b1cce702)
Start importing Assets/Test game/Prefab/Player.prefab using Guid(24ff2df24c5c381488943ec951a584cc) Importer(2089858483,192608db42251d675da83286b1cce702) (ScriptedImporter) -> (artifact id: '8b2409f9beeb7cafc8b869058cb861a6') in 0.0269914 seconds
Number of updated asset objects reloaded before import = 0Number of asset objects unloaded after import = 29

========================================================================
Received Import Request.
  Time since last request: 0.000019 seconds.
  path: Assets/Game GUI Vol1/LazyDay/PNG/Dollar.png
  artifactKey: Guid(5e32ac25d1d1749bd8ad276098500aa1) Importer(2089858483,192608db42251d675da83286b1cce702)
Start importing Assets/Game GUI Vol1/LazyDay/PNG/Dollar.png using Guid(5e32ac25d1d1749bd8ad276098500aa1) Importer(2089858483,192608db42251d675da83286b1cce702) (ScriptedImporter) -> (artifact id: '001e02cc8700cf9bc9ba79e525788161') in 0.0142985 seconds
Number of updated asset objects reloaded before import = 0Number of asset objects unloaded after import = 3

========================================================================
Received Import Request.
  Time since last request: 0.000023 seconds.
  path: Assets/Game GUI Vol1/PurpleRock/PNG/Dollar.png
  artifactKey: Guid(e94bcf476677c405883b8ae8701ab77c) Importer(2089858483,192608db42251d675da83286b1cce702)
Start importing Assets/Game GUI Vol1/PurpleRock/PNG/Dollar.png using Guid(e94bcf476677c405883b8ae8701ab77c) Importer(2089858483,192608db42251d675da83286b1cce702) (ScriptedImporter) -> (artifact id: 'dc4f4343f5d5b654dfbd49b1b9689c49') in 0.0139714 seconds
Number of updated asset objects reloaded before import = 0Number of asset objects unloaded after import = 3

========================================================================
Received Import Request.
  Time since last request: 0.000017 seconds.
  path: Assets/Game GUI Vol1/WoodenBlocks/PNG/Email.png
  artifactKey: Guid(96f7c7fbe059d4ea8b8f3e34827a1e5f) Importer(2089858483,192608db42251d675da83286b1cce702)
Start importing Assets/Game GUI Vol1/WoodenBlocks/PNG/Email.png using Guid(96f7c7fbe059d4ea8b8f3e34827a1e5f) Importer(2089858483,192608db42251d675da83286b1cce702) (ScriptedImporter) -> (artifact id: 'c5227131e76ea25c8888748caaf5d3a9') in 0.0145612 seconds
Number of updated asset objects reloaded before import = 0Number of asset objects unloaded after import = 3

========================================================================
Received Import Request.
  Time since last request: 0.000013 seconds.
  path: Assets/Game GUI Vol1/WoodenBlocks/PNG/GameCenter.png
  artifactKey: Guid(e8750dbfc75fb48f78495a60b50d42cc) Importer(2089858483,192608db42251d675da83286b1cce702)
Start importing Assets/Game GUI Vol1/WoodenBlocks/PNG/GameCenter.png using Guid(e8750dbfc75fb48f78495a60b50d42cc) Importer(2089858483,192608db42251d675da83286b1cce702) (ScriptedImporter) -> (artifact id: 'e82afb684fe1fc6a35f397f47f859c41') in 0.0207786 seconds
Number of updated asset objects reloaded before import = 0Number of asset objects unloaded after import = 3

========================================================================
Received Import Request.
  Time since last request: 0.007605 seconds.
  path: Assets/GoogleMobileAds/Api/Core/AdValueEventArgs.cs
  artifactKey: Guid(84e98eb3d87714dd88a6ab25e123204c) Importer(2089858483,192608db42251d675da83286b1cce702)
Start importing Assets/GoogleMobileAds/Api/Core/AdValueEventArgs.cs using Guid(84e98eb3d87714dd88a6ab25e123204c) Importer(2089858483,192608db42251d675da83286b1cce702) (ScriptedImporter) -> (artifact id: 'f00f475d879c089c3640ad03f933e544') in 0.0050428 seconds
Number of updated asset objects reloaded before import = 0Number of asset objects unloaded after import = 0

========================================================================
Received Import Request.
  Time since last request: 0.000037 seconds.
  path: Assets/GoogleMobileAds/Platforms/iOS/RewardedAdClient.cs
  artifactKey: Guid(da3c3ee9b87da44a2a0acec018cf74ba) Importer(2089858483,192608db42251d675da83286b1cce702)
Start importing Assets/GoogleMobileAds/Platforms/iOS/RewardedAdClient.cs using Guid(da3c3ee9b87da44a2a0acec018cf74ba) Importer(2089858483,192608db42251d675da83286b1cce702) (ScriptedImporter) -> (artifact id: 'ab55c83da2be749fe258c6e448eeb416') in 0.0047246 seconds
Number of updated asset objects reloaded before import = 0Number of asset objects unloaded after import = 0

========================================================================
Received Import Request.
  Time since last request: 0.000052 seconds.
  path: Assets/Game GUI Vol1/WoodenBlocks/PNG/Home.png
  artifactKey: Guid(ca0a2ab339ca748a1981966c17c1829e) Importer(2089858483,192608db42251d675da83286b1cce702)
Start importing Assets/Game GUI Vol1/WoodenBlocks/PNG/Home.png using Guid(ca0a2ab339ca748a1981966c17c1829e) Importer(2089858483,192608db42251d675da83286b1cce702) (ScriptedImporter) -> (artifact id: '10e889c0cfb0db4e1caf89eba5283904') in 0.012006 seconds
Number of updated asset objects reloaded before import = 0Number of asset objects unloaded after import = 3

========================================================================
Received Import Request.
  Time since last request: 0.000013 seconds.
  path: Assets/GoogleMobileAds/Api/Core/TagForUnderAgeOfConsent.cs
  artifactKey: Guid(4d529245f17424fcf93cf52c8a46e3e9) Importer(2089858483,192608db42251d675da83286b1cce702)
Start importing Assets/GoogleMobileAds/Api/Core/TagForUnderAgeOfConsent.cs using Guid(4d529245f17424fcf93cf52c8a46e3e9) Importer(2089858483,192608db42251d675da83286b1cce702) (ScriptedImporter) -> (artifact id: '58f36bee9dea336f640311ee1a633d95') in 0.0086664 seconds
Number of updated asset objects reloaded before import = 0Number of asset objects unloaded after import = 0

========================================================================
Received Import Request.
  Time since last request: 0.000068 seconds.
  path: Assets/GoogleMobileAds/Platforms/iOS/InitializationStatusClient.cs
  artifactKey: Guid(a637cad7baa2f4c34b42e83882faecf4) Importer(2089858483,192608db42251d675da83286b1cce702)
Start importing Assets/GoogleMobileAds/Platforms/iOS/InitializationStatusClient.cs using Guid(a637cad7baa2f4c34b42e83882faecf4) Importer(2089858483,192608db42251d675da83286b1cce702) (ScriptedImporter) -> (artifact id: 'f38c08bf69e6f36c27a13e476c523e37') in 0.0044639 seconds
Number of updated asset objects reloaded before import = 0Number of asset objects unloaded after import = 0

========================================================================
Received Import Request.
  Time since last request: 0.000052 seconds.
  path: Assets/Game GUI Vol1/WoodenBlocks/PNG/Trophy.png
  artifactKey: Guid(368f6f2553af84f4fb74cea5340541ed) Importer(2089858483,192608db42251d675da83286b1cce702)
Start importing Assets/Game GUI Vol1/WoodenBlocks/PNG/Trophy.png using Guid(368f6f2553af84f4fb74cea5340541ed) Importer(2089858483,192608db42251d675da83286b1cce702) (ScriptedImporter) -> (artifact id: '876e49e29d04f12549fe18f9d6fec539') in 0.0126048 seconds
Number of updated asset objects reloaded before import = 0Number of asset objects unloaded after import = 3

========================================================================
Received Import Request.
  Time since last request: 0.000012 seconds.
  path: Assets/Game GUI Vol1/WoodenBlocks/PNG/Minus.png
  artifactKey: Guid(f13dc8a456a284e7b8a7489bb427798d) Importer(2089858483,192608db42251d675da83286b1cce702)
Start importing Assets/Game GUI Vol1/WoodenBlocks/PNG/Minus.png using Guid(f13dc8a456a284e7b8a7489bb427798d) Importer(2089858483,192608db42251d675da83286b1cce702) (ScriptedImporter) -> (artifact id: 'f8f72f5b9c15d8418d32046887a4d856') in 0.0190171 seconds
Number of updated asset objects reloaded before import = 0Number of asset objects unloaded after import = 3

========================================================================
Received Import Request.
  Time since last request: 0.000014 seconds.
  path: Assets/GoogleMobileAds/Api/Core/AdValue.cs
  artifactKey: Guid(a7cd46116af3b4d64a36ff601cc7e7cb) Importer(2089858483,192608db42251d675da83286b1cce702)
Start importing Assets/GoogleMobileAds/Api/Core/AdValue.cs using Guid(a7cd46116af3b4d64a36ff601cc7e7cb) Importer(2089858483,192608db42251d675da83286b1cce702) (ScriptedImporter) -> (artifact id: '9cd708443c637c1644f0c65159801c68') in 0.0052271 seconds
Number of updated asset objects reloaded before import = 0Number of asset objects unloaded after import = 0

========================================================================
Received Import Request.
  Time since last request: 0.000045 seconds.
  path: Assets/Game GUI Vol1/PurpleRock/PNG/GooglePlus.png
  artifactKey: Guid(dd4882e7a2d7440e59d7a8af06ea9a9c) Importer(2089858483,192608db42251d675da83286b1cce702)
Start importing Assets/Game GUI Vol1/PurpleRock/PNG/GooglePlus.png using Guid(dd4882e7a2d7440e59d7a8af06ea9a9c) Importer(2089858483,192608db42251d675da83286b1cce702) (ScriptedImporter) -> (artifact id: '245aef2587620bad9cec4a59e9ab371c') in 0.0138868 seconds
Number of updated asset objects reloaded before import = 0Number of asset objects unloaded after import = 3

========================================================================
Received Import Request.
  Time since last request: 0.000015 seconds.
  path: Assets/Game GUI Vol1/LazyDay/PNG/Menu.png
  artifactKey: Guid(b3e86ce34507f4309b0dba14987a34d0) Importer(2089858483,192608db42251d675da83286b1cce702)
Start importing Assets/Game GUI Vol1/LazyDay/PNG/Menu.png using Guid(b3e86ce34507f4309b0dba14987a34d0) Importer(2089858483,192608db42251d675da83286b1cce702) (ScriptedImporter) -> (artifact id: '93b5e1f2f9e54555e37aaa31a1c5bcc1') in 0.0137994 seconds
Number of updated asset objects reloaded before import = 0Number of asset objects unloaded after import = 3

========================================================================
Received Import Request.
  Time since last request: 0.000016 seconds.
  path: Assets/Animation/UI/OnGame UI/OnGameUi_Idle.anim
  artifactKey: Guid(bd07fec908f225f4cbc7bbe8f6d468ad) Importer(2089858483,192608db42251d675da83286b1cce702)
Start importing Assets/Animation/UI/OnGame UI/OnGameUi_Idle.anim using Guid(bd07fec908f225f4cbc7bbe8f6d468ad) Importer(2089858483,192608db42251d675da83286b1cce702) (ScriptedImporter) -> (artifact id: '7b7b38a7279273d9461ede04ee1e5fd6') in 0.0065111 seconds
Number of updated asset objects reloaded before import = 0Number of asset objects unloaded after import = 1

========================================================================
Received Import Request.
  Time since last request: 0.000042 seconds.
  path: Assets/Game GUI Vol1/PurpleRock/PNG/SoundOFF.png
  artifactKey: Guid(f4877361b6507457d80b5102839b4cdb) Importer(2089858483,192608db42251d675da83286b1cce702)
Start importing Assets/Game GUI Vol1/PurpleRock/PNG/SoundOFF.png using Guid(f4877361b6507457d80b5102839b4cdb) Importer(2089858483,192608db42251d675da83286b1cce702) (ScriptedImporter) -> (artifact id: 'e16c0608075135cb485dda9181b4eb81') in 0.0198054 seconds
Number of updated asset objects reloaded before import = 0Number of asset objects unloaded after import = 3

========================================================================
Received Import Request.
  Time since last request: 0.000013 seconds.
  path: Assets/Animation/UI/OnGame UI/OnGamePanel.controller
  artifactKey: Guid(bc271e3e420bec446903769e3bb103b2) Importer(2089858483,192608db42251d675da83286b1cce702)
Start importing Assets/Animation/UI/OnGame UI/OnGamePanel.controller using Guid(bc271e3e420bec446903769e3bb103b2) Importer(2089858483,192608db42251d675da83286b1cce702) (ScriptedImporter) -> (artifact id: '49dadb8fd4928936be28619f211e8216') in 0.0057848 seconds
Number of updated asset objects reloaded before import = 0Number of asset objects unloaded after import = 10

========================================================================
Received Import Request.
  Time since last request: 0.000015 seconds.
  path: Assets/GoogleMobileAds/Api/Core/Gender.cs
  artifactKey: Guid(2631c863a63364b4c8719e2d94950cd5) Importer(2089858483,192608db42251d675da83286b1cce702)
Start importing Assets/GoogleMobileAds/Api/Core/Gender.cs using Guid(2631c863a63364b4c8719e2d94950cd5) Importer(2089858483,192608db42251d675da83286b1cce702) (ScriptedImporter) -> (artifact id: 'db8d79631b5ffe1280b893b6a6658ee5') in 0.0046098 seconds
Number of updated asset objects reloaded before import = 0Number of asset objects unloaded after import = 0

========================================================================
Received Import Request.
  Time since last request: 0.000069 seconds.
  path: Assets/Game GUI Vol1/LazyDay/PNG/SoundOFF.png
  artifactKey: Guid(a7e1e81117197488db394021a1b04920) Importer(2089858483,192608db42251d675da83286b1cce702)
Start importing Assets/Game GUI Vol1/LazyDay/PNG/SoundOFF.png using Guid(a7e1e81117197488db394021a1b04920) Importer(2089858483,192608db42251d675da83286b1cce702) (ScriptedImporter) -> (artifact id: 'bcaaea2b2ce5b845be7e0ef8a5c93047') in 0.010985 seconds
Number of updated asset objects reloaded before import = 0Number of asset objects unloaded after import = 3

========================================================================
Received Import Request.
  Time since last request: 0.000014 seconds.
  path: Assets/Game GUI Vol1/WoodenBlocks/PNG/Facebook.png
  artifactKey: Guid(777d63edabbf0469d8c7f88249361a06) Importer(2089858483,192608db42251d675da83286b1cce702)
Start importing Assets/Game GUI Vol1/WoodenBlocks/PNG/Facebook.png using Guid(777d63edabbf0469d8c7f88249361a06) Importer(2089858483,192608db42251d675da83286b1cce702) (ScriptedImporter) -> (artifact id: '6181c06e0baf2aa90ee9051ab46f2691') in 0.0130995 seconds
Number of updated asset objects reloaded before import = 0Number of asset objects unloaded after import = 3

========================================================================
Received Import Request.
  Time since last request: 0.000022 seconds.
  path: Assets/Game GUI Vol1/WoodenBlocks/PNG/RightArrow.png
  artifactKey: Guid(29511ee6c48ef4fe7ad496aba8b4036e) Importer(2089858483,192608db42251d675da83286b1cce702)
Start importing Assets/Game GUI Vol1/WoodenBlocks/PNG/RightArrow.png using Guid(29511ee6c48ef4fe7ad496aba8b4036e) Importer(2089858483,192608db42251d675da83286b1cce702) (ScriptedImporter) -> (artifact id: '5aa3ed56699feb1a4ee2156ff10a4938') in 0.0205585 seconds
Number of updated asset objects reloaded before import = 0Number of asset objects unloaded after import = 3

========================================================================
Received Import Request.
  Time since last request: 0.000025 seconds.
  path: Assets/Unity Utility/AudioSystem/Example_Sound.unity
  artifactKey: Guid(5dbdbbf8443c2403abbba996169f2de8) Importer(2089858483,192608db42251d675da83286b1cce702)
Start importing Assets/Unity Utility/AudioSystem/Example_Sound.unity using Guid(5dbdbbf8443c2403abbba996169f2de8) Importer(2089858483,192608db42251d675da83286b1cce702) (ScriptedImporter) -> (artifact id: 'e72b7b3f3d339d2ff4a2301d60506ee0') in 0.0067241 seconds
Number of updated asset objects reloaded before import = 0Number of asset objects unloaded after import = 1

========================================================================
Received Import Request.
  Time since last request: 0.000028 seconds.
  path: Assets/Animation/UI/Pause Panel/PauesPanel_Appear.anim
  artifactKey: Guid(f7168302705dde8429461b97aed59862) Importer(2089858483,192608db42251d675da83286b1cce702)
Start importing Assets/Animation/UI/Pause Panel/PauesPanel_Appear.anim using Guid(f7168302705dde8429461b97aed59862) Importer(2089858483,192608db42251d675da83286b1cce702) (ScriptedImporter) -> (artifact id: '9a65d6c44df234130f7d96a7a17148c8') in 0.0066957 seconds
Number of updated asset objects reloaded before import = 0Number of asset objects unloaded after import = 1

========================================================================
Received Import Request.
  Time since last request: 0.000037 seconds.
  path: Assets/GoogleMobileAds/Api/Core/NativeAdType.cs
  artifactKey: Guid(412d2e0f2cce4485bbef1884d1a22415) Importer(2089858483,192608db42251d675da83286b1cce702)
Start importing Assets/GoogleMobileAds/Api/Core/NativeAdType.cs using Guid(412d2e0f2cce4485bbef1884d1a22415) Importer(2089858483,192608db42251d675da83286b1cce702) (ScriptedImporter) -> (artifact id: '5599cd69eb4301a361b1c17e25303197') in 0.0048928 seconds
Number of updated asset objects reloaded before import = 0Number of asset objects unloaded after import = 0

========================================================================
Received Import Request.
  Time since last request: 0.000051 seconds.
  path: Assets/GoogleMobileAds/Api/Core/AdFailedToLoadEventArgs.cs
  artifactKey: Guid(9cad056579bb74a66b5ffd02ae5584da) Importer(2089858483,192608db42251d675da83286b1cce702)
Start importing Assets/GoogleMobileAds/Api/Core/AdFailedToLoadEventArgs.cs using Guid(9cad056579bb74a66b5ffd02ae5584da) Importer(2089858483,192608db42251d675da83286b1cce702) (ScriptedImporter) -> (artifact id: '764fedfdda1e49aa87c0f7214ca300f8') in 0.0053399 seconds
Number of updated asset objects reloaded before import = 0Number of asset objects unloaded after import = 0

========================================================================
Received Import Request.
  Time since last request: 0.000105 seconds.
  path: Assets/GoogleMobileAds/Platforms/iOS/BannerClient.cs
  artifactKey: Guid(781449620de7e4db0b357e23b1a0fb58) Importer(2089858483,192608db42251d675da83286b1cce702)
Start importing Assets/GoogleMobileAds/Platforms/iOS/BannerClient.cs using Guid(781449620de7e4db0b357e23b1a0fb58) Importer(2089858483,192608db42251d675da83286b1cce702) (ScriptedImporter) -> (artifact id: '70d1e01cd637801f598ea0e190e8a3d2') in 0.004486 seconds
Number of updated asset objects reloaded before import = 0Number of asset objects unloaded after import = 0

========================================================================
Received Import Request.
  Time since last request: 0.000059 seconds.
  path: Assets/GoogleMobileAds/Platforms/Android/ResponseInfoClient.cs
  artifactKey: Guid(80355fe3b030448658e41cbf448c2eac) Importer(2089858483,192608db42251d675da83286b1cce702)
Start importing Assets/GoogleMobileAds/Platforms/Android/ResponseInfoClient.cs using Guid(80355fe3b030448658e41cbf448c2eac) Importer(2089858483,192608db42251d675da83286b1cce702) (ScriptedImporter) -> (artifact id: 'bad4775407907069bc3248146f8b17db') in 0.0054517 seconds
Number of updated asset objects reloaded before import = 0Number of asset objects unloaded after import = 0

========================================================================
Received Import Request.
  Time since last request: 0.000038 seconds.
  path: Assets/Unity Utility/Dialog/Dialog Example.unity
  artifactKey: Guid(4205e921ca5d44b2696949a2e5931231) Importer(2089858483,192608db42251d675da83286b1cce702)
Start importing Assets/Unity Utility/Dialog/Dialog Example.unity using Guid(4205e921ca5d44b2696949a2e5931231) Importer(2089858483,192608db42251d675da83286b1cce702) (ScriptedImporter) -> (artifact id: '91237acdba2100ef6df82d9dbb8f8a1d') in 0.0143422 seconds
Number of updated asset objects reloaded before import = 0Number of asset objects unloaded after import = 1

========================================================================
Received Import Request.
  Time since last request: 0.000015 seconds.
  path: Assets/GoogleMobileAds/Api/Core/AdRequest.cs
  artifactKey: Guid(34ba404a3fd894e7abc99e14fbf1d49d) Importer(2089858483,192608db42251d675da83286b1cce702)
Start importing Assets/GoogleMobileAds/Api/Core/AdRequest.cs using Guid(34ba404a3fd894e7abc99e14fbf1d49d) Importer(2089858483,192608db42251d675da83286b1cce702) (ScriptedImporter) -> (artifact id: 'cbf7ccaebf031bf39317dad29217cfde') in 0.0046587 seconds
Number of updated asset objects reloaded before import = 0Number of asset objects unloaded after import = 0

========================================================================
Received Import Request.
  Time since last request: 0.000039 seconds.
  path: Assets/Animation/UI/Game Over UI/Game Over Panel.controller
  artifactKey: Guid(cf8d7d3aa31394941b4e90ffca539ea3) Importer(2089858483,192608db42251d675da83286b1cce702)
Start importing Assets/Animation/UI/Game Over UI/Game Over Panel.controller using Guid(cf8d7d3aa31394941b4e90ffca539ea3) Importer(2089858483,192608db42251d675da83286b1cce702) (ScriptedImporter) -> (artifact id: '69cf1e91acbbc86ef2ab07a1b26f5f54') in 0.0079023 seconds
Number of updated asset objects reloaded before import = 0Number of asset objects unloaded after import = 10

========================================================================
Received Import Request.
  Time since last request: 0.000015 seconds.
  path: Assets/Animation/UI/Extra Life/Idle.anim
  artifactKey: Guid(82fa04f742c4348219e0c11b2112d876) Importer(2089858483,192608db42251d675da83286b1cce702)
Start importing Assets/Animation/UI/Extra Life/Idle.anim using Guid(82fa04f742c4348219e0c11b2112d876) Importer(2089858483,192608db42251d675da83286b1cce702) (ScriptedImporter) -> (artifact id: '9f29daffe1f954ec70b6b4cd9de5aea2') in 0.0059778 seconds
Number of updated asset objects reloaded before import = 0Number of asset objects unloaded after import = 1

========================================================================
Received Import Request.
  Time since last request: 0.000027 seconds.
  path: Assets/Game GUI Vol1/LazyDay/PNG/RightArrow.png
  artifactKey: Guid(5e6fc93512f454c59be69ecc14788186) Importer(2089858483,192608db42251d675da83286b1cce702)
Start importing Assets/Game GUI Vol1/LazyDay/PNG/RightArrow.png using Guid(5e6fc93512f454c59be69ecc14788186) Importer(2089858483,192608db42251d675da83286b1cce702) (ScriptedImporter) -> (artifact id: 'e253c3eb2226ef1e49f6f72f394e6e3d') in 0.013588 seconds
Number of updated asset objects reloaded before import = 0Number of asset objects unloaded after import = 3

========================================================================
Received Import Request.
  Time since last request: 0.000024 seconds.
  path: Assets/Game GUI Vol1/Playful/PNG/Menu.png
  artifactKey: Guid(18937ce52bb4c4ba8adefb39eebdbf73) Importer(2089858483,192608db42251d675da83286b1cce702)
Start importing Assets/Game GUI Vol1/Playful/PNG/Menu.png using Guid(18937ce52bb4c4ba8adefb39eebdbf73) Importer(2089858483,192608db42251d675da83286b1cce702) (ScriptedImporter) -> (artifact id: 'af2b689e80ba9576a2aa5a736c014634') in 0.0121446 seconds
Number of updated asset objects reloaded before import = 0Number of asset objects unloaded after import = 3

========================================================================
Received Import Request.
  Time since last request: 0.000014 seconds.
  path: Assets/GoogleMobileAds/Platforms/Android/MobileAdsClient.cs
  artifactKey: Guid(9efbe79a398474b1fb942b960e7367b4) Importer(2089858483,192608db42251d675da83286b1cce702)
Start importing Assets/GoogleMobileAds/Platforms/Android/MobileAdsClient.cs using Guid(9efbe79a398474b1fb942b960e7367b4) Importer(2089858483,192608db42251d675da83286b1cce702) (ScriptedImporter) -> (artifact id: '15062855f4ff3bee92d1a6ac588377fb') in 0.0045519 seconds
Number of updated asset objects reloaded before import = 0Number of asset objects unloaded after import = 0

========================================================================
Received Import Request.
  Time since last request: 0.000048 seconds.
  path: Assets/GoogleMobileAds/Api/Core/TagForChildDirectedTreatment.cs
  artifactKey: Guid(7054c7fb845604f3b9e12fbeb2b70af3) Importer(2089858483,192608db42251d675da83286b1cce702)
Start importing Assets/GoogleMobileAds/Api/Core/TagForChildDirectedTreatment.cs using Guid(7054c7fb845604f3b9e12fbeb2b70af3) Importer(2089858483,192608db42251d675da83286b1cce702) (ScriptedImporter) -> (artifact id: 'b07821c9647f49c05d363c762632d124') in 0.0123019 seconds
Number of updated asset objects reloaded before import = 0Number of asset objects unloaded after import = 0

========================================================================
Received Import Request.
  Time since last request: 0.000071 seconds.
  path: Assets/Game GUI Vol1/Playful/Vector/Playful.ai
  artifactKey: Guid(f7ce96eb9919b4320b20cc037dc63a85) Importer(2089858483,192608db42251d675da83286b1cce702)
Start importing Assets/Game GUI Vol1/Playful/Vector/Playful.ai using Guid(f7ce96eb9919b4320b20cc037dc63a85) Importer(2089858483,192608db42251d675da83286b1cce702) (ScriptedImporter) -> (artifact id: 'bb747ff01a662faae6974f1322e627d8') in 0.0046791 seconds
Number of updated asset objects reloaded before import = 0Number of asset objects unloaded after import = 1

========================================================================
Received Import Request.
  Time since last request: 0.000024 seconds.
  path: Assets/Game GUI Vol1/WoodenBlocks/PNG/UpArrow.png
  artifactKey: Guid(067be74ecf0444595a2a4825969316ba) Importer(2089858483,192608db42251d675da83286b1cce702)
Start importing Assets/Game GUI Vol1/WoodenBlocks/PNG/UpArrow.png using Guid(067be74ecf0444595a2a4825969316ba) Importer(2089858483,192608db42251d675da83286b1cce702) (ScriptedImporter) -> (artifact id: '3e19ee5a9ad9c3ec0dce237ab6c44bae') in 0.0136595 seconds
Number of updated asset objects reloaded before import = 0Number of asset objects unloaded after import = 3

========================================================================
Received Import Request.
  Time since last request: 0.000013 seconds.
  path: Assets/Game GUI Vol1/LazyDay/PNG/Minus.png
  artifactKey: Guid(7b3ddb33100024118b0f6b51cbb6e7c4) Importer(2089858483,192608db42251d675da83286b1cce702)
Start importing Assets/Game GUI Vol1/LazyDay/PNG/Minus.png using Guid(7b3ddb33100024118b0f6b51cbb6e7c4) Importer(2089858483,192608db42251d675da83286b1cce702) (ScriptedImporter) -> (artifact id: '737bc7bb9e3172a50b9672cf7d5a345b') in 0.0123691 seconds
Number of updated asset objects reloaded before import = 0Number of asset objects unloaded after import = 3

========================================================================
Received Import Request.
  Time since last request: 0.000012 seconds.
  path: Assets/SimpleFX/Models/FX_PoolSplash_01.fbx
  artifactKey: Guid(89f5c0aef85208c47827ce19d9767acb) Importer(2089858483,192608db42251d675da83286b1cce702)
Start importing Assets/SimpleFX/Models/FX_PoolSplash_01.fbx using Guid(89f5c0aef85208c47827ce19d9767acb) Importer(2089858483,192608db42251d675da83286b1cce702) (ScriptedImporter) -> (artifact id: '1518e4ab2ebfb8f8cde2ccee2dde0612') in 0.0233444 seconds
Number of updated asset objects reloaded before import = 0Number of asset objects unloaded after import = 7

========================================================================
Received Import Request.
  Time since last request: 0.000013 seconds.
  path: Assets/GoogleMobileAds/Platforms/iOS/CustomNativeTemplateClient.cs
  artifactKey: Guid(5a8d8a8af9c7540899a0ca681a8c6ac3) Importer(2089858483,192608db42251d675da83286b1cce702)
Start importing Assets/GoogleMobileAds/Platforms/iOS/CustomNativeTemplateClient.cs using Guid(5a8d8a8af9c7540899a0ca681a8c6ac3) Importer(2089858483,192608db42251d675da83286b1cce702) (ScriptedImporter) -> (artifact id: '6960bddc5a6474669b2cfd68e54c0128') in 0.0046157 seconds
Number of updated asset objects reloaded before import = 0Number of asset objects unloaded after import = 0

========================================================================
Received Import Request.
  Time since last request: 0.000051 seconds.
  path: Assets/GoogleMobileAds/Platforms/Android/CustomNativeTemplateClient.cs
  artifactKey: Guid(7e76e9223a0d64aa7972f18446dab8ff) Importer(2089858483,192608db42251d675da83286b1cce702)
Start importing Assets/GoogleMobileAds/Platforms/Android/CustomNativeTemplateClient.cs using Guid(7e76e9223a0d64aa7972f18446dab8ff) Importer(2089858483,192608db42251d675da83286b1cce702) (ScriptedImporter) -> (artifact id: '6e8e04ccdbf616201a3c29df1c17072d') in 0.0054181 seconds
Number of updated asset objects reloaded before import = 0Number of asset objects unloaded after import = 0

========================================================================
Received Import Request.
  Time since last request: 0.000025 seconds.
  path: Assets/GoogleMobileAds/Api/Core/ServerSideVerificationOptions.cs
  artifactKey: Guid(95485c553625a48bd81acf6ce11c4068) Importer(2089858483,192608db42251d675da83286b1cce702)
Start importing Assets/GoogleMobileAds/Api/Core/ServerSideVerificationOptions.cs using Guid(95485c553625a48bd81acf6ce11c4068) Importer(2089858483,192608db42251d675da83286b1cce702) (ScriptedImporter) -> (artifact id: '381462fcb0b1177f898c0941b405ea68') in 0.0052788 seconds
Number of updated asset objects reloaded before import = 0Number of asset objects unloaded after import = 0

========================================================================
Received Import Request.
  Time since last request: 0.000042 seconds.
  path: Assets/Game GUI Vol1/WoodenBlocks/PNG/Shop.png
  artifactKey: Guid(2bd72e24f280d472db2eeda221ac6b4b) Importer(2089858483,192608db42251d675da83286b1cce702)
Start importing Assets/Game GUI Vol1/WoodenBlocks/PNG/Shop.png using Guid(2bd72e24f280d472db2eeda221ac6b4b) Importer(2089858483,192608db42251d675da83286b1cce702) (ScriptedImporter) -> (artifact id: '47dfe36a9cafb47c1c634702324207eb') in 0.0121545 seconds
Number of updated asset objects reloaded before import = 0Number of asset objects unloaded after import = 3

========================================================================
Received Import Request.
  Time since last request: 0.000012 seconds.
  path: Assets/GoogleMobileAds/Platforms/iOS/Utils.cs
  artifactKey: Guid(6cdc5afff21d6462390f1e3fc01cdcf1) Importer(2089858483,192608db42251d675da83286b1cce702)
Start importing Assets/GoogleMobileAds/Platforms/iOS/Utils.cs using Guid(6cdc5afff21d6462390f1e3fc01cdcf1) Importer(2089858483,192608db42251d675da83286b1cce702) (ScriptedImporter) -> (artifact id: '2e13124c59b8f9606e85400c2fb48851') in 0.0036996 seconds
Number of updated asset objects reloaded before import = 0Number of asset objects unloaded after import = 0

========================================================================
Received Import Request.
  Time since last request: 0.000063 seconds.
  path: Assets/Game GUI Vol1/WoodenBlocks/PNG/SoundOFF.png
  artifactKey: Guid(c66941a5047f24dadb66035a5ed07773) Importer(2089858483,192608db42251d675da83286b1cce702)
Start importing Assets/Game GUI Vol1/WoodenBlocks/PNG/SoundOFF.png using Guid(c66941a5047f24dadb66035a5ed07773) Importer(2089858483,192608db42251d675da83286b1cce702) (ScriptedImporter) -> (artifact id: 'ee36b94a98cf9958457650efed3c053f') in 0.012323 seconds
Number of updated asset objects reloaded before import = 0Number of asset objects unloaded after import = 3

========================================================================
Received Import Request.
  Time since last request: 0.000012 seconds.
  path: Assets/Game GUI Vol1/WoodenBlocks/PNG/Info.png
  artifactKey: Guid(e2f97d3975aca4a5f975ded803cdc06b) Importer(2089858483,192608db42251d675da83286b1cce702)
Start importing Assets/Game GUI Vol1/WoodenBlocks/PNG/Info.png using Guid(e2f97d3975aca4a5f975ded803cdc06b) Importer(2089858483,192608db42251d675da83286b1cce702) (ScriptedImporter) -> (artifact id: '7e4d858e7f3e5445cc0516cf2de054e4') in 0.0218853 seconds
Number of updated asset objects reloaded before import = 0Number of asset objects unloaded after import = 3

========================================================================
Received Import Request.
  Time since last request: 0.000013 seconds.
  path: Assets/Game GUI Vol1/WoodenBlocks/PNG/QuestionMark.png
  artifactKey: Guid(64f0a7f4e869e4a4bb5359134071e196) Importer(2089858483,192608db42251d675da83286b1cce702)
Start importing Assets/Game GUI Vol1/WoodenBlocks/PNG/QuestionMark.png using Guid(64f0a7f4e869e4a4bb5359134071e196) Importer(2089858483,192608db42251d675da83286b1cce702) (ScriptedImporter) -> (artifact id: '431d02c1a6ce1ff47de81db9ed43e577') in 0.0121596 seconds
Number of updated asset objects reloaded before import = 0Number of asset objects unloaded after import = 3

========================================================================
Received Import Request.
  Time since last request: 0.000017 seconds.
  path: Assets/GoogleMobileAds/Platforms/iOS/Externs.cs
  artifactKey: Guid(2e223930b947b4631aad0c53aa6fb8ba) Importer(2089858483,192608db42251d675da83286b1cce702)
Start importing Assets/GoogleMobileAds/Platforms/iOS/Externs.cs using Guid(2e223930b947b4631aad0c53aa6fb8ba) Importer(2089858483,192608db42251d675da83286b1cce702) (ScriptedImporter) -> (artifact id: 'ef8b3eb12232c5b639d4d4e53d2612a9') in 0.004243 seconds
Number of updated asset objects reloaded before import = 0Number of asset objects unloaded after import = 0

========================================================================
Received Import Request.
  Time since last request: 0.000047 seconds.
  path: Assets/GooglePlayGames/Platforms/Android/AndroidTokenClient.cs
  artifactKey: Guid(67f70ff1fd41c49888b4b74ca7a78dfd) Importer(2089858483,192608db42251d675da83286b1cce702)
Start importing Assets/GooglePlayGames/Platforms/Android/AndroidTokenClient.cs using Guid(67f70ff1fd41c49888b4b74ca7a78dfd) Importer(2089858483,192608db42251d675da83286b1cce702) (ScriptedImporter) -> (artifact id: 'fda9087ea00bb633cb2f2789ed932add') in 0.0051047 seconds
Number of updated asset objects reloaded before import = 0Number of asset objects unloaded after import = 0

========================================================================
Received Import Request.
  Time since last request: 0.000029 seconds.
  path: Assets/OrdosFX/PortalsPackage#2/Animation/Scale.anim
  artifactKey: Guid(682557a3c2fc0c946831a1825c631edd) Importer(2089858483,192608db42251d675da83286b1cce702)
Start importing Assets/OrdosFX/PortalsPackage#2/Animation/Scale.anim using Guid(682557a3c2fc0c946831a1825c631edd) Importer(2089858483,192608db42251d675da83286b1cce702) (ScriptedImporter) -> (artifact id: '71b56e39330da266fa140538a9e742d4') in 0.0066506 seconds
Number of updated asset objects reloaded before import = 0Number of asset objects unloaded after import = 1

========================================================================
Received Import Request.
  Time since last request: 0.000034 seconds.
  path: Assets/OrdosFX/PortalsPackage#2/Textures/Noise3.png
  artifactKey: Guid(7f231d879120d4047bc5c42e8d16c11c) Importer(2089858483,192608db42251d675da83286b1cce702)
Start importing Assets/OrdosFX/PortalsPackage#2/Textures/Noise3.png using Guid(7f231d879120d4047bc5c42e8d16c11c) Importer(2089858483,192608db42251d675da83286b1cce702) (ScriptedImporter) -> (artifact id: '6bdd86782fdb7a9a40e62f50e55e98b9') in 0.0320948 seconds
Number of updated asset objects reloaded before import = 0Number of asset objects unloaded after import = 1

========================================================================
Received Import Request.
  Time since last request: 0.000016 seconds.
  path: Assets/OrdosFX/PortalsPackage#2/Mesh/debris.fbx
  artifactKey: Guid(618aa72635f873c4bbc7ae7490507dfb) Importer(2089858483,192608db42251d675da83286b1cce702)
Start importing Assets/OrdosFX/PortalsPackage#2/Mesh/debris.fbx using Guid(618aa72635f873c4bbc7ae7490507dfb) Importer(2089858483,192608db42251d675da83286b1cce702) (ScriptedImporter) -> (artifact id: 'b29016e04a375483951824bc2598a5eb') in 0.0299509 seconds
Number of updated asset objects reloaded before import = 0Number of asset objects unloaded after import = 24

========================================================================
Received Import Request.
  Time since last request: 0.000012 seconds.
  path: Assets/OrdosFX/PortalsPackage#2/Textures/compass2.png
  artifactKey: Guid(899ad5d7f3067b54a8502ead4a8abfba) Importer(2089858483,192608db42251d675da83286b1cce702)
Start importing Assets/OrdosFX/PortalsPackage#2/Textures/compass2.png using Guid(899ad5d7f3067b54a8502ead4a8abfba) Importer(2089858483,192608db42251d675da83286b1cce702) (ScriptedImporter) -> (artifact id: 'e17117d88d1982badb441974b7dff747') in 0.0264054 seconds
Number of updated asset objects reloaded before import = 0Number of asset objects unloaded after import = 1

========================================================================
Received Import Request.
  Time since last request: 0.000017 seconds.
  path: Assets/GoogleMobileAds/Platforms/Unity/InterstitialClient.cs
  artifactKey: Guid(6962c3ba3e7eb430d992f0c583825193) Importer(2089858483,192608db42251d675da83286b1cce702)
Start importing Assets/GoogleMobileAds/Platforms/Unity/InterstitialClient.cs using Guid(6962c3ba3e7eb430d992f0c583825193) Importer(2089858483,192608db42251d675da83286b1cce702) (ScriptedImporter) -> (artifact id: 'ec768387b486542e6863e3d0681575e2') in 0.0048162 seconds
Number of updated asset objects reloaded before import = 0Number of asset objects unloaded after import = 0

========================================================================
Received Import Request.
  Time since last request: 0.000039 seconds.
  path: Assets/OrdosFX/PortalsPackage#2/Textures/libra_s_magic_circle__cardo_virtus_iustitia_by_hellboy777kratos_d4i7ml9-pre.png
  artifactKey: Guid(623f673d24639bf41a44e346ddf43ba8) Importer(2089858483,192608db42251d675da83286b1cce702)
Start importing Assets/OrdosFX/PortalsPackage#2/Textures/libra_s_magic_circle__cardo_virtus_iustitia_by_hellboy777kratos_d4i7ml9-pre.png using Guid(623f673d24639bf41a44e346ddf43ba8) Importer(2089858483,192608db42251d675da83286b1cce702) (ScriptedImporter) -> (artifact id: '5bfaa8c3bbe3cd223f1f6adacc1d7d60') in 0.0420559 seconds
Number of updated asset objects reloaded before import = 0Number of asset objects unloaded after import = 1

========================================================================
Received Import Request.
  Time since last request: 0.000018 seconds.
  path: Assets/GooglePlayGames/BasicApi/SavedGame/ISavedGameClient.cs
  artifactKey: Guid(5d4ff89980bdd4c9780aa3ceee54a51b) Importer(2089858483,192608db42251d675da83286b1cce702)
Start importing Assets/GooglePlayGames/BasicApi/SavedGame/ISavedGameClient.cs using Guid(5d4ff89980bdd4c9780aa3ceee54a51b) Importer(2089858483,192608db42251d675da83286b1cce702) (ScriptedImporter) -> (artifact id: '9268f94dd896e125c0f163213878257e') in 0.0107375 seconds
Number of updated asset objects reloaded before import = 0Number of asset objects unloaded after import = 0

========================================================================
Received Import Request.
  Time since last request: 0.000125 seconds.
  path: Assets/OrdosFX/PortalsPackage#2/Textures/compass.png
  artifactKey: Guid(6e7162ff5fe5c714682561a37b1c6248) Importer(2089858483,192608db42251d675da83286b1cce702)
Start importing Assets/OrdosFX/PortalsPackage#2/Textures/compass.png using Guid(6e7162ff5fe5c714682561a37b1c6248) Importer(2089858483,192608db42251d675da83286b1cce702) (ScriptedImporter) -> (artifact id: 'ef7843b6e9ece01c9e6bf9a1f3b3ff3f') in 0.0158023 seconds
Number of updated asset objects reloaded before import = 0Number of asset objects unloaded after import = 1

========================================================================
Received Import Request.
  Time since last request: 0.000031 seconds.
  path: Assets/OrdosFX/PortalsPackage#2/Shaders/PortalsFX2_DistShader.shader
  artifactKey: Guid(85dd6004071126c4cad931eafdb2bb64) Importer(2089858483,192608db42251d675da83286b1cce702)
Start importing Assets/OrdosFX/PortalsPackage#2/Shaders/PortalsFX2_DistShader.shader using Guid(85dd6004071126c4cad931eafdb2bb64) Importer(2089858483,192608db42251d675da83286b1cce702) (ScriptedImporter) -> (artifact id: '7a33ccde6bb582f1d1bafeda43ca7949') in 0.0084532 seconds
Number of updated asset objects reloaded before import = 0Number of asset objects unloaded after import = 1

========================================================================
Received Import Request.
  Time since last request: 0.000032 seconds.
  path: Assets/OrdosFX/PortalsPackage#2/Demo/LightingData.asset
  artifactKey: Guid(8e4ba8c1b6fbbf94b9d053854219b794) Importer(2089858483,192608db42251d675da83286b1cce702)
Start importing Assets/OrdosFX/PortalsPackage#2/Demo/LightingData.asset using Guid(8e4ba8c1b6fbbf94b9d053854219b794) Importer(2089858483,192608db42251d675da83286b1cce702) (ScriptedImporter)Lighting data asset ‘LightingData’ is inconsistent because 20 files out of 100 are missing. Please use Generate Lighting to rebuild the lighting data.
UnityEngine.Debug:ExtractStackTraceNoAlloc (byte*,int,string)
UnityEngine.StackTraceUtility:ExtractStackTrace ()
UnityEditor.AssetDatabase:LoadMainAssetAtPath (string)
UnityEditor.Search.AssetIndexer:IndexProperties (int&,string&,bool&)
UnityEditor.Search.AssetIndexer:IndexDocument (string,bool)
UnityEditor.Search.SearchIndexEntryImporter:OnImportAsset (UnityEditor.AssetImporters.AssetImportContext)
UnityEditor.AssetImporters.ScriptedImporter:GenerateAssetData (UnityEditor.AssetImporters.AssetImportContext)

[C:\build\output\unity\unity\Editor\Src\GI\Enlighten\LightingDataAsset.cpp line 426]

Lighting data asset ‘LightingData’ is incompatible with the current Unity version. Please use Generate Lighting to rebuild the lighting data. Realtime Global Illumination cannot be used until the lighting data is rebuilt.
UnityEngine.Debug:ExtractStackTraceNoAlloc (byte*,int,string)
UnityEngine.StackTraceUtility:ExtractStackTrace ()
UnityEditor.AssetDatabase:LoadMainAssetAtPath (string)
UnityEditor.Search.AssetIndexer:IndexProperties (int&,string&,bool&)
UnityEditor.Search.AssetIndexer:IndexDocument (string,bool)
UnityEditor.Search.SearchIndexEntryImporter:OnImportAsset (UnityEditor.AssetImporters.AssetImportContext)
UnityEditor.AssetImporters.ScriptedImporter:GenerateAssetData (UnityEditor.AssetImporters.AssetImportContext)

[C:\build\output\unity\unity\Editor\Src\GI\Enlighten\LightingDataAsset.cpp line 433]

 -> (artifact id: 'bace2953ae3175fb5ec85a79adf1fc73') in 0.4777826 seconds
Number of updated asset objects reloaded before import = 0Number of asset objects unloaded after import = 2

========================================================================
Received Import Request.
  Time since last request: 0.000016 seconds.
  path: Assets/Test game/Materials/Texture/Piller 5.png
  artifactKey: Guid(44e69bd6691975f46afe8eb40e94634a) Importer(2089858483,192608db42251d675da83286b1cce702)
Start importing Assets/Test game/Materials/Texture/Piller 5.png using Guid(44e69bd6691975f46afe8eb40e94634a) Importer(2089858483,192608db42251d675da83286b1cce702) (ScriptedImporter) -> (artifact id: '04153d1110068081dbaf4685896ed3db') in 0.0097726 seconds
Number of updated asset objects reloaded before import = 0Number of asset objects unloaded after import = 1

========================================================================
Received Import Request.
  Time since last request: 0.000024 seconds.
  path: Assets/Test game/Scripts/Audio visualizer/AudioSyncScale.cs
  artifactKey: Guid(0c7c6a438c1276748b770e7335b107cc) Importer(2089858483,192608db42251d675da83286b1cce702)
Start importing Assets/Test game/Scripts/Audio visualizer/AudioSyncScale.cs using Guid(0c7c6a438c1276748b770e7335b107cc) Importer(2089858483,192608db42251d675da83286b1cce702) (ScriptedImporter) -> (artifact id: 'e9db1842cd40cca33862e5b94f0a2ca9') in 0.0040742 seconds
Number of updated asset objects reloaded before import = 0Number of asset objects unloaded after import = 0

========================================================================
Received Import Request.
  Time since last request: 0.000045 seconds.
  path: Assets/Test game/Scripts/Audio visualizer/AudioSpectrum.cs
  artifactKey: Guid(118c469145b9c9c47b09b7e6dee529bb) Importer(2089858483,192608db42251d675da83286b1cce702)
Start importing Assets/Test game/Scripts/Audio visualizer/AudioSpectrum.cs using Guid(118c469145b9c9c47b09b7e6dee529bb) Importer(2089858483,192608db42251d675da83286b1cce702) (ScriptedImporter) -> (artifact id: '4698ce06b1cfb632856766a1feff9969') in 0.004111 seconds
Number of updated asset objects reloaded before import = 0Number of asset objects unloaded after import = 0

========================================================================
Received Import Request.
  Time since last request: 0.000053 seconds.
  path: Assets/Test game/Scripts/Ads/RewardAdController.cs
  artifactKey: Guid(915ba9d1114c05f479879efbeea211e4) Importer(2089858483,192608db42251d675da83286b1cce702)
Start importing Assets/Test game/Scripts/Ads/RewardAdController.cs using Guid(915ba9d1114c05f479879efbeea211e4) Importer(2089858483,192608db42251d675da83286b1cce702) (ScriptedImporter) -> (artifact id: '6cf15cf23fece6b8e44053738d5ac2b9') in 0.0042563 seconds
Number of updated asset objects reloaded before import = 0Number of asset objects unloaded after import = 0

========================================================================
Received Import Request.
  Time since last request: 0.000051 seconds.
  path: Assets/Test game/Scripts/Player/PlayerController.cs
  artifactKey: Guid(0aef5c423e7dad04b95a9cfced4be3f0) Importer(2089858483,192608db42251d675da83286b1cce702)
Start importing Assets/Test game/Scripts/Player/PlayerController.cs using Guid(0aef5c423e7dad04b95a9cfced4be3f0) Importer(2089858483,192608db42251d675da83286b1cce702) (ScriptedImporter) -> (artifact id: '802d159a7a2dbdb5419686ab29eb8570') in 0.0043502 seconds
Number of updated asset objects reloaded before import = 0Number of asset objects unloaded after import = 0

========================================================================
Received Import Request.
  Time since last request: 0.000034 seconds.
  path: Assets/Test game/Scripts/Data/PlayerDataSaver.cs
  artifactKey: Guid(e5a65afe8f7f20647bd94e6eeb0561e6) Importer(2089858483,192608db42251d675da83286b1cce702)
Start importing Assets/Test game/Scripts/Data/PlayerDataSaver.cs using Guid(e5a65afe8f7f20647bd94e6eeb0561e6) Importer(2089858483,192608db42251d675da83286b1cce702) (ScriptedImporter) -> (artifact id: '40b3acd79582db280faffc87a283c35b') in 0.0044623 seconds
Number of updated asset objects reloaded before import = 0Number of asset objects unloaded after import = 0

========================================================================
Received Import Request.
  Time since last request: 0.000055 seconds.
  path: Assets/Test game/Scripts/Items/ItemTypeEnum.cs
  artifactKey: Guid(27759e22caf21994895166cc3ab9ad23) Importer(2089858483,192608db42251d675da83286b1cce702)
Start importing Assets/Test game/Scripts/Items/ItemTypeEnum.cs using Guid(27759e22caf21994895166cc3ab9ad23) Importer(2089858483,192608db42251d675da83286b1cce702) (ScriptedImporter) -> (artifact id: '21fccb7f3e00629072c72582f15a8798') in 0.0105582 seconds
Number of updated asset objects reloaded before import = 0Number of asset objects unloaded after import = 0

========================================================================
Received Import Request.
  Time since last request: 0.000055 seconds.
  path: Assets/Test game/Scripts/Platform/Platform.cs
  artifactKey: Guid(f45a8d5150f8b2747904bf95e866ae98) Importer(2089858483,192608db42251d675da83286b1cce702)
Start importing Assets/Test game/Scripts/Platform/Platform.cs using Guid(f45a8d5150f8b2747904bf95e866ae98) Importer(2089858483,192608db42251d675da83286b1cce702) (ScriptedImporter) -> (artifact id: '9aac203382a19b9d699604dd93847465') in 0.0039283 seconds
Number of updated asset objects reloaded before import = 0Number of asset objects unloaded after import = 0

========================================================================
Received Import Request.
  Time since last request: 0.000056 seconds.
  path: Assets/Test game/Scripts/Data/PillarSpriteData.cs
  artifactKey: Guid(9ade5b34bd057744b9cdaeec6905ad36) Importer(2089858483,192608db42251d675da83286b1cce702)
Start importing Assets/Test game/Scripts/Data/PillarSpriteData.cs using Guid(9ade5b34bd057744b9cdaeec6905ad36) Importer(2089858483,192608db42251d675da83286b1cce702) (ScriptedImporter) -> (artifact id: 'b8ffcbf5e2025614e70bb4579b6abb74') in 0.0042282 seconds
Number of updated asset objects reloaded before import = 0Number of asset objects unloaded after import = 0

========================================================================
Received Import Request.
  Time since last request: 0.000042 seconds.
  path: Assets/Test game/Scripts/Manager/GameMessageManager.cs
  artifactKey: Guid(37a0f6fda7310c84c8b7a9303f2a501c) Importer(2089858483,192608db42251d675da83286b1cce702)
Start importing Assets/Test game/Scripts/Manager/GameMessageManager.cs using Guid(37a0f6fda7310c84c8b7a9303f2a501c) Importer(2089858483,192608db42251d675da83286b1cce702) (ScriptedImporter) -> (artifact id: 'ac1897ec0e6dc266d9c58f206b73f9ad') in 0.0045408 seconds
Number of updated asset objects reloaded before import = 0Number of asset objects unloaded after import = 0

========================================================================
Received Import Request.
  Time since last request: 0.000053 seconds.
  path: Assets/OrdosFX/PortalsPackage#2/Textures/WhiteScratches.png
  artifactKey: Guid(ba93c8840bd635d44961a45a3b5b685e) Importer(2089858483,192608db42251d675da83286b1cce702)
Start importing Assets/OrdosFX/PortalsPackage#2/Textures/WhiteScratches.png using Guid(ba93c8840bd635d44961a45a3b5b685e) Importer(2089858483,192608db42251d675da83286b1cce702) (ScriptedImporter) -> (artifact id: '1f92c7ad0f453788432be2a8933de4e1') in 0.0238836 seconds
Number of updated asset objects reloaded before import = 0Number of asset objects unloaded after import = 1

========================================================================
Received Import Request.
  Time since last request: 0.000027 seconds.
  path: Assets/Test game/Scripts/Audio visualizer/AudioSyncColor.cs
  artifactKey: Guid(2b8d34415c069454a821fe9725c020aa) Importer(2089858483,192608db42251d675da83286b1cce702)
Start importing Assets/Test game/Scripts/Audio visualizer/AudioSyncColor.cs using Guid(2b8d34415c069454a821fe9725c020aa) Importer(2089858483,192608db42251d675da83286b1cce702) (ScriptedImporter) -> (artifact id: '403f35997f3d2595b58f799afa54d0ac') in 0.0043194 seconds
Number of updated asset objects reloaded before import = 0Number of asset objects unloaded after import = 0

========================================================================
Received Import Request.
  Time since last request: 0.000052 seconds.
  path: Assets/OrdosFX/PortalsPackage#2/Scripts/PortalsFX2_MouseOrbit.cs
  artifactKey: Guid(1d769d719ba828d49bb3a4cdcbf34ba6) Importer(2089858483,192608db42251d675da83286b1cce702)
Start importing Assets/OrdosFX/PortalsPackage#2/Scripts/PortalsFX2_MouseOrbit.cs using Guid(1d769d719ba828d49bb3a4cdcbf34ba6) Importer(2089858483,192608db42251d675da83286b1cce702) (ScriptedImporter) -> (artifact id: 'eeb220881e6b9c73485cec85d51b4fb3') in 0.0050457 seconds
Number of updated asset objects reloaded before import = 0Number of asset objects unloaded after import = 0

========================================================================
Received Import Request.
  Time since last request: 0.000048 seconds.
  path: Assets/OrdosFX/PortalsPackage#2/Prefabs/Portal6.prefab
  artifactKey: Guid(7f9f0a0ba3c8cc646931a65ede7ab1fd) Importer(2089858483,192608db42251d675da83286b1cce702)
Start importing Assets/OrdosFX/PortalsPackage#2/Prefabs/Portal6.prefab using Guid(7f9f0a0ba3c8cc646931a65ede7ab1fd) Importer(2089858483,192608db42251d675da83286b1cce702) (ScriptedImporter) -> (artifact id: '5b43c2dc4e8b7ebb592b61d47ce91ce8') in 0.0268677 seconds
Number of updated asset objects reloaded before import = 0Number of asset objects unloaded after import = 54

========================================================================
Received Import Request.
  Time since last request: 0.000013 seconds.
  path: Assets/OrdosFX/PortalsPackage#2/Textures/Rune3.png
  artifactKey: Guid(605ed89dc4fb500479701829203fdfa3) Importer(2089858483,192608db42251d675da83286b1cce702)
Start importing Assets/OrdosFX/PortalsPackage#2/Textures/Rune3.png using Guid(605ed89dc4fb500479701829203fdfa3) Importer(2089858483,192608db42251d675da83286b1cce702) (ScriptedImporter) -> (artifact id: '470becc4d476d200b882940cd48af93c') in 0.0208794 seconds
Number of updated asset objects reloaded before import = 0Number of asset objects unloaded after import = 1

========================================================================
Received Import Request.
  Time since last request: 0.000055 seconds.
  path: Assets/GooglePlayGames/BasicApi/Video/CaptureOverlayStateListener.cs
  artifactKey: Guid(fc7fa937a5dfc443ba5cf1b14fa61812) Importer(2089858483,192608db42251d675da83286b1cce702)
Start importing Assets/GooglePlayGames/BasicApi/Video/CaptureOverlayStateListener.cs using Guid(fc7fa937a5dfc443ba5cf1b14fa61812) Importer(2089858483,192608db42251d675da83286b1cce702) (ScriptedImporter) -> (artifact id: '96de67a4bf116fe71985521f465e66d5') in 0.0044842 seconds
Number of updated asset objects reloaded before import = 0Number of asset objects unloaded after import = 0

========================================================================
Received Import Request.
  Time since last request: 0.000050 seconds.
  path: Assets/GoogleMobileAds/Platforms/iOS/MobileAdsClient.cs
  artifactKey: Guid(724408e8ee9ad4648943237d7f339bd4) Importer(2089858483,192608db42251d675da83286b1cce702)
Start importing Assets/GoogleMobileAds/Platforms/iOS/MobileAdsClient.cs using Guid(724408e8ee9ad4648943237d7f339bd4) Importer(2089858483,192608db42251d675da83286b1cce702) (ScriptedImporter) -> (artifact id: '8beebc2b6cf8df05e645093ea4cc2a82') in 0.0047148 seconds
Number of updated asset objects reloaded before import = 0Number of asset objects unloaded after import = 0

========================================================================
Received Import Request.
  Time since last request: 0.000051 seconds.
  path: Assets/Game GUI Vol1/WoodenBlocks/PNG/LeftArrow.png
  artifactKey: Guid(f2c06d80ab9bd4de2ae0a7876f25299d) Importer(2089858483,192608db42251d675da83286b1cce702)
Start importing Assets/Game GUI Vol1/WoodenBlocks/PNG/LeftArrow.png using Guid(f2c06d80ab9bd4de2ae0a7876f25299d) Importer(2089858483,192608db42251d675da83286b1cce702) (ScriptedImporter) -> (artifact id: 'e29f3472df95fade88a41961373d3366') in 0.0136191 seconds
Number of updated asset objects reloaded before import = 0Number of asset objects unloaded after import = 3

========================================================================
Received Import Request.
  Time since last request: 0.000012 seconds.
  path: Assets/Game GUI Vol1/WoodenBlocks/PNG/Yes.png
  artifactKey: Guid(9a448cbb837364621a5bbd09082913a6) Importer(2089858483,192608db42251d675da83286b1cce702)
Start importing Assets/Game GUI Vol1/WoodenBlocks/PNG/Yes.png using Guid(9a448cbb837364621a5bbd09082913a6) Importer(2089858483,192608db42251d675da83286b1cce702) (ScriptedImporter) -> (artifact id: '6bfdfb1ad05819d874ee359765622da4') in 0.0118132 seconds
Number of updated asset objects reloaded before import = 0Number of asset objects unloaded after import = 3

========================================================================
Received Import Request.
  Time since last request: 0.000012 seconds.
  path: Assets/Game GUI Vol1/WoodenBlocks/PNG/RightArrow2.png
  artifactKey: Guid(306b16567939347c78cf9ab470a783ca) Importer(2089858483,192608db42251d675da83286b1cce702)
Start importing Assets/Game GUI Vol1/WoodenBlocks/PNG/RightArrow2.png using Guid(306b16567939347c78cf9ab470a783ca) Importer(2089858483,192608db42251d675da83286b1cce702) (ScriptedImporter) -> (artifact id: '4b4165fc31d789249e33374e6717fdb4') in 0.0226606 seconds
Number of updated asset objects reloaded before import = 0Number of asset objects unloaded after import = 3

========================================================================
Received Import Request.
  Time since last request: 0.000015 seconds.
  path: Assets/OrdosFX/PortalsPackage#2/Mesh/FullCircle.fbx
  artifactKey: Guid(a52cfa3bb2ced4747b13a1cacf534afd) Importer(2089858483,192608db42251d675da83286b1cce702)
Start importing Assets/OrdosFX/PortalsPackage#2/Mesh/FullCircle.fbx using Guid(a52cfa3bb2ced4747b13a1cacf534afd) Importer(2089858483,192608db42251d675da83286b1cce702) (ScriptedImporter) -> (artifact id: '02fd16dc8d909e024b46d9f0ab389f75') in 0.0177146 seconds
Number of updated asset objects reloaded before import = 0Number of asset objects unloaded after import = 7

========================================================================
Received Import Request.
  Time since last request: 0.000015 seconds.
  path: Assets/Game GUI Vol1/WoodenBlocks/PNG/Dollar.png
  artifactKey: Guid(cc52ac453e019400984c19bb920c9217) Importer(2089858483,192608db42251d675da83286b1cce702)
Start importing Assets/Game GUI Vol1/WoodenBlocks/PNG/Dollar.png using Guid(cc52ac453e019400984c19bb920c9217) Importer(2089858483,192608db42251d675da83286b1cce702) (ScriptedImporter) -> (artifact id: '285b3968ca3c95f2d4e2e0022ae05e2e') in 0.0135609 seconds
Number of updated asset objects reloaded before import = 0Number of asset objects unloaded after import = 3

========================================================================
Received Import Request.
  Time since last request: 0.000024 seconds.
  path: Assets/GoogleMobileAds/Api/Core/AdapterStatus.cs
  artifactKey: Guid(2e2b67ea0058a455a9dfd80c434e32a1) Importer(2089858483,192608db42251d675da83286b1cce702)
Start importing Assets/GoogleMobileAds/Api/Core/AdapterStatus.cs using Guid(2e2b67ea0058a455a9dfd80c434e32a1) Importer(2089858483,192608db42251d675da83286b1cce702) (ScriptedImporter) -> (artifact id: '5f36ebe653c50b9823de358ad9ae8031') in 0.0044719 seconds
Number of updated asset objects reloaded before import = 0Number of asset objects unloaded after import = 0

========================================================================
Received Import Request.
  Time since last request: 0.000053 seconds.
  path: Assets/GooglePlayGames/BasicApi/Video/VideoCapabilities.cs
  artifactKey: Guid(66d5aef9f073a4950932c5583b7584b2) Importer(2089858483,192608db42251d675da83286b1cce702)
Start importing Assets/GooglePlayGames/BasicApi/Video/VideoCapabilities.cs using Guid(66d5aef9f073a4950932c5583b7584b2) Importer(2089858483,192608db42251d675da83286b1cce702) (ScriptedImporter) -> (artifact id: '307803010eb03253526af74d5b8fc8f1') in 0.0049996 seconds
Number of updated asset objects reloaded before import = 0Number of asset objects unloaded after import = 0

========================================================================
Received Import Request.
  Time since last request: 0.000059 seconds.
  path: Assets/Game GUI Vol1/Playful/PNG/SoundOFF.png
  artifactKey: Guid(09868a2567e8e495c84e92bfe43dbed3) Importer(2089858483,192608db42251d675da83286b1cce702)
Start importing Assets/Game GUI Vol1/Playful/PNG/SoundOFF.png using Guid(09868a2567e8e495c84e92bfe43dbed3) Importer(2089858483,192608db42251d675da83286b1cce702) (ScriptedImporter) -> (artifact id: '897fba4cda16312b55a2cc23349c0f55') in 0.0201143 seconds
Number of updated asset objects reloaded before import = 0Number of asset objects unloaded after import = 3

========================================================================
Received Import Request.
  Time since last request: 0.000011 seconds.
  path: Assets/Unity Utility/Documentation/documentation.pdf
  artifactKey: Guid(4443736e54a5dad4fadcb528be20d06a) Importer(2089858483,192608db42251d675da83286b1cce702)
Start importing Assets/Unity Utility/Documentation/documentation.pdf using Guid(4443736e54a5dad4fadcb528be20d06a) Importer(2089858483,192608db42251d675da83286b1cce702) (ScriptedImporter) -> (artifact id: '3e87c18d98d18640588eeb35e4caa76e') in 0.0040249 seconds
Number of updated asset objects reloaded before import = 0Number of asset objects unloaded after import = 1

========================================================================
Received Import Request.
  Time since last request: 0.000061 seconds.
  path: Assets/OrdosFX/PortalsPackage#2/Mesh/PortalCircle2.fbx
  artifactKey: Guid(54df3185649d7344ea6a8450f66fd355) Importer(2089858483,192608db42251d675da83286b1cce702)
Start importing Assets/OrdosFX/PortalsPackage#2/Mesh/PortalCircle2.fbx using Guid(54df3185649d7344ea6a8450f66fd355) Importer(2089858483,192608db42251d675da83286b1cce702) (ScriptedImporter) -> (artifact id: '9f744e4f3a8b1a4704cdb641d7c1e4f3') in 0.0178246 seconds
Number of updated asset objects reloaded before import = 0Number of asset objects unloaded after import = 7

========================================================================
Received Import Request.
  Time since last request: 0.000011 seconds.
  path: Assets/Test game/Prefab/Enemy 2 Moveable.prefab
  artifactKey: Guid(71de493dc474ccd4ab3f48c2bee57713) Importer(2089858483,192608db42251d675da83286b1cce702)
Start importing Assets/Test game/Prefab/Enemy 2 Moveable.prefab using Guid(71de493dc474ccd4ab3f48c2bee57713) Importer(2089858483,192608db42251d675da83286b1cce702) (ScriptedImporter) -> (artifact id: '5d4883dbfcedd10635f642964d52364a') in 0.0142672 seconds
Number of updated asset objects reloaded before import = 0Number of asset objects unloaded after import = 19

========================================================================
Received Import Request.
  Time since last request: 0.000012 seconds.
  path: Assets/OrdosFX/PortalsPackage#2/Textures/Side.png
  artifactKey: Guid(f4c5a12f05e7242419250771d09571eb) Importer(2089858483,192608db42251d675da83286b1cce702)
Start importing Assets/OrdosFX/PortalsPackage#2/Textures/Side.png using Guid(f4c5a12f05e7242419250771d09571eb) Importer(2089858483,192608db42251d675da83286b1cce702) (ScriptedImporter) -> (artifact id: 'c4b14080ba3ae5eba2d793fe450c530c') in 0.0199237 seconds
Number of updated asset objects reloaded before import = 0Number of asset objects unloaded after import = 1

========================================================================
Received Import Request.
  Time since last request: 0.000040 seconds.
  path: Assets/Test game/Scripts/Utility/Utility.cs
  artifactKey: Guid(85a0a6e364ac84b49957afad9bfc19b0) Importer(2089858483,192608db42251d675da83286b1cce702)
Start importing Assets/Test game/Scripts/Utility/Utility.cs using Guid(85a0a6e364ac84b49957afad9bfc19b0) Importer(2089858483,192608db42251d675da83286b1cce702) (ScriptedImporter) -> (artifact id: 'fb1d1317d02d86fea0a93061afba6234') in 0.0051471 seconds
Number of updated asset objects reloaded before import = 0Number of asset objects unloaded after import = 0

========================================================================
Received Import Request.
  Time since last request: 0.000061 seconds.
  path: Assets/Test game/Scripts/Player/PlayerMovement.cs
  artifactKey: Guid(e128428b21c01ef4d98167a51816cd4f) Importer(2089858483,192608db42251d675da83286b1cce702)
Start importing Assets/Test game/Scripts/Player/PlayerMovement.cs using Guid(e128428b21c01ef4d98167a51816cd4f) Importer(2089858483,192608db42251d675da83286b1cce702) (ScriptedImporter) -> (artifact id: 'b26704ef540ac65757ec1c9c944dabca') in 0.005994 seconds
Number of updated asset objects reloaded before import = 0Number of asset objects unloaded after import = 0

========================================================================
Received Import Request.
  Time since last request: 0.000057 seconds.
  path: Assets/Test game/Scripts/UI/MessagePanel.cs
  artifactKey: Guid(c45999c28114743448afc50e326bb8e9) Importer(2089858483,192608db42251d675da83286b1cce702)
Start importing Assets/Test game/Scripts/UI/MessagePanel.cs using Guid(c45999c28114743448afc50e326bb8e9) Importer(2089858483,192608db42251d675da83286b1cce702) (ScriptedImporter) -> (artifact id: 'a45390749cb53aefd41ce0dc2de815d0') in 0.0047102 seconds
Number of updated asset objects reloaded before import = 0Number of asset objects unloaded after import = 0

========================================================================
Received Import Request.
  Time since last request: 0.000063 seconds.
  path: Assets/Unity Utility/Dialog/Sprites/SF Button.psd
  artifactKey: Guid(9a32a6cc2cb803443983d45d4a513506) Importer(2089858483,192608db42251d675da83286b1cce702)
Start importing Assets/Unity Utility/Dialog/Sprites/SF Button.psd using Guid(9a32a6cc2cb803443983d45d4a513506) Importer(2089858483,192608db42251d675da83286b1cce702) (ScriptedImporter) -> (artifact id: '1536833467872d2a690ef76f537e5f00') in 0.0156509 seconds
Number of updated asset objects reloaded before import = 0Number of asset objects unloaded after import = 3

========================================================================
Received Import Request.
  Time since last request: 0.000021 seconds.
  path: Assets/OrdosFX/PortalsPackage#2/Materials/Portal4/ColorParticles 2.mat
  artifactKey: Guid(121abb2eed2e16e4ba332fe7d6bd6610) Importer(2089858483,192608db42251d675da83286b1cce702)
Start importing Assets/OrdosFX/PortalsPackage#2/Materials/Portal4/ColorParticles 2.mat using Guid(121abb2eed2e16e4ba332fe7d6bd6610) Importer(2089858483,192608db42251d675da83286b1cce702) (ScriptedImporter) -> (artifact id: '3186fee3f1f3b36042b3546f80b227eb') in 0.0106714 seconds
Number of updated asset objects reloaded before import = 0Number of asset objects unloaded after import = 2

========================================================================
Received Import Request.
  Time since last request: 0.000014 seconds.
  path: Assets/Unity Utility/Data Save System/Script/SaveDataExampleScene.cs
  artifactKey: Guid(ad329aa19ce524d2ba77e70eb1904459) Importer(2089858483,192608db42251d675da83286b1cce702)
Start importing Assets/Unity Utility/Data Save System/Script/SaveDataExampleScene.cs using Guid(ad329aa19ce524d2ba77e70eb1904459) Importer(2089858483,192608db42251d675da83286b1cce702) (ScriptedImporter) -> (artifact id: '0075da8bb7c21b66ed604771f0c66976') in 0.0074073 seconds
Number of updated asset objects reloaded before import = 0Number of asset objects unloaded after import = 0

========================================================================
Received Import Request.
  Time since last request: 0.000033 seconds.
  path: Assets/OrdosFX/PortalsPackage#2/Materials/Portal3/ColorParticles 3.mat
  artifactKey: Guid(bd080b3a01047b543ab1434dd8c3e79a) Importer(2089858483,192608db42251d675da83286b1cce702)
Start importing Assets/OrdosFX/PortalsPackage#2/Materials/Portal3/ColorParticles 3.mat using Guid(bd080b3a01047b543ab1434dd8c3e79a) Importer(2089858483,192608db42251d675da83286b1cce702) (ScriptedImporter) -> (artifact id: '1958107d972ec006c2a22435eee9e3a4') in 0.0079852 seconds
Number of updated asset objects reloaded before import = 0Number of asset objects unloaded after import = 2

========================================================================
Received Import Request.
  Time since last request: 0.000020 seconds.
  path: Assets/Game GUI Vol1/WoodenBlocks/Vector/Vector Files/WoodenBlocks.ai
  artifactKey: Guid(abb2b03b592eb433d874aa880b50f022) Importer(2089858483,192608db42251d675da83286b1cce702)
Start importing Assets/Game GUI Vol1/WoodenBlocks/Vector/Vector Files/WoodenBlocks.ai using Guid(abb2b03b592eb433d874aa880b50f022) Importer(2089858483,192608db42251d675da83286b1cce702) (ScriptedImporter) -> (artifact id: 'f4813b69763661e21270487433868cb2') in 0.0072716 seconds
Number of updated asset objects reloaded before import = 0Number of asset objects unloaded after import = 1

========================================================================
Received Import Request.
  Time since last request: 0.000107 seconds.
  path: Assets/Unity Utility/Data Save System/Script/SaveDataHandler.cs
  artifactKey: Guid(fad160e7b9f284e4587ad19392ef8387) Importer(2089858483,192608db42251d675da83286b1cce702)
Start importing Assets/Unity Utility/Data Save System/Script/SaveDataHandler.cs using Guid(fad160e7b9f284e4587ad19392ef8387) Importer(2089858483,192608db42251d675da83286b1cce702) (ScriptedImporter) -> (artifact id: 'a025f4ba0da69e21f3e78aae7646b9a2') in 0.0143769 seconds
Number of updated asset objects reloaded before import = 0Number of asset objects unloaded after import = 0

========================================================================
Received Import Request.
  Time since last request: 0.000064 seconds.
  path: Assets/VRSampleScenes/Materials/Flyer/FlyerGate.mat
  artifactKey: Guid(5b080ab6551eade4ea818132693fe2db) Importer(2089858483,192608db42251d675da83286b1cce702)
Start importing Assets/VRSampleScenes/Materials/Flyer/FlyerGate.mat using Guid(5b080ab6551eade4ea818132693fe2db) Importer(2089858483,192608db42251d675da83286b1cce702) (ScriptedImporter) -> (artifact id: 'f66522c5b754e6b312525615296122be') in 0.0077423 seconds
Number of updated asset objects reloaded before import = 0Number of asset objects unloaded after import = 1

========================================================================
Received Import Request.
  Time since last request: 0.000014 seconds.
  path: Assets/OrdosFX/PortalsPackage#2/Materials/Portal1/ColorTrails.mat
  artifactKey: Guid(db059d2c7bdfa294ea02c436f72bd739) Importer(2089858483,192608db42251d675da83286b1cce702)
Start importing Assets/OrdosFX/PortalsPackage#2/Materials/Portal1/ColorTrails.mat using Guid(db059d2c7bdfa294ea02c436f72bd739) Importer(2089858483,192608db42251d675da83286b1cce702) (ScriptedImporter) -> (artifact id: '45bb577ad8afbdf23d60d019e616e673') in 0.0088792 seconds
Number of updated asset objects reloaded before import = 0Number of asset objects unloaded after import = 2

========================================================================
Received Import Request.
  Time since last request: 0.000018 seconds.
  path: Assets/Unity Utility/Dialog/Script/ExampleDialog.cs
  artifactKey: Guid(6121016b02b974c40ab9e65640d61559) Importer(2089858483,192608db42251d675da83286b1cce702)
Start importing Assets/Unity Utility/Dialog/Script/ExampleDialog.cs using Guid(6121016b02b974c40ab9e65640d61559) Importer(2089858483,192608db42251d675da83286b1cce702) (ScriptedImporter) -> (artifact id: 'e06f9f7d4e2604d13a092ac71015263f') in 0.0056045 seconds
Number of updated asset objects reloaded before import = 0Number of asset objects unloaded after import = 0

========================================================================
Received Import Request.
  Time since last request: 0.000055 seconds.
  path: Assets/Unity Utility/AudioSystem/Sprite/icon - sound On.png
  artifactKey: Guid(904bff45a5d9b4c9f99ee5660c9180a0) Importer(2089858483,192608db42251d675da83286b1cce702)
Start importing Assets/Unity Utility/AudioSystem/Sprite/icon - sound On.png using Guid(904bff45a5d9b4c9f99ee5660c9180a0) Importer(2089858483,192608db42251d675da83286b1cce702) (ScriptedImporter) -> (artifact id: '22bf398bab97278a27931092623a6a11') in 0.0156797 seconds
Number of updated asset objects reloaded before import = 0Number of asset objects unloaded after import = 3

========================================================================
Received Import Request.
  Time since last request: 0.000021 seconds.
  path: Assets/Test game/Scripts/Utility/FPSDisplay.cs
  artifactKey: Guid(9ec65d86d91748142be3b9e3bd133e23) Importer(2089858483,192608db42251d675da83286b1cce702)
Start importing Assets/Test game/Scripts/Utility/FPSDisplay.cs using Guid(9ec65d86d91748142be3b9e3bd133e23) Importer(2089858483,192608db42251d675da83286b1cce702) (ScriptedImporter) -> (artifact id: '330245d1b27c9d777bec8e4800dec47d') in 0.0054076 seconds
Number of updated asset objects reloaded before import = 0Number of asset objects unloaded after import = 0

========================================================================
Received Import Request.
  Time since last request: 0.000043 seconds.
  path: Assets/Unity Utility/Dialog/Sprites/SF Title.psd
  artifactKey: Guid(966be606197166640a108ef53355eddf) Importer(2089858483,192608db42251d675da83286b1cce702)
Start importing Assets/Unity Utility/Dialog/Sprites/SF Title.psd using Guid(966be606197166640a108ef53355eddf) Importer(2089858483,192608db42251d675da83286b1cce702) (ScriptedImporter) -> (artifact id: 'e05344a405460f20ad2b80b7f40ac77c') in 0.0113845 seconds
Number of updated asset objects reloaded before import = 0Number of asset objects unloaded after import = 3

========================================================================
Received Import Request.
  Time since last request: 0.000013 seconds.
  path: Assets/OrdosFX/PortalsPackage#2/Materials/Portal1/ColorParticles 1.mat
  artifactKey: Guid(cd98e98627275a14d8b8364dbf3d3d3f) Importer(2089858483,192608db42251d675da83286b1cce702)
Start importing Assets/OrdosFX/PortalsPackage#2/Materials/Portal1/ColorParticles 1.mat using Guid(cd98e98627275a14d8b8364dbf3d3d3f) Importer(2089858483,192608db42251d675da83286b1cce702) (ScriptedImporter) -> (artifact id: '6a5105e1a2c277119f96a386c4691668') in 0.0141647 seconds
Number of updated asset objects reloaded before import = 0Number of asset objects unloaded after import = 2

========================================================================
Received Import Request.
  Time since last request: 0.000014 seconds.
  path: Assets/Unity Utility/Dialog/Script/DialogBase.cs
  artifactKey: Guid(a27a98d460bf34a2f9850bf0749634ee) Importer(2089858483,192608db42251d675da83286b1cce702)
Start importing Assets/Unity Utility/Dialog/Script/DialogBase.cs using Guid(a27a98d460bf34a2f9850bf0749634ee) Importer(2089858483,192608db42251d675da83286b1cce702) (ScriptedImporter) -> (artifact id: '1a7aeba5704d75589960e2f86c5f9d0c') in 0.0053003 seconds
Number of updated asset objects reloaded before import = 0Number of asset objects unloaded after import = 0

========================================================================
Received Import Request.
  Time since last request: 0.000063 seconds.
  path: Assets/VRSampleScenes/Audio/Flyer/FlyerMixer.mixer
  artifactKey: Guid(d87b47ce31deb1f44bbe100832f18eb4) Importer(2089858483,192608db42251d675da83286b1cce702)
Start importing Assets/VRSampleScenes/Audio/Flyer/FlyerMixer.mixer using Guid(d87b47ce31deb1f44bbe100832f18eb4) Importer(2089858483,192608db42251d675da83286b1cce702) (ScriptedImporter)Refreshing native plugins compatible for Editor in 7.28 ms, found 2 plugins.
Preloading 0 native plugins for Editor in 0.00 ms.
 -> (artifact id: 'cb8107007085d7479e1b4441c2b47956') in 0.0264574 seconds
Number of updated asset objects reloaded before import = 0Number of asset objects unloaded after import = 14

========================================================================
Received Import Request.
  Time since last request: 0.000014 seconds.
  path: Assets/OrdosFX/PortalsPackage#2/Materials/Portal5/ColorParticles 7.mat
  artifactKey: Guid(f1e184fe31a963641988010f3f5993f0) Importer(2089858483,192608db42251d675da83286b1cce702)
Start importing Assets/OrdosFX/PortalsPackage#2/Materials/Portal5/ColorParticles 7.mat using Guid(f1e184fe31a963641988010f3f5993f0) Importer(2089858483,192608db42251d675da83286b1cce702) (ScriptedImporter) -> (artifact id: 'c71b1d34fcbdc018f35c5930785daa4f') in 0.0079486 seconds
Number of updated asset objects reloaded before import = 0Number of asset objects unloaded after import = 1

========================================================================
Received Import Request.
  Time since last request: 0.000016 seconds.
  path: Assets/VRSampleScenes/Animations/Flyer/FlyerGate.controller
  artifactKey: Guid(bca5b715dffd31b4d9f2bde0e858b114) Importer(2089858483,192608db42251d675da83286b1cce702)
Start importing Assets/VRSampleScenes/Animations/Flyer/FlyerGate.controller using Guid(bca5b715dffd31b4d9f2bde0e858b114) Importer(2089858483,192608db42251d675da83286b1cce702) (ScriptedImporter) -> (artifact id: 'c9c15a20116abc83d4171d909be09a93') in 0.0120148 seconds
Number of updated asset objects reloaded before import = 0Number of asset objects unloaded after import = 4

========================================================================
Received Import Request.
  Time since last request: 0.000014 seconds.
  path: Assets/Unity Utility/Collision/Script/ICollisionEnter.cs
  artifactKey: Guid(8306c78bce4fee548b1ab9a666d0fcd6) Importer(2089858483,192608db42251d675da83286b1cce702)
Start importing Assets/Unity Utility/Collision/Script/ICollisionEnter.cs using Guid(8306c78bce4fee548b1ab9a666d0fcd6) Importer(2089858483,192608db42251d675da83286b1cce702) (ScriptedImporter) -> (artifact id: '7f637a100054b067848a0fccad2a7d13') in 0.0052496 seconds
Number of updated asset objects reloaded before import = 0Number of asset objects unloaded after import = 0

========================================================================
Received Import Request.
  Time since last request: 0.000029 seconds.
  path: Assets/Test game/Scripts/UI/MusicShuffleButton.cs
  artifactKey: Guid(0e6c63847ccf74dd7b1fadfdddccdc2e) Importer(2089858483,192608db42251d675da83286b1cce702)
Start importing Assets/Test game/Scripts/UI/MusicShuffleButton.cs using Guid(0e6c63847ccf74dd7b1fadfdddccdc2e) Importer(2089858483,192608db42251d675da83286b1cce702) (ScriptedImporter) -> (artifact id: '7671255e936bcf015f09af1fee3ec4ec') in 0.004279 seconds
Number of updated asset objects reloaded before import = 0Number of asset objects unloaded after import = 0

========================================================================
Received Import Request.
  Time since last request: 0.000046 seconds.
  path: Assets/Test game/Scripts/UI/StartGameUIPanel.cs
  artifactKey: Guid(070074b1190adff409203da7cfc38973) Importer(2089858483,192608db42251d675da83286b1cce702)
Start importing Assets/Test game/Scripts/UI/StartGameUIPanel.cs using Guid(070074b1190adff409203da7cfc38973) Importer(2089858483,192608db42251d675da83286b1cce702) (ScriptedImporter) -> (artifact id: '096a2e8fff0d3df252ae2d7fd70c3bba') in 0.0121941 seconds
Number of updated asset objects reloaded before import = 0Number of asset objects unloaded after import = 0

========================================================================
Received Import Request.
  Time since last request: 0.000066 seconds.
  path: Assets/OrdosFX/PortalsPackage#2/Materials/Portal4/Test 4.mat
  artifactKey: Guid(68c1619c02d94d540b6f5b8152f5e856) Importer(2089858483,192608db42251d675da83286b1cce702)
Start importing Assets/OrdosFX/PortalsPackage#2/Materials/Portal4/Test 4.mat using Guid(68c1619c02d94d540b6f5b8152f5e856) Importer(2089858483,192608db42251d675da83286b1cce702) (ScriptedImporter) -> (artifact id: '4adcd8a0b7fe3aad298a1f4fe7671ba6') in 0.0240249 seconds
Number of updated asset objects reloaded before import = 0Number of asset objects unloaded after import = 3

========================================================================
Received Import Request.
  Time since last request: 0.000020 seconds.
  path: Assets/Unity Utility/AudioSystem/Audio/Shoot 1.mp3
  artifactKey: Guid(f9098c9caef96440a838dbe899422954) Importer(2089858483,192608db42251d675da83286b1cce702)
Start importing Assets/Unity Utility/AudioSystem/Audio/Shoot 1.mp3 using Guid(f9098c9caef96440a838dbe899422954) Importer(2089858483,192608db42251d675da83286b1cce702) (ScriptedImporter) -> (artifact id: '5f8bcbae4cb5c6fa361344fdde0db4ad') in 0.0141824 seconds
Number of updated asset objects reloaded before import = 0Number of asset objects unloaded after import = 1

========================================================================
Received Import Request.
  Time since last request: 0.000026 seconds.
  path: Assets/VRSampleScenes/Audio/Flyer/FlyerGateSucceed.aif
  artifactKey: Guid(478a812a624f6ab438adfe581d62ec75) Importer(2089858483,192608db42251d675da83286b1cce702)
Start importing Assets/VRSampleScenes/Audio/Flyer/FlyerGateSucceed.aif using Guid(478a812a624f6ab438adfe581d62ec75) Importer(2089858483,192608db42251d675da83286b1cce702) (ScriptedImporter) -> (artifact id: 'ef2eb3f6d53a9cd87335383dd58cb3d8') in 0.0355233 seconds
Number of updated asset objects reloaded before import = 0Number of asset objects unloaded after import = 1

========================================================================
Received Import Request.
  Time since last request: 0.000018 seconds.
  path: Assets/VRSampleScenes/Materials/Examples/ExamplesLime.mat
  artifactKey: Guid(6c24bafebfdd8d5409c9b756aad7b191) Importer(2089858483,192608db42251d675da83286b1cce702)
Start importing Assets/VRSampleScenes/Materials/Examples/ExamplesLime.mat using Guid(6c24bafebfdd8d5409c9b756aad7b191) Importer(2089858483,192608db42251d675da83286b1cce702) (ScriptedImporter) -> (artifact id: '08a7c0cad1e2f00968e0603443e69d01') in 0.0309447 seconds
Number of updated asset objects reloaded before import = 0Number of asset objects unloaded after import = 1

========================================================================
Received Import Request.
  Time since last request: 0.000014 seconds.
  path: Assets/Test game/Scripts/UI/OnGameUiPanel.cs
  artifactKey: Guid(0019f43809332b440b46aa7e72fa808b) Importer(2089858483,192608db42251d675da83286b1cce702)
Start importing Assets/Test game/Scripts/UI/OnGameUiPanel.cs using Guid(0019f43809332b440b46aa7e72fa808b) Importer(2089858483,192608db42251d675da83286b1cce702) (ScriptedImporter) -> (artifact id: 'db4c75de8d2ef1215cdb6cb75d80ff91') in 0.0047297 seconds
Number of updated asset objects reloaded before import = 0Number of asset objects unloaded after import = 0

========================================================================
Received Import Request.
  Time since last request: 0.000046 seconds.
  path: Assets/OrdosFX/PortalsPackage#2/Materials/Portal3/Crack.mat
  artifactKey: Guid(03e72b5596eaa004b887e2b3d2eb05d3) Importer(2089858483,192608db42251d675da83286b1cce702)
Start importing Assets/OrdosFX/PortalsPackage#2/Materials/Portal3/Crack.mat using Guid(03e72b5596eaa004b887e2b3d2eb05d3) Importer(2089858483,192608db42251d675da83286b1cce702) (ScriptedImporter) -> (artifact id: 'a3f9f9a1e361273406ccb98aab10a8d5') in 0.0191132 seconds
Number of updated asset objects reloaded before import = 0Number of asset objects unloaded after import = 2

========================================================================
Received Import Request.
  Time since last request: 0.000013 seconds.
  path: Assets/OrdosFX/PortalsPackage#2/Materials/Portal4/Rune4.mat
  artifactKey: Guid(ea26578d154dbc542b5a078ab601b471) Importer(2089858483,192608db42251d675da83286b1cce702)
Start importing Assets/OrdosFX/PortalsPackage#2/Materials/Portal4/Rune4.mat using Guid(ea26578d154dbc542b5a078ab601b471) Importer(2089858483,192608db42251d675da83286b1cce702) (ScriptedImporter) -> (artifact id: '3d5cc73efa1882a551b29d2b95004349') in 0.0108417 seconds
Number of updated asset objects reloaded before import = 0Number of asset objects unloaded after import = 2

========================================================================
Received Import Request.
  Time since last request: 0.000013 seconds.
  path: Assets/Unity Utility/AudioSystem/Script/IAudio.cs
  artifactKey: Guid(33351f58a8dd7412e9822962dc973249) Importer(2089858483,192608db42251d675da83286b1cce702)
Start importing Assets/Unity Utility/AudioSystem/Script/IAudio.cs using Guid(33351f58a8dd7412e9822962dc973249) Importer(2089858483,192608db42251d675da83286b1cce702) (ScriptedImporter) -> (artifact id: 'd173aaa685eb29790182425b6886ba1a') in 0.0053468 seconds
Number of updated asset objects reloaded before import = 0Number of asset objects unloaded after import = 0

========================================================================
Received Import Request.
  Time since last request: 0.000046 seconds.
  path: Assets/Unity Utility/Collision/Script/CollisionBase.cs
  artifactKey: Guid(bf0c1329e03bcc44b8289a9f76212bb4) Importer(2089858483,192608db42251d675da83286b1cce702)
Start importing Assets/Unity Utility/Collision/Script/CollisionBase.cs using Guid(bf0c1329e03bcc44b8289a9f76212bb4) Importer(2089858483,192608db42251d675da83286b1cce702) (ScriptedImporter) -> (artifact id: '857fb55d08ebd8ddd57347d1542e728e') in 0.0041518 seconds
Number of updated asset objects reloaded before import = 0Number of asset objects unloaded after import = 0

========================================================================
Received Import Request.
  Time since last request: 0.000058 seconds.
  path: Assets/Test game/Scripts/Utility/DestroyMe.cs
  artifactKey: Guid(ace7d8a6115f69c4c8c9d164ae0b916c) Importer(2089858483,192608db42251d675da83286b1cce702)
Start importing Assets/Test game/Scripts/Utility/DestroyMe.cs using Guid(ace7d8a6115f69c4c8c9d164ae0b916c) Importer(2089858483,192608db42251d675da83286b1cce702) (ScriptedImporter) -> (artifact id: '3136562f5e773ac25ab0b6a17f77cd0c') in 0.0037356 seconds
Number of updated asset objects reloaded before import = 0Number of asset objects unloaded after import = 0

========================================================================
Received Import Request.
  Time since last request: 0.000044 seconds.
  path: Assets/OrdosFX/PortalsPackage#2/Materials/Portal4/Rune3.mat
  artifactKey: Guid(d5465e667674f4540b0b7d38bddccbf8) Importer(2089858483,192608db42251d675da83286b1cce702)
Start importing Assets/OrdosFX/PortalsPackage#2/Materials/Portal4/Rune3.mat using Guid(d5465e667674f4540b0b7d38bddccbf8) Importer(2089858483,192608db42251d675da83286b1cce702) (ScriptedImporter) -> (artifact id: '78a4821e3a309a739c649fdeec9405ab') in 0.0103319 seconds
Number of updated asset objects reloaded before import = 0Number of asset objects unloaded after import = 2

========================================================================
Received Import Request.
  Time since last request: 0.000013 seconds.
  path: Assets/OrdosFX/PortalsPackage#2/Materials/Portal4/Rune5.mat
  artifactKey: Guid(4de23ea33c3a135439d5fd27048e464e) Importer(2089858483,192608db42251d675da83286b1cce702)
Start importing Assets/OrdosFX/PortalsPackage#2/Materials/Portal4/Rune5.mat using Guid(4de23ea33c3a135439d5fd27048e464e) Importer(2089858483,192608db42251d675da83286b1cce702) (ScriptedImporter) -> (artifact id: '24a9e6303770defed8ee26d723030ff0') in 0.0082874 seconds
Number of updated asset objects reloaded before import = 0Number of asset objects unloaded after import = 2

========================================================================
Received Import Request.
  Time since last request: 0.000013 seconds.
  path: Assets/Test game/Scripts/UI/GameOverPanel.cs
  artifactKey: Guid(669e8bf235f01b941bae439b8b0e8cef) Importer(2089858483,192608db42251d675da83286b1cce702)
Start importing Assets/Test game/Scripts/UI/GameOverPanel.cs using Guid(669e8bf235f01b941bae439b8b0e8cef) Importer(2089858483,192608db42251d675da83286b1cce702) (ScriptedImporter) -> (artifact id: 'c8c39a257e32332d24d0c0bf23d016c2') in 0.0045773 seconds
Number of updated asset objects reloaded before import = 0Number of asset objects unloaded after import = 0

========================================================================
Received Import Request.
  Time since last request: 0.000063 seconds.
  path: Assets/OrdosFX/PortalsPackage#2/Materials/Portal1/BlackTrails.mat
  artifactKey: Guid(0fcdc242e3fc0564da01fb634ed16166) Importer(2089858483,192608db42251d675da83286b1cce702)
Start importing Assets/OrdosFX/PortalsPackage#2/Materials/Portal1/BlackTrails.mat using Guid(0fcdc242e3fc0564da01fb634ed16166) Importer(2089858483,192608db42251d675da83286b1cce702) (ScriptedImporter) -> (artifact id: 'ad80c93c56158e0ae2113b6460957385') in 0.0065726 seconds
Number of updated asset objects reloaded before import = 0Number of asset objects unloaded after import = 2

========================================================================
Received Import Request.
  Time since last request: 0.000012 seconds.
  path: Assets/Test game/Scripts/Utility/GameStateEnum.cs
  artifactKey: Guid(e18faa226c604cf4a8f4726353a77556) Importer(2089858483,192608db42251d675da83286b1cce702)
Start importing Assets/Test game/Scripts/Utility/GameStateEnum.cs using Guid(e18faa226c604cf4a8f4726353a77556) Importer(2089858483,192608db42251d675da83286b1cce702) (ScriptedImporter) -> (artifact id: '1c5511b6321a0c438b656e6dbbdf23ec') in 0.0040559 seconds
Number of updated asset objects reloaded before import = 0Number of asset objects unloaded after import = 0

========================================================================
Received Import Request.
  Time since last request: 0.000056 seconds.
  path: Assets/Unity Utility/Data Save System/Script/GameSavedData.cs
  artifactKey: Guid(bbd79d80924f949bab5f6b8fef91b07b) Importer(2089858483,192608db42251d675da83286b1cce702)
Start importing Assets/Unity Utility/Data Save System/Script/GameSavedData.cs using Guid(bbd79d80924f949bab5f6b8fef91b07b) Importer(2089858483,192608db42251d675da83286b1cce702) (ScriptedImporter) -> (artifact id: '4be4db80d9dc1f00fdb332cacc95f29f') in 0.0048229 seconds
Number of updated asset objects reloaded before import = 0Number of asset objects unloaded after import = 0

========================================================================
Received Import Request.
  Time since last request: 0.000043 seconds.
  path: Assets/Test game/Scripts/UI/PauseGamePanel.cs
  artifactKey: Guid(80da21770b13229489cc862722059960) Importer(2089858483,192608db42251d675da83286b1cce702)
Start importing Assets/Test game/Scripts/UI/PauseGamePanel.cs using Guid(80da21770b13229489cc862722059960) Importer(2089858483,192608db42251d675da83286b1cce702) (ScriptedImporter) -> (artifact id: '1db443ebc6382d832225b313457e8838') in 0.0113115 seconds
Number of updated asset objects reloaded before import = 0Number of asset objects unloaded after import = 0

========================================================================
Received Import Request.
  Time since last request: 0.000065 seconds.
  path: Assets/OrdosFX/PortalsPackage#2/Materials/Portal5/ColorParticles 5.mat
  artifactKey: Guid(0ba9019989e0b0149b8f93040e6d250d) Importer(2089858483,192608db42251d675da83286b1cce702)
Start importing Assets/OrdosFX/PortalsPackage#2/Materials/Portal5/ColorParticles 5.mat using Guid(0ba9019989e0b0149b8f93040e6d250d) Importer(2089858483,192608db42251d675da83286b1cce702) (ScriptedImporter) -> (artifact id: 'df0e0ebae85d797b6895edbb7fb7d928') in 0.0066408 seconds
Number of updated asset objects reloaded before import = 0Number of asset objects unloaded after import = 2

========================================================================
Received Import Request.
  Time since last request: 0.000014 seconds.
  path: Assets/Unity Utility/Collision/Script/ICollisionExit.cs
  artifactKey: Guid(1550f43a79709ae45a2ef72050b49b0c) Importer(2089858483,192608db42251d675da83286b1cce702)
Start importing Assets/Unity Utility/Collision/Script/ICollisionExit.cs using Guid(1550f43a79709ae45a2ef72050b49b0c) Importer(2089858483,192608db42251d675da83286b1cce702) (ScriptedImporter) -> (artifact id: '7613c49cab693118926f03f120547645') in 0.0046188 seconds
Number of updated asset objects reloaded before import = 0Number of asset objects unloaded after import = 0

========================================================================
Received Import Request.
  Time since last request: 0.000053 seconds.
  path: Assets/Unity Utility/AudioSystem/Script/AudioPlayerControler.cs
  artifactKey: Guid(9c41c6fa811d24181810871af8753cec) Importer(2089858483,192608db42251d675da83286b1cce702)
Start importing Assets/Unity Utility/AudioSystem/Script/AudioPlayerControler.cs using Guid(9c41c6fa811d24181810871af8753cec) Importer(2089858483,192608db42251d675da83286b1cce702) (ScriptedImporter) -> (artifact id: '3be111f68646e408d3fdec7dc1c015d5') in 0.0046624 seconds
Number of updated asset objects reloaded before import = 0Number of asset objects unloaded after import = 0

========================================================================
Received Import Request.
  Time since last request: 0.000050 seconds.
  path: Assets/OrdosFX/PortalsPackage#2/Materials/Portal4/Rune1.mat
  artifactKey: Guid(08b01688767e15d4c81d5961f62445e3) Importer(2089858483,192608db42251d675da83286b1cce702)
Start importing Assets/OrdosFX/PortalsPackage#2/Materials/Portal4/Rune1.mat using Guid(08b01688767e15d4c81d5961f62445e3) Importer(2089858483,192608db42251d675da83286b1cce702) (ScriptedImporter) -> (artifact id: '6201bed7047fe89ff3b8c095b40e16cd') in 0.0090902 seconds
Number of updated asset objects reloaded before import = 0Number of asset objects unloaded after import = 2

========================================================================
Received Import Request.
  Time since last request: 0.000012 seconds.
  path: Assets/Unity Utility/Dialog/Dialog prefab/Action Dialog.prefab
  artifactKey: Guid(6b14be846c3b5405db8747358b3a96a2) Importer(2089858483,192608db42251d675da83286b1cce702)
Start importing Assets/Unity Utility/Dialog/Dialog prefab/Action Dialog.prefab using Guid(6b14be846c3b5405db8747358b3a96a2) Importer(2089858483,192608db42251d675da83286b1cce702) (ScriptedImporter) -> (artifact id: 'aa4ceb94181ed55985a5a820dae83677') in 0.0267052 seconds
Number of updated asset objects reloaded before import = 0Number of asset objects unloaded after import = 48

========================================================================
Received Import Request.
  Time since last request: 0.000030 seconds.
  path: Assets/OrdosFX/PortalsPackage#2/Materials/Portal7/Portal9.mat
  artifactKey: Guid(e11f5b82884770045819b65d374aa894) Importer(2089858483,192608db42251d675da83286b1cce702)
Start importing Assets/OrdosFX/PortalsPackage#2/Materials/Portal7/Portal9.mat using Guid(e11f5b82884770045819b65d374aa894) Importer(2089858483,192608db42251d675da83286b1cce702) (ScriptedImporter) -> (artifact id: 'b861b25f8a8d3aca2271246318c77642') in 0.0141245 seconds
Number of updated asset objects reloaded before import = 0Number of asset objects unloaded after import = 2

========================================================================
Received Import Request.
  Time since last request: 0.000013 seconds.
  path: Assets/GoogleMobileAds/Editor/Resources/DummyAds/Banners/MEDIUM_RECTANGLE.prefab
  artifactKey: Guid(da3156337d5ca4d529cf72f8b467823b) Importer(2089858483,192608db42251d675da83286b1cce702)
Start importing Assets/GoogleMobileAds/Editor/Resources/DummyAds/Banners/MEDIUM_RECTANGLE.prefab using Guid(da3156337d5ca4d529cf72f8b467823b) Importer(2089858483,192608db42251d675da83286b1cce702) (ScriptedImporter) -> (artifact id: '202d9a6f3d217b0d4e165882660f3ad5') in 0.0188099 seconds
Number of updated asset objects reloaded before import = 0Number of asset objects unloaded after import = 13

========================================================================
Received Import Request.
  Time since last request: 0.000013 seconds.
  path: Assets/GoogleMobileAds/Editor/Resources/DummyAds/Banners/CENTER.prefab
  artifactKey: Guid(452d0eeb28d68420d95c05a6712689be) Importer(2089858483,192608db42251d675da83286b1cce702)
Start importing Assets/GoogleMobileAds/Editor/Resources/DummyAds/Banners/CENTER.prefab using Guid(452d0eeb28d68420d95c05a6712689be) Importer(2089858483,192608db42251d675da83286b1cce702) (ScriptedImporter) -> (artifact id: '959c48bad1fb64fc78c1fc87ca724c0c') in 0.0116657 seconds
Number of updated asset objects reloaded before import = 0Number of asset objects unloaded after import = 16

========================================================================
Received Import Request.
  Time since last request: 0.000040 seconds.
  path: Assets/OrdosFX/PortalsPackage#2/Materials/Portal8/Planet.mat
  artifactKey: Guid(4bc5e3f311743ab4899410830a15bf00) Importer(2089858483,192608db42251d675da83286b1cce702)
Start importing Assets/OrdosFX/PortalsPackage#2/Materials/Portal8/Planet.mat using Guid(4bc5e3f311743ab4899410830a15bf00) Importer(2089858483,192608db42251d675da83286b1cce702) (ScriptedImporter) -> (artifact id: 'b35761a6669339deddb25668fd587c97') in 0.0393366 seconds
Number of updated asset objects reloaded before import = 0Number of asset objects unloaded after import = 3

========================================================================
Received Import Request.
  Time since last request: 0.000023 seconds.
  path: Assets/OrdosFX/PortalsPackage#2/Materials/Portal7/Portal8.mat
  artifactKey: Guid(6dd1a7ed5ec1a914f96bbeb8ca07e499) Importer(2089858483,192608db42251d675da83286b1cce702)
Start importing Assets/OrdosFX/PortalsPackage#2/Materials/Portal7/Portal8.mat using Guid(6dd1a7ed5ec1a914f96bbeb8ca07e499) Importer(2089858483,192608db42251d675da83286b1cce702) (ScriptedImporter) -> (artifact id: '9546ef30a002e4b707e0b1d49370d08e') in 0.0158655 seconds
Number of updated asset objects reloaded before import = 0Number of asset objects unloaded after import = 2

========================================================================
Received Import Request.
  Time since last request: 0.000018 seconds.
  path: Assets/Unity Utility/AudioSystem/Script/example/SingleAudioExample.cs
  artifactKey: Guid(782b72c21833e4f38903b919aa5bc1be) Importer(2089858483,192608db42251d675da83286b1cce702)
Start importing Assets/Unity Utility/AudioSystem/Script/example/SingleAudioExample.cs using Guid(782b72c21833e4f38903b919aa5bc1be) Importer(2089858483,192608db42251d675da83286b1cce702) (ScriptedImporter) -> (artifact id: '2beba1cbe8cbd12b03cb44820fc639c6') in 0.0053364 seconds
Number of updated asset objects reloaded before import = 0Number of asset objects unloaded after import = 0

========================================================================
Received Import Request.
  Time since last request: 0.000051 seconds.
  path: Assets/GoogleMobileAds/Editor/Resources/DummyAds/AdImages/468x60.png
  artifactKey: Guid(74358f5fb13a549aabac4a5a7ac76739) Importer(2089858483,192608db42251d675da83286b1cce702)
Start importing Assets/GoogleMobileAds/Editor/Resources/DummyAds/AdImages/468x60.png using Guid(74358f5fb13a549aabac4a5a7ac76739) Importer(2089858483,192608db42251d675da83286b1cce702) (ScriptedImporter) -> (artifact id: '1e119e41b4d65fe11e0ca1f947b792b9') in 0.013527 seconds
Number of updated asset objects reloaded before import = 0Number of asset objects unloaded after import = 3

========================================================================
Received Import Request.
  Time since last request: 0.000016 seconds.
  path: Assets/OrdosFX/PortalsPackage#2/SceneResourses/Art/Shaders/Stonework.shader
  artifactKey: Guid(e95b884462a6a7a4eb11404c32625407) Importer(2089858483,192608db42251d675da83286b1cce702)
Start importing Assets/OrdosFX/PortalsPackage#2/SceneResourses/Art/Shaders/Stonework.shader using Guid(e95b884462a6a7a4eb11404c32625407) Importer(2089858483,192608db42251d675da83286b1cce702) (ScriptedImporter) -> (artifact id: '9ad27177c07b9a3a0a8dfa3400ad5c39') in 0.0070161 seconds
Number of updated asset objects reloaded before import = 0Number of asset objects unloaded after import = 1

========================================================================
Received Import Request.
  Time since last request: 0.000053 seconds.
  path: Assets/OrdosFX/PortalsPackage#2/Materials/Portal8/Circle 1.mat
  artifactKey: Guid(55f18a2022955f24392658c7db0e2f1a) Importer(2089858483,192608db42251d675da83286b1cce702)
Start importing Assets/OrdosFX/PortalsPackage#2/Materials/Portal8/Circle 1.mat using Guid(55f18a2022955f24392658c7db0e2f1a) Importer(2089858483,192608db42251d675da83286b1cce702) (ScriptedImporter) -> (artifact id: '85dfa11907e7d90cfebbfbedc331ed13') in 0.0155591 seconds
Number of updated asset objects reloaded before import = 0Number of asset objects unloaded after import = 3

========================================================================
Received Import Request.
  Time since last request: 0.000014 seconds.
  path: Assets/OrdosFX/PortalsPackage#2/Materials/Portal8/Ring2.mat
  artifactKey: Guid(d2ad06f969ac533498e9d5823b1aa244) Importer(2089858483,192608db42251d675da83286b1cce702)
Start importing Assets/OrdosFX/PortalsPackage#2/Materials/Portal8/Ring2.mat using Guid(d2ad06f969ac533498e9d5823b1aa244) Importer(2089858483,192608db42251d675da83286b1cce702) (ScriptedImporter) -> (artifact id: 'ed280ff56e2807fc481036810403395f') in 0.0148904 seconds
Number of updated asset objects reloaded before import = 0Number of asset objects unloaded after import = 3

========================================================================
Received Import Request.
  Time since last request: 0.000016 seconds.
  path: Assets/Unity Utility/Dialog/Script/Dialog type/ActionDialog.cs
  artifactKey: Guid(c07b1f18067af4367acf076963f7f1b4) Importer(2089858483,192608db42251d675da83286b1cce702)
Start importing Assets/Unity Utility/Dialog/Script/Dialog type/ActionDialog.cs using Guid(c07b1f18067af4367acf076963f7f1b4) Importer(2089858483,192608db42251d675da83286b1cce702) (ScriptedImporter) -> (artifact id: '0e8a0610b4fa9e5f7a1d6987b0b70631') in 0.005386 seconds
Number of updated asset objects reloaded before import = 0Number of asset objects unloaded after import = 0

========================================================================
Received Import Request.
  Time since last request: 0.000057 seconds.
  path: Assets/GoogleMobileAds/Editor/Resources/DummyAds/Banners/ADAPTIVE.prefab
  artifactKey: Guid(b2a3ea2f1837847d9981501e0eeca085) Importer(2089858483,192608db42251d675da83286b1cce702)
Start importing Assets/GoogleMobileAds/Editor/Resources/DummyAds/Banners/ADAPTIVE.prefab using Guid(b2a3ea2f1837847d9981501e0eeca085) Importer(2089858483,192608db42251d675da83286b1cce702) (ScriptedImporter) -> (artifact id: '74ba8febe910e316e753820473d4117b') in 0.0193908 seconds
Number of updated asset objects reloaded before import = 0Number of asset objects unloaded after import = 16

========================================================================
Received Import Request.
  Time since last request: 0.000014 seconds.
  path: Assets/Unity Utility/Dialog/Script/Builder/DialogClass.cs
  artifactKey: Guid(59f3f76aa569841ee95a531df9a6473a) Importer(2089858483,192608db42251d675da83286b1cce702)
Start importing Assets/Unity Utility/Dialog/Script/Builder/DialogClass.cs using Guid(59f3f76aa569841ee95a531df9a6473a) Importer(2089858483,192608db42251d675da83286b1cce702) (ScriptedImporter) -> (artifact id: '01c62033455db8567960eae7bf1b95ab') in 0.0048182 seconds
Number of updated asset objects reloaded before import = 0Number of asset objects unloaded after import = 0

========================================================================
Received Import Request.
  Time since last request: 0.000051 seconds.
  path: Assets/GoogleMobileAds/Editor/Resources/DummyAds/Banners/FULL_BANNER.prefab
  artifactKey: Guid(a01bd5a6d0f504aecb61dad504950abd) Importer(2089858483,192608db42251d675da83286b1cce702)
Start importing Assets/GoogleMobileAds/Editor/Resources/DummyAds/Banners/FULL_BANNER.prefab using Guid(a01bd5a6d0f504aecb61dad504950abd) Importer(2089858483,192608db42251d675da83286b1cce702) (ScriptedImporter) -> (artifact id: 'cd7af2b71de6dbbc9f7ed49f4e990583') in 0.0127599 seconds
Number of updated asset objects reloaded before import = 0Number of asset objects unloaded after import = 13

========================================================================
Received Import Request.
  Time since last request: 0.000012 seconds.
  path: Assets/GoogleMobileAds/Editor/Resources/DummyAds/AdImages/320x100.png
  artifactKey: Guid(1a2723ddf964e4565a408007ab387283) Importer(2089858483,192608db42251d675da83286b1cce702)
Start importing Assets/GoogleMobileAds/Editor/Resources/DummyAds/AdImages/320x100.png using Guid(1a2723ddf964e4565a408007ab387283) Importer(2089858483,192608db42251d675da83286b1cce702) (ScriptedImporter) -> (artifact id: 'e7abdbd1d652b3c35daf34b4865ce715') in 0.0149602 seconds
Number of updated asset objects reloaded before import = 0Number of asset objects unloaded after import = 3

========================================================================
Received Import Request.
  Time since last request: 0.000047 seconds.
  path: Assets/OrdosFX/PortalsPackage#2/Materials/Portal5/Test 2.mat
  artifactKey: Guid(d29f31821a43a8c46874508d30dd973d) Importer(2089858483,192608db42251d675da83286b1cce702)
Start importing Assets/OrdosFX/PortalsPackage#2/Materials/Portal5/Test 2.mat using Guid(d29f31821a43a8c46874508d30dd973d) Importer(2089858483,192608db42251d675da83286b1cce702) (ScriptedImporter) -> (artifact id: '572cb24de158ccd5c7379c21c4f23275') in 0.0155694 seconds
Number of updated asset objects reloaded before import = 0Number of asset objects unloaded after import = 2

========================================================================
Received Import Request.
  Time since last request: 0.000012 seconds.
  path: Assets/OrdosFX/PortalsPackage#2/SceneResourses/Prefabs/Environment/Rock/RockFloating01.prefab
  artifactKey: Guid(2e2e139c47bb3714d8d90a6ff34feefb) Importer(2089858483,192608db42251d675da83286b1cce702)
Start importing Assets/OrdosFX/PortalsPackage#2/SceneResourses/Prefabs/Environment/Rock/RockFloating01.prefab using Guid(2e2e139c47bb3714d8d90a6ff34feefb) Importer(2089858483,192608db42251d675da83286b1cce702) (ScriptedImporter) -> (artifact id: '829af00651cefd84e56b2fe25e47ffac') in 0.023459 seconds
Number of updated asset objects reloaded before import = 0Number of asset objects unloaded after import = 21

========================================================================
Received Import Request.
  Time since last request: 0.000014 seconds.
  path: Assets/Unity Utility/Dialog/Script/Builder/DialogBuilder.cs
  artifactKey: Guid(ad5c2b70260d0462191280370c1b2ef9) Importer(2089858483,192608db42251d675da83286b1cce702)
Start importing Assets/Unity Utility/Dialog/Script/Builder/DialogBuilder.cs using Guid(ad5c2b70260d0462191280370c1b2ef9) Importer(2089858483,192608db42251d675da83286b1cce702) (ScriptedImporter) -> (artifact id: 'fc0886eb47456884f054dd7b0d0dc507') in 0.0046783 seconds
Number of updated asset objects reloaded before import = 0Number of asset objects unloaded after import = 0

========================================================================
Received Import Request.
  Time since last request: 0.000056 seconds.
  path: Assets/OrdosFX/PortalsPackage#2/Materials/Portal8/ColorParticles 7.mat
  artifactKey: Guid(ca9d42fc1e3980f4db19fbe56c72dbf6) Importer(2089858483,192608db42251d675da83286b1cce702)
Start importing Assets/OrdosFX/PortalsPackage#2/Materials/Portal8/ColorParticles 7.mat using Guid(ca9d42fc1e3980f4db19fbe56c72dbf6) Importer(2089858483,192608db42251d675da83286b1cce702) (ScriptedImporter) -> (artifact id: '28bc64346bbe4d589556c907b3865ccb') in 0.0062636 seconds
Number of updated asset objects reloaded before import = 0Number of asset objects unloaded after import = 2

========================================================================
Received Import Request.
  Time since last request: 0.000013 seconds.
  path: Assets/Unity Utility/Dialog/Script/Dialog type/AlertDialog.cs
  artifactKey: Guid(9d0b009e304994408a1acfbda93fc4b7) Importer(2089858483,192608db42251d675da83286b1cce702)
Start importing Assets/Unity Utility/Dialog/Script/Dialog type/AlertDialog.cs using Guid(9d0b009e304994408a1acfbda93fc4b7) Importer(2089858483,192608db42251d675da83286b1cce702) (ScriptedImporter) -> (artifact id: 'a839182291f068e91ce3e39e661b7d28') in 0.005064 seconds
Number of updated asset objects reloaded before import = 0Number of asset objects unloaded after import = 0

========================================================================
Received Import Request.
  Time since last request: 0.000067 seconds.
  path: Assets/OrdosFX/PortalsPackage#2/Materials/Portal7/Portal11.mat
  artifactKey: Guid(3950f3a870ba4a04ebbf582779563322) Importer(2089858483,192608db42251d675da83286b1cce702)
Start importing Assets/OrdosFX/PortalsPackage#2/Materials/Portal7/Portal11.mat using Guid(3950f3a870ba4a04ebbf582779563322) Importer(2089858483,192608db42251d675da83286b1cce702) (ScriptedImporter) -> (artifact id: 'c7bb8c16b3cea58fae022bc19c33e007') in 0.015667 seconds
Number of updated asset objects reloaded before import = 0Number of asset objects unloaded after import = 2

========================================================================
Received Import Request.
  Time since last request: 0.000016 seconds.
  path: Assets/GoogleMobileAds/Editor/Resources/DummyAds/Interstitials/1024x768.prefab
  artifactKey: Guid(53084846ca7a14a878485a5db71fda00) Importer(2089858483,192608db42251d675da83286b1cce702)
Start importing Assets/GoogleMobileAds/Editor/Resources/DummyAds/Interstitials/1024x768.prefab using Guid(53084846ca7a14a878485a5db71fda00) Importer(2089858483,192608db42251d675da83286b1cce702) (ScriptedImporter) -> (artifact id: 'e92c8ffd654e0cb31502923c09757aa1') in 0.0122043 seconds
Number of updated asset objects reloaded before import = 0Number of asset objects unloaded after import = 26

========================================================================
Received Import Request.
  Time since last request: 0.000022 seconds.
  path: Assets/GoogleMobileAds/Editor/Resources/DummyAds/Rewarded/1024x768.prefab
  artifactKey: Guid(ac0a546bb4fb349229fc5824b288ec00) Importer(2089858483,192608db42251d675da83286b1cce702)
Start importing Assets/GoogleMobileAds/Editor/Resources/DummyAds/Rewarded/1024x768.prefab using Guid(ac0a546bb4fb349229fc5824b288ec00) Importer(2089858483,192608db42251d675da83286b1cce702) (ScriptedImporter) -> (artifact id: '09a666a975b3e6862b387fa3c4d3f1de') in 0.0129726 seconds
Number of updated asset objects reloaded before import = 0Number of asset objects unloaded after import = 30

========================================================================
Received Import Request.
  Time since last request: 0.000013 seconds.
  path: Assets/GoogleMobileAds/Editor/Resources/DummyAds/AdImages/728x90.png
  artifactKey: Guid(cfead63ff9d9d48e2b4ba3c2dee7cea9) Importer(2089858483,192608db42251d675da83286b1cce702)
Start importing Assets/GoogleMobileAds/Editor/Resources/DummyAds/AdImages/728x90.png using Guid(cfead63ff9d9d48e2b4ba3c2dee7cea9) Importer(2089858483,192608db42251d675da83286b1cce702) (ScriptedImporter) -> (artifact id: 'b6072f85dbc715c6b8ecb1c908f1616b') in 0.0186269 seconds
Number of updated asset objects reloaded before import = 0Number of asset objects unloaded after import = 3

========================================================================
Received Import Request.
  Time since last request: 0.000012 seconds.
  path: Assets/GoogleMobileAds/Editor/Resources/DummyAds/Banners/BANNER.prefab
  artifactKey: Guid(b2a8ac187bcca47a286cb00c8094da36) Importer(2089858483,192608db42251d675da83286b1cce702)
Start importing Assets/GoogleMobileAds/Editor/Resources/DummyAds/Banners/BANNER.prefab using Guid(b2a8ac187bcca47a286cb00c8094da36) Importer(2089858483,192608db42251d675da83286b1cce702) (ScriptedImporter) -> (artifact id: '6a779d68181308c1dd98ded1c17168cb') in 0.013542 seconds
Number of updated asset objects reloaded before import = 0Number of asset objects unloaded after import = 13

========================================================================
Received Import Request.
  Time since last request: 0.000013 seconds.
  path: Assets/OrdosFX/PortalsPackage#2/Materials/Portal6/Sphere 1.mat
  artifactKey: Guid(1434ff1b5fcc0184283326d2c36bd6dc) Importer(2089858483,192608db42251d675da83286b1cce702)
Start importing Assets/OrdosFX/PortalsPackage#2/Materials/Portal6/Sphere 1.mat using Guid(1434ff1b5fcc0184283326d2c36bd6dc) Importer(2089858483,192608db42251d675da83286b1cce702) (ScriptedImporter) -> (artifact id: '5fadc7a54c81a214ed53c79ea1e3bb95') in 0.0187278 seconds
Number of updated asset objects reloaded before import = 0Number of asset objects unloaded after import = 2

========================================================================
Received Import Request.
  Time since last request: 0.000013 seconds.
  path: Assets/OrdosFX/PortalsPackage#2/Materials/Portal4/Rune2.mat
  artifactKey: Guid(22d17c797bc8d0e43916320935ecfd8f) Importer(2089858483,192608db42251d675da83286b1cce702)
Start importing Assets/OrdosFX/PortalsPackage#2/Materials/Portal4/Rune2.mat using Guid(22d17c797bc8d0e43916320935ecfd8f) Importer(2089858483,192608db42251d675da83286b1cce702) (ScriptedImporter) -> (artifact id: '21eb59015e6af5e955ae53d0cc709b97') in 0.0087825 seconds
Number of updated asset objects reloaded before import = 0Number of asset objects unloaded after import = 2

========================================================================
Received Import Request.
  Time since last request: 0.000012 seconds.
  path: Assets/Unity Utility/AudioSystem/Script/example/BackgroundSoundController.cs
  artifactKey: Guid(14f15c29e5c2741919a021da0607b9ff) Importer(2089858483,192608db42251d675da83286b1cce702)
Start importing Assets/Unity Utility/AudioSystem/Script/example/BackgroundSoundController.cs using Guid(14f15c29e5c2741919a021da0607b9ff) Importer(2089858483,192608db42251d675da83286b1cce702) (ScriptedImporter) -> (artifact id: '415c5cdd720597826b7d8d0c1e3e33cf') in 0.0059716 seconds
Number of updated asset objects reloaded before import = 0Number of asset objects unloaded after import = 0

========================================================================
Received Import Request.
  Time since last request: 0.000067 seconds.
  path: Assets/GoogleMobileAds/Editor/Resources/DummyAds/AdImages/768x1024.png
  artifactKey: Guid(8a53f9c63a5e94b14a98698a7b07365b) Importer(2089858483,192608db42251d675da83286b1cce702)
Start importing Assets/GoogleMobileAds/Editor/Resources/DummyAds/AdImages/768x1024.png using Guid(8a53f9c63a5e94b14a98698a7b07365b) Importer(2089858483,192608db42251d675da83286b1cce702) (ScriptedImporter) -> (artifact id: 'ebce3e029a5c31718d290ccdc689ee91') in 0.0265343 seconds
Number of updated asset objects reloaded before import = 0Number of asset objects unloaded after import = 3

========================================================================
Received Import Request.
  Time since last request: 0.000016 seconds.
  path: Assets/Game GUI Vol1/Playful/PNG/Twitter.png
  artifactKey: Guid(93a69ad77ea914e33bf489705120f1e4) Importer(2089858483,192608db42251d675da83286b1cce702)
Start importing Assets/Game GUI Vol1/Playful/PNG/Twitter.png using Guid(93a69ad77ea914e33bf489705120f1e4) Importer(2089858483,192608db42251d675da83286b1cce702) (ScriptedImporter) -> (artifact id: '4d737db705a789057a56476448cdb927') in 0.0175693 seconds
Number of updated asset objects reloaded before import = 0Number of asset objects unloaded after import = 3

========================================================================
Received Import Request.
  Time since last request: 0.000016 seconds.
  path: Assets/Game GUI Vol1/PurpleRock/Vector/PurpleRock.ai
  artifactKey: Guid(4d9b618a8b47843599a84bd9dcf204d6) Importer(2089858483,192608db42251d675da83286b1cce702)
Start importing Assets/Game GUI Vol1/PurpleRock/Vector/PurpleRock.ai using Guid(4d9b618a8b47843599a84bd9dcf204d6) Importer(2089858483,192608db42251d675da83286b1cce702) (ScriptedImporter) -> (artifact id: '63ef39697c96344f6b4f90b8e04d4043') in 0.0054478 seconds
Number of updated asset objects reloaded before import = 0Number of asset objects unloaded after import = 1

========================================================================
Received Import Request.
  Time since last request: 0.000028 seconds.
  path: Assets/OrdosFX/PortalsPackage#2/Textures/element (425).png
  artifactKey: Guid(7b40d42653472ce47808bd4bcffd13f8) Importer(2089858483,192608db42251d675da83286b1cce702)
Start importing Assets/OrdosFX/PortalsPackage#2/Textures/element (425).png using Guid(7b40d42653472ce47808bd4bcffd13f8) Importer(2089858483,192608db42251d675da83286b1cce702) (ScriptedImporter) -> (artifact id: '8dafbde696d9f1f2419d98e34f112f88') in 0.0304999 seconds
Number of updated asset objects reloaded before import = 0Number of asset objects unloaded after import = 1

========================================================================
Received Import Request.
  Time since last request: 0.000039 seconds.
  path: Assets/GooglePlayGames/BasicApi/Nearby/DummyNearbyConnectionClient.cs
  artifactKey: Guid(9b3f34a2bba13428789d02b53fd89a47) Importer(2089858483,192608db42251d675da83286b1cce702)
Start importing Assets/GooglePlayGames/BasicApi/Nearby/DummyNearbyConnectionClient.cs using Guid(9b3f34a2bba13428789d02b53fd89a47) Importer(2089858483,192608db42251d675da83286b1cce702) (ScriptedImporter) -> (artifact id: '60d1cabfda0658cd5650a7d6d0bb1fa6') in 0.0082405 seconds
Number of updated asset objects reloaded before import = 0Number of asset objects unloaded after import = 0

========================================================================
Received Import Request.
  Time since last request: 0.000051 seconds.
  path: Assets/OrdosFX/PortalsPackage#2/SceneResourses/Art/Models/Environment/Stonework/FloorCircular03.fbx
  artifactKey: Guid(4d228236da1f9334599f27533c21daf6) Importer(2089858483,192608db42251d675da83286b1cce702)
Start importing Assets/OrdosFX/PortalsPackage#2/SceneResourses/Art/Models/Environment/Stonework/FloorCircular03.fbx using Guid(4d228236da1f9334599f27533c21daf6) Importer(2089858483,192608db42251d675da83286b1cce702) (ScriptedImporter) -> (artifact id: 'be375d7263617b1ef39a1a0a880ce7e8') in 0.0359863 seconds
Number of updated asset objects reloaded before import = 0Number of asset objects unloaded after import = 15

========================================================================
Received Import Request.
  Time since last request: 0.000019 seconds.
  path: Assets/GooglePlayGames/Editor/m2repository/com/google/games/gpgs-plugin-support/0.10.12/gpgs-plugin-support-0.10.12.pom.sha1
  artifactKey: Guid(d15b31a94d8f5f209a3ec411bce00ebb) Importer(2089858483,192608db42251d675da83286b1cce702)
Start importing Assets/GooglePlayGames/Editor/m2repository/com/google/games/gpgs-plugin-support/0.10.12/gpgs-plugin-support-0.10.12.pom.sha1 using Guid(d15b31a94d8f5f209a3ec411bce00ebb) Importer(2089858483,192608db42251d675da83286b1cce702) (ScriptedImporter) -> (artifact id: 'a94426408d388a6994cfe7edccf289c6') in 0.0073006 seconds
Number of updated asset objects reloaded before import = 0Number of asset objects unloaded after import = 1

========================================================================
Received Import Request.
  Time since last request: 0.000036 seconds.
  path: Assets/OrdosFX/PortalsPackage#2/SceneResourses/Art/Textures/Environment/Rock/RockFloating04_Albedo.tif
  artifactKey: Guid(30e19b2cfa32c904e841a50f81f29948) Importer(2089858483,192608db42251d675da83286b1cce702)
Start importing Assets/OrdosFX/PortalsPackage#2/SceneResourses/Art/Textures/Environment/Rock/RockFloating04_Albedo.tif using Guid(30e19b2cfa32c904e841a50f81f29948) Importer(2089858483,192608db42251d675da83286b1cce702) (ScriptedImporter) -> (artifact id: 'cb86759cb35edfde3b5f5d69b73293e3') in 0.0330876 seconds
Number of updated asset objects reloaded before import = 0Number of asset objects unloaded after import = 1

========================================================================
Received Import Request.
  Time since last request: 0.000043 seconds.
  path: Assets/GooglePlayGames/Editor/m2repository/com/google/games/gpgs-plugin-support/0.10.12/gpgs-plugin-support-0.10.12.srcaar.md5
  artifactKey: Guid(20c443787128ce28fa6ab9eec3507775) Importer(2089858483,192608db42251d675da83286b1cce702)
Start importing Assets/GooglePlayGames/Editor/m2repository/com/google/games/gpgs-plugin-support/0.10.12/gpgs-plugin-support-0.10.12.srcaar.md5 using Guid(20c443787128ce28fa6ab9eec3507775) Importer(2089858483,192608db42251d675da83286b1cce702) (ScriptedImporter) -> (artifact id: 'e81a49b0e0bc39832134200b3af0c0e3') in 0.0063687 seconds
Number of updated asset objects reloaded before import = 0Number of asset objects unloaded after import = 1

========================================================================
Received Import Request.
  Time since last request: 0.000020 seconds.
  path: Assets/OrdosFX/PortalsPackage#2/SceneResourses/Art/Textures/Environment/Stonework/StairsCircular01_MetallicSmooth.tif
  artifactKey: Guid(69009a6f216bf9845a49bce14e7f42cd) Importer(2089858483,192608db42251d675da83286b1cce702)
Start importing Assets/OrdosFX/PortalsPackage#2/SceneResourses/Art/Textures/Environment/Stonework/StairsCircular01_MetallicSmooth.tif using Guid(69009a6f216bf9845a49bce14e7f42cd) Importer(2089858483,192608db42251d675da83286b1cce702) (ScriptedImporter) -> (artifact id: '3080f1eec965f2b16dd2cff515aa72da') in 0.0377979 seconds
Number of updated asset objects reloaded before import = 0Number of asset objects unloaded after import = 1

========================================================================
Received Import Request.
  Time since last request: 0.000048 seconds.
  path: Assets/OrdosFX/PortalsPackage#2/SceneResourses/Art/Materials/Environment/Rock/RockFloating03_Mat.mat
  artifactKey: Guid(2a8b76488fd1340459de8f96ea4eb868) Importer(2089858483,192608db42251d675da83286b1cce702)
Start importing Assets/OrdosFX/PortalsPackage#2/SceneResourses/Art/Materials/Environment/Rock/RockFloating03_Mat.mat using Guid(2a8b76488fd1340459de8f96ea4eb868) Importer(2089858483,192608db42251d675da83286b1cce702) (ScriptedImporter) -> (artifact id: '6a419525f2e249616875a956a1b67bc2') in 0.1016063 seconds
Number of updated asset objects reloaded before import = 0Number of asset objects unloaded after import = 5

========================================================================
Received Import Request.
  Time since last request: 0.000016 seconds.
  path: Assets/OrdosFX/PortalsPackage#2/SceneResourses/Art/Textures/Environment/Stonework/FloorCircular01_MetallicSmooth.tif
  artifactKey: Guid(2083602c90a377245b06ac1362d430c5) Importer(2089858483,192608db42251d675da83286b1cce702)
Start importing Assets/OrdosFX/PortalsPackage#2/SceneResourses/Art/Textures/Environment/Stonework/FloorCircular01_MetallicSmooth.tif using Guid(2083602c90a377245b06ac1362d430c5) Importer(2089858483,192608db42251d675da83286b1cce702) (ScriptedImporter) -> (artifact id: 'a2f478d985527748d79adb46a57ab777') in 0.0302105 seconds
Number of updated asset objects reloaded before import = 0Number of asset objects unloaded after import = 1

========================================================================
Received Import Request.
  Time since last request: 0.000173 seconds.
  path: Assets/OrdosFX/PortalsPackage#2/SceneResourses/Art/Textures/Environment/Rock/RockFloating01_MetallicSmooth.tif
  artifactKey: Guid(88af86ef5cf59ec4285d8e472cfa571a) Importer(2089858483,192608db42251d675da83286b1cce702)
Start importing Assets/OrdosFX/PortalsPackage#2/SceneResourses/Art/Textures/Environment/Rock/RockFloating01_MetallicSmooth.tif using Guid(88af86ef5cf59ec4285d8e472cfa571a) Importer(2089858483,192608db42251d675da83286b1cce702) (ScriptedImporter) -> (artifact id: 'a4b5dd1f3b27ac41660562b396affaff') in 0.0266109 seconds
Number of updated asset objects reloaded before import = 0Number of asset objects unloaded after import = 1

========================================================================
Received Import Request.
  Time since last request: 0.000036 seconds.
  path: Assets/OrdosFX/PortalsPackage#2/SceneResourses/Art/Textures/Environment/Rock/Monument01_Albedo.tif
  artifactKey: Guid(008a6b98c52009a49999ea04da7a0291) Importer(2089858483,192608db42251d675da83286b1cce702)
Start importing Assets/OrdosFX/PortalsPackage#2/SceneResourses/Art/Textures/Environment/Rock/Monument01_Albedo.tif using Guid(008a6b98c52009a49999ea04da7a0291) Importer(2089858483,192608db42251d675da83286b1cce702) (ScriptedImporter) -> (artifact id: '48040ccb0d2995585fc0c81e3a182ca0') in 0.0832251 seconds
Number of updated asset objects reloaded before import = 0Number of asset objects unloaded after import = 1

========================================================================
Received Import Request.
  Time since last request: 0.000045 seconds.
  path: Assets/OrdosFX/PortalsPackage#2/SceneResourses/Art/Textures/Environment/Ground/Moss_Normal1.tif
  artifactKey: Guid(b5e52e512494f434c88a1675f0e9361d) Importer(2089858483,192608db42251d675da83286b1cce702)
Start importing Assets/OrdosFX/PortalsPackage#2/SceneResourses/Art/Textures/Environment/Ground/Moss_Normal1.tif using Guid(b5e52e512494f434c88a1675f0e9361d) Importer(2089858483,192608db42251d675da83286b1cce702) (ScriptedImporter) -> (artifact id: 'cb90ed747bf9308f88be73b0176af10e') in 0.0691522 seconds
Number of updated asset objects reloaded before import = 0Number of asset objects unloaded after import = 1

========================================================================
Received Import Request.
  Time since last request: 0.000029 seconds.
  path: Assets/OrdosFX/PortalsPackage#2/SceneResourses/Art/Materials/Environment/Stonework/FloorCircular01_Mat.mat
  artifactKey: Guid(8491ec434f8e32f4f9fc6839ffa24121) Importer(2089858483,192608db42251d675da83286b1cce702)
Start importing Assets/OrdosFX/PortalsPackage#2/SceneResourses/Art/Materials/Environment/Stonework/FloorCircular01_Mat.mat using Guid(8491ec434f8e32f4f9fc6839ffa24121) Importer(2089858483,192608db42251d675da83286b1cce702) (ScriptedImporter) -> (artifact id: 'c67dabb518aba45e1702c7438e238716') in 0.3675769 seconds
Number of updated asset objects reloaded before import = 0Number of asset objects unloaded after import = 9

========================================================================
Received Import Request.
  Time since last request: 0.000023 seconds.
  path: Assets/OrdosFX/PortalsPackage#2/SceneResourses/Art/Textures/Environment/Rock/Monument01_Occlusion.tif
  artifactKey: Guid(43cfbc85715a6d443a0ca1cdb47bc9a8) Importer(2089858483,192608db42251d675da83286b1cce702)
Start importing Assets/OrdosFX/PortalsPackage#2/SceneResourses/Art/Textures/Environment/Rock/Monument01_Occlusion.tif using Guid(43cfbc85715a6d443a0ca1cdb47bc9a8) Importer(2089858483,192608db42251d675da83286b1cce702) (ScriptedImporter) -> (artifact id: '0559d323fe67ae524e0e8fb98589c01c') in 0.0206335 seconds
Number of updated asset objects reloaded before import = 0Number of asset objects unloaded after import = 1

========================================================================
Received Import Request.
  Time since last request: 0.000022 seconds.
  path: Assets/GooglePlayGames/Editor/m2repository/com/google/games/gpgs-plugin-support/maven-metadata.xml.sha1
  artifactKey: Guid(aef9afe3cd144aa48aa8158ff6d311a1) Importer(2089858483,192608db42251d675da83286b1cce702)
Start importing Assets/GooglePlayGames/Editor/m2repository/com/google/games/gpgs-plugin-support/maven-metadata.xml.sha1 using Guid(aef9afe3cd144aa48aa8158ff6d311a1) Importer(2089858483,192608db42251d675da83286b1cce702) (ScriptedImporter) -> (artifact id: '2b535d7cfc9ab7856ff9552881a66e2e') in 0.0057468 seconds
Number of updated asset objects reloaded before import = 0Number of asset objects unloaded after import = 1

========================================================================
Received Import Request.
  Time since last request: 0.000034 seconds.
  path: Assets/OrdosFX/PortalsPackage#2/Materials/Portal3/Portal 1.mat
  artifactKey: Guid(c09acdc4d522a3245a0eb3d228d34e9a) Importer(2089858483,192608db42251d675da83286b1cce702)
Start importing Assets/OrdosFX/PortalsPackage#2/Materials/Portal3/Portal 1.mat using Guid(c09acdc4d522a3245a0eb3d228d34e9a) Importer(2089858483,192608db42251d675da83286b1cce702) (ScriptedImporter) -> (artifact id: 'e6e3b748b378a39ff1b2ad35688d15d8') in 0.0509093 seconds
Number of updated asset objects reloaded before import = 0Number of asset objects unloaded after import = 2

========================================================================
Received Import Request.
  Time since last request: 0.000012 seconds.
  path: Assets/Game GUI Vol1/PurpleRock/PNG/Trophy.png
  artifactKey: Guid(6da6a02d4b7c14e9b97f5be021635cf6) Importer(2089858483,192608db42251d675da83286b1cce702)
Start importing Assets/Game GUI Vol1/PurpleRock/PNG/Trophy.png using Guid(6da6a02d4b7c14e9b97f5be021635cf6) Importer(2089858483,192608db42251d675da83286b1cce702) (ScriptedImporter) -> (artifact id: 'eb069e227b51bec351c8c764dbdfc5c8') in 0.0148834 seconds
Number of updated asset objects reloaded before import = 0Number of asset objects unloaded after import = 3

========================================================================
Received Import Request.
  Time since last request: 0.000012 seconds.
  path: Assets/GoogleMobileAds/Platforms/Unity/BaseAdDummyClient.cs
  artifactKey: Guid(7ee1465cf09ee41c3a31d8aea23dc202) Importer(2089858483,192608db42251d675da83286b1cce702)
Start importing Assets/GoogleMobileAds/Platforms/Unity/BaseAdDummyClient.cs using Guid(7ee1465cf09ee41c3a31d8aea23dc202) Importer(2089858483,192608db42251d675da83286b1cce702) (ScriptedImporter) -> (artifact id: 'e36ed8aac019e46b81f955f7bdfd0570') in 0.0135022 seconds
Number of updated asset objects reloaded before import = 0Number of asset objects unloaded after import = 0

========================================================================
Received Import Request.
  Time since last request: 0.000063 seconds.
  path: Assets/OrdosFX/PortalsPackage#2/Materials/Portal8/Ring3.mat
  artifactKey: Guid(6fe081ae195fbe44f83a2137ee0f78b4) Importer(2089858483,192608db42251d675da83286b1cce702)
Start importing Assets/OrdosFX/PortalsPackage#2/Materials/Portal8/Ring3.mat using Guid(6fe081ae195fbe44f83a2137ee0f78b4) Importer(2089858483,192608db42251d675da83286b1cce702) (ScriptedImporter) -> (artifact id: '98bcc6dff8e4199deca598e2d4de4a58') in 0.0148924 seconds
Number of updated asset objects reloaded before import = 0Number of asset objects unloaded after import = 3

========================================================================
Received Import Request.
  Time since last request: 0.000013 seconds.
  path: Assets/OrdosFX/PortalsPackage#2/Materials/Portal6/ColorParticles 4.mat
  artifactKey: Guid(f94b90ffd9a28204cb5f90732436c3af) Importer(2089858483,192608db42251d675da83286b1cce702)
Start importing Assets/OrdosFX/PortalsPackage#2/Materials/Portal6/ColorParticles 4.mat using Guid(f94b90ffd9a28204cb5f90732436c3af) Importer(2089858483,192608db42251d675da83286b1cce702) (ScriptedImporter) -> (artifact id: '7ed42792eb2f53ece8befc18bef89aa2') in 0.0072245 seconds
Number of updated asset objects reloaded before import = 0Number of asset objects unloaded after import = 2

========================================================================
Received Import Request.
  Time since last request: 0.000015 seconds.
  path: Assets/OrdosFX/PortalsPackage#2/SceneResourses/Art/Materials/Environment/Stonework/StairsCircular01_Mat.mat
  artifactKey: Guid(6301438681abcdd4081173f72ff42803) Importer(2089858483,192608db42251d675da83286b1cce702)
Start importing Assets/OrdosFX/PortalsPackage#2/SceneResourses/Art/Materials/Environment/Stonework/StairsCircular01_Mat.mat using Guid(6301438681abcdd4081173f72ff42803) Importer(2089858483,192608db42251d675da83286b1cce702) (ScriptedImporter) -> (artifact id: '182e31699e91fac9de73ea6e958a2c4e') in 0.1948837 seconds
Number of updated asset objects reloaded before import = 0Number of asset objects unloaded after import = 8

========================================================================
Received Import Request.
  Time since last request: 0.000021 seconds.
  path: Assets/OrdosFX/PortalsPackage#2/Prefabs/Portal3.prefab
  artifactKey: Guid(23bcb863c6aa21244a69c737fbb43fc9) Importer(2089858483,192608db42251d675da83286b1cce702)
Start importing Assets/OrdosFX/PortalsPackage#2/Prefabs/Portal3.prefab using Guid(23bcb863c6aa21244a69c737fbb43fc9) Importer(2089858483,192608db42251d675da83286b1cce702) (ScriptedImporter) -> (artifact id: '0dcad2f9a23603cd8858e3d2e544090f') in 0.0267884 seconds
Number of updated asset objects reloaded before import = 0Number of asset objects unloaded after import = 38

========================================================================
Received Import Request.
  Time since last request: 0.000021 seconds.
  path: Assets/GoogleMobileAds/Api/Mediation/MediationExtras.cs
  artifactKey: Guid(0de15b956fe424835a3adc74de6e677d) Importer(2089858483,192608db42251d675da83286b1cce702)
Start importing Assets/GoogleMobileAds/Api/Mediation/MediationExtras.cs using Guid(0de15b956fe424835a3adc74de6e677d) Importer(2089858483,192608db42251d675da83286b1cce702) (ScriptedImporter) -> (artifact id: '2b0bbac656e41dcbf1253fc829f527d1') in 0.0046305 seconds
Number of updated asset objects reloaded before import = 0Number of asset objects unloaded after import = 0

========================================================================
Received Import Request.
  Time since last request: 0.000044 seconds.
  path: Assets/GoogleMobileAds/Editor/Resources/DummyAds/Banners/LARGE_BANNER.prefab
  artifactKey: Guid(2758392ec5c0c413886eaf50350c125e) Importer(2089858483,192608db42251d675da83286b1cce702)
Start importing Assets/GoogleMobileAds/Editor/Resources/DummyAds/Banners/LARGE_BANNER.prefab using Guid(2758392ec5c0c413886eaf50350c125e) Importer(2089858483,192608db42251d675da83286b1cce702) (ScriptedImporter) -> (artifact id: '91bc27e461137b2a9715895b9126e261') in 0.0191147 seconds
Number of updated asset objects reloaded before import = 0Number of asset objects unloaded after import = 13

========================================================================
Received Import Request.
  Time since last request: 0.000012 seconds.
  path: Assets/OrdosFX/PortalsPackage#2/Animation/Position.controller
  artifactKey: Guid(ed51c3e6dd8ef0849896f3f668239e94) Importer(2089858483,192608db42251d675da83286b1cce702)
Start importing Assets/OrdosFX/PortalsPackage#2/Animation/Position.controller using Guid(ed51c3e6dd8ef0849896f3f668239e94) Importer(2089858483,192608db42251d675da83286b1cce702) (ScriptedImporter) -> (artifact id: 'c8cc0881ad46c6f0ea09e56793ebb12c') in 0.0055759 seconds
Number of updated asset objects reloaded before import = 0Number of asset objects unloaded after import = 4

========================================================================
Received Import Request.
  Time since last request: 0.000013 seconds.
  path: Assets/Game GUI Vol1/Playful/PNG/LeftArrow2.png
  artifactKey: Guid(8e30869e26f224b6caa46e456e90f026) Importer(2089858483,192608db42251d675da83286b1cce702)
Start importing Assets/Game GUI Vol1/Playful/PNG/LeftArrow2.png using Guid(8e30869e26f224b6caa46e456e90f026) Importer(2089858483,192608db42251d675da83286b1cce702) (ScriptedImporter) -> (artifact id: '20bc7c76df6dc0ae06e689bd627ea318') in 0.0134509 seconds
Number of updated asset objects reloaded before import = 0Number of asset objects unloaded after import = 3

========================================================================
Received Import Request.
  Time since last request: 0.000013 seconds.
  path: Assets/GooglePlayGames/Editor/m2repository/com/google/games/gpgs-plugin-support/maven-metadata.xml
  artifactKey: Guid(7525c4a0837fd5871900e12feb9c7fa1) Importer(2089858483,192608db42251d675da83286b1cce702)
Start importing Assets/GooglePlayGames/Editor/m2repository/com/google/games/gpgs-plugin-support/maven-metadata.xml using Guid(7525c4a0837fd5871900e12feb9c7fa1) Importer(2089858483,192608db42251d675da83286b1cce702) (ScriptedImporter) -> (artifact id: 'e616b1fd5c7a1fa136e59ca05a0226b0') in 0.0054844 seconds
Number of updated asset objects reloaded before import = 0Number of asset objects unloaded after import = 1

========================================================================
Received Import Request.
  Time since last request: 0.000136 seconds.
  path: Assets/Game GUI Vol1/WoodenBlocks/PNG/Forward.png
  artifactKey: Guid(b4d4b6ba6b700437281965634850cd98) Importer(2089858483,192608db42251d675da83286b1cce702)
Start importing Assets/Game GUI Vol1/WoodenBlocks/PNG/Forward.png using Guid(b4d4b6ba6b700437281965634850cd98) Importer(2089858483,192608db42251d675da83286b1cce702) (ScriptedImporter) -> (artifact id: '720671c06072f9fdaee5be3457ac085e') in 0.0125472 seconds
Number of updated asset objects reloaded before import = 0Number of asset objects unloaded after import = 3

========================================================================
Received Import Request.
  Time since last request: 0.000012 seconds.
  path: Assets/Test game/Materials/Texture/Enemy Cross.png
  artifactKey: Guid(56bf0c37fa530a84980f34eb03fecc88) Importer(2089858483,192608db42251d675da83286b1cce702)
Start importing Assets/Test game/Materials/Texture/Enemy Cross.png using Guid(56bf0c37fa530a84980f34eb03fecc88) Importer(2089858483,192608db42251d675da83286b1cce702) (ScriptedImporter) -> (artifact id: '7817d04f6071dd1e6e2e558775949fae') in 0.0156826 seconds
Number of updated asset objects reloaded before import = 0Number of asset objects unloaded after import = 1

========================================================================
Received Import Request.
  Time since last request: 0.000028 seconds.
  path: Assets/OrdosFX/PortalsPackage#2/Materials/Portal8/Arrow2.mat
  artifactKey: Guid(9edaf30e890502b479387d67532b9ca6) Importer(2089858483,192608db42251d675da83286b1cce702)
Start importing Assets/OrdosFX/PortalsPackage#2/Materials/Portal8/Arrow2.mat using Guid(9edaf30e890502b479387d67532b9ca6) Importer(2089858483,192608db42251d675da83286b1cce702) (ScriptedImporter) -> (artifact id: '98ab6113ed2ed3fa32522661c5930c57') in 0.0256803 seconds
Number of updated asset objects reloaded before import = 0Number of asset objects unloaded after import = 3

========================================================================
Received Import Request.
  Time since last request: 0.000015 seconds.
  path: Assets/Unity Utility/Dialog/Script/DialogTypeEnum.cs
  artifactKey: Guid(1fb88ff04a42a41a1bd2236da90e31b2) Importer(2089858483,192608db42251d675da83286b1cce702)
Start importing Assets/Unity Utility/Dialog/Script/DialogTypeEnum.cs using Guid(1fb88ff04a42a41a1bd2236da90e31b2) Importer(2089858483,192608db42251d675da83286b1cce702) (ScriptedImporter) -> (artifact id: 'cdd8ce5bbd4762c8a23426cea77e53bc') in 0.0047535 seconds
Number of updated asset objects reloaded before import = 0Number of asset objects unloaded after import = 0

========================================================================
Received Import Request.
  Time since last request: 0.000058 seconds.
  path: Assets/Test game/Materials/Texture/Piller 2.png
  artifactKey: Guid(f75cf641a8753564988edf800f944ded) Importer(2089858483,192608db42251d675da83286b1cce702)
Start importing Assets/Test game/Materials/Texture/Piller 2.png using Guid(f75cf641a8753564988edf800f944ded) Importer(2089858483,192608db42251d675da83286b1cce702) (ScriptedImporter) -> (artifact id: '5840015b65bbf22355f90eef1ab430c8') in 0.0103968 seconds
Number of updated asset objects reloaded before import = 0Number of asset objects unloaded after import = 1

========================================================================
Received Import Request.
  Time since last request: 0.000034 seconds.
  path: Assets/Test game/Scripts/Utility/GameTagEnum.cs
  artifactKey: Guid(b1ca45576a08a2441b3b4d1f82b8c341) Importer(2089858483,192608db42251d675da83286b1cce702)
Start importing Assets/Test game/Scripts/Utility/GameTagEnum.cs using Guid(b1ca45576a08a2441b3b4d1f82b8c341) Importer(2089858483,192608db42251d675da83286b1cce702) (ScriptedImporter) -> (artifact id: '6a476bc3e1dc5677b4237ca19376dc01') in 0.0038755 seconds
Number of updated asset objects reloaded before import = 0Number of asset objects unloaded after import = 0

========================================================================
Received Import Request.
  Time since last request: 0.000044 seconds.
  path: Assets/Unity Utility/Collision/Script/CollisionHandler.cs
  artifactKey: Guid(4d00cbaa81604214ba50faddc24739b6) Importer(2089858483,192608db42251d675da83286b1cce702)
Start importing Assets/Unity Utility/Collision/Script/CollisionHandler.cs using Guid(4d00cbaa81604214ba50faddc24739b6) Importer(2089858483,192608db42251d675da83286b1cce702) (ScriptedImporter) -> (artifact id: '0e812205f8bffc155a315ffc472a364f') in 0.0056942 seconds
Number of updated asset objects reloaded before import = 0Number of asset objects unloaded after import = 0

========================================================================
Received Import Request.
  Time since last request: 0.000061 seconds.
  path: Assets/Test game/Prefab/Enemy Break Explosion.prefab
  artifactKey: Guid(fabeab1f9e2d69c45afb3ef3a7f3ccd1) Importer(2089858483,192608db42251d675da83286b1cce702)
Start importing Assets/Test game/Prefab/Enemy Break Explosion.prefab using Guid(fabeab1f9e2d69c45afb3ef3a7f3ccd1) Importer(2089858483,192608db42251d675da83286b1cce702) (ScriptedImporter) -> (artifact id: 'fff5635de3145078087ebd7352f614fb') in 0.0345962 seconds
Number of updated asset objects reloaded before import = 0Number of asset objects unloaded after import = 6

========================================================================
Received Import Request.
  Time since last request: 0.000013 seconds.
  path: Assets/Game GUI Vol1/PurpleRock/PNG/Info.png
  artifactKey: Guid(8c0ed55b3632045a293808cf3776c91d) Importer(2089858483,192608db42251d675da83286b1cce702)
Start importing Assets/Game GUI Vol1/PurpleRock/PNG/Info.png using Guid(8c0ed55b3632045a293808cf3776c91d) Importer(2089858483,192608db42251d675da83286b1cce702) (ScriptedImporter) -> (artifact id: '7a53672cdfe8970bacde1b88ded4c668') in 0.0133558 seconds
Number of updated asset objects reloaded before import = 0Number of asset objects unloaded after import = 3

========================================================================
Received Import Request.
  Time since last request: 0.000016 seconds.
  path: Assets/Test game/Fonts/Roboto-Medium.ttf
  artifactKey: Guid(6241ecbe561b53d49a3044af4d4af290) Importer(2089858483,192608db42251d675da83286b1cce702)
Start importing Assets/Test game/Fonts/Roboto-Medium.ttf using Guid(6241ecbe561b53d49a3044af4d4af290) Importer(2089858483,192608db42251d675da83286b1cce702) (ScriptedImporter) -> (artifact id: '1c96e7b5024ed02291873716e43b80b7') in 0.0084219 seconds
Number of updated asset objects reloaded before import = 0Number of asset objects unloaded after import = 3

========================================================================
Received Import Request.
  Time since last request: 0.000015 seconds.
  path: Assets/SimpleFX/Prefabs/FX_TireSmoke.prefab
  artifactKey: Guid(d7bf18dd20422304ea868e95c3518f19) Importer(2089858483,192608db42251d675da83286b1cce702)
Start importing Assets/SimpleFX/Prefabs/FX_TireSmoke.prefab using Guid(d7bf18dd20422304ea868e95c3518f19) Importer(2089858483,192608db42251d675da83286b1cce702) (ScriptedImporter) -> (artifact id: 'e0983e57abeaeeb591c2de9cb2a88474') in 0.0354852 seconds
Number of updated asset objects reloaded before import = 0Number of asset objects unloaded after import = 6

Editor requested this worker to shutdown with reason: Scaling down because of idle timeout
AssetImportWorker is now disconnected from the server
Process exiting
Exiting without the bug reporter. Application will terminate with return code 0